{
  "segments": [
    {
      "start": 0.389,
      "end": 6.816,
      "text": " CNN has decided not to run a Donald Trump-endorsed campaign ad after the network decided it does not meet their standards.",
      "words": [
        {
          "word": "CNN",
          "start": 0.389,
          "end": 0.77,
          "score": 0.53,
          "speaker": "SPEAKER_00"
        },
        {
          "word": "has",
          "start": 0.81,
          "end": 0.93,
          "score": 0.885,
          "speaker": "SPEAKER_00"
        },
        {
          "word": "decided",
          "start": 0.97,
          "end": 1.43,
          "score": 0.853,
          "speaker": "SPEAKER_00"
        },
        {
          "word": "not",
          "start": 1.49,
          "end": 1.691,
          "score": 0.66,
          "speaker": "SPEAKER_00"
        },
        {
          "word": "to",
          "start": 1.711,
          "end": 1.811,
          "score": 0.657,
          "speaker": "SPEAKER_00"
        },
        {
          "word": "run",
          "start": 1.871,
          "end": 2.071,
          "score": 0.81,
          "speaker": "SPEAKER_00"
        },
        {
          "word": "a",
          "start": 2.131,
          "end": 2.151,
          "score": 0.997,
          "speaker": "SPEAKER_00"
        },
        {
          "word": "Donald",
          "start": 2.191,
          "end": 2.511,
          "score": 0.873,
          "speaker": "SPEAKER_00"
        },
        {
          "word": "Trump-endorsed",
          "start": 2.552,
          "end": 3.172,
          "score": 0.712,
          "speaker": "SPEAKER_00"
        },
        {
          "word": "campaign",
          "start": 3.192,
          "end": 3.733,
          "score": 0.786,
          "speaker": "SPEAKER_00"
        },
        {
          "word": "ad",
          "start": 3.853,
          "end": 4.013,
          "score": 0.862,
          "speaker": "SPEAKER_00"
        },
        {
          "word": "after",
          "start": 4.193,
          "end": 4.373,
          "score": 0.897,
          "speaker": "SPEAKER_00"
        },
        {
          "word": "the",
          "start": 4.413,
          "end": 4.493,
          "score": 0.833,
          "speaker": "SPEAKER_00"
        },
        {
          "word": "network",
          "start": 4.533,
          "end": 4.794,
          "score": 0.988,
          "speaker": "SPEAKER_00"
        },
        {
          "word": "decided",
          "start": 4.834,
          "end": 5.294,
          "score": 0.899,
          "speaker": "SPEAKER_00"
        },
        {
          "word": "it",
          "start": 5.394,
          "end": 5.454,
          "score": 0.968,
          "speaker": "SPEAKER_00"
        },
        {
          "word": "does",
          "start": 5.494,
          "end": 5.655,
          "score": 0.751,
          "speaker": "SPEAKER_00"
        },
        {
          "word": "not",
          "start": 5.715,
          "end": 5.895,
          "score": 0.933,
          "speaker": "SPEAKER_00"
        },
        {
          "word": "meet",
          "start": 5.935,
          "end": 6.095,
          "score": 0.794,
          "speaker": "SPEAKER_00"
        },
        {
          "word": "their",
          "start": 6.115,
          "end": 6.275,
          "score": 0.872,
          "speaker": "SPEAKER_00"
        },
        {
          "word": "standards.",
          "start": 6.315,
          "end": 6.816,
          "score": 0.973,
          "speaker": "SPEAKER_00"
        }
      ],
      "speaker": "SPEAKER_00"
    },
    {
      "start": 8.817,
      "end": 22.399,
      "text": " The 30-second advertisement paid for by Trump's campaign targeted Joe Biden's conduct toward Ukraine while he served as vice president, while also referring to CNN personalities Don Lemon, Chris Cuomo and Jim Acosta as media lapdogs.",
      "words": [
        {
          "word": "The",
          "start": 8.817,
          "end": 9.057,
          "score": 0.742,
          "speaker": "SPEAKER_00"
        },
        {
          "word": "30-second",
          "start": 9.077,
          "end": 9.357,
          "score": 0.801,
          "speaker": "SPEAKER_00"
        },
        {
          "word": "advertisement",
          "start": 9.437,
          "end": 10.077,
          "score": 0.861,
          "speaker": "SPEAKER_00"
        },
        {
          "word": "paid",
          "start": 10.117,
          "end": 10.357,
          "score": 0.869,
          "speaker": "SPEAKER_00"
        },
        {
          "word": "for",
          "start": 10.397,
          "end": 10.577,
          "score": 0.781,
          "speaker": "SPEAKER_00"
        },
        {
          "word": "by",
          "start": 10.617,
          "end": 10.717,
          "score": 0.757,
          "speaker": "SPEAKER_00"
        },
        {
          "word": "Trump's",
          "start": 10.777,
          "end": 11.057,
          "score": 0.741,
          "speaker": "SPEAKER_00"
        },
        {
          "word": "campaign",
          "start": 11.097,
          "end": 11.678,
          "score": 0.862,
          "speaker": "SPEAKER_00"
        },
        {
          "word": "targeted",
          "start": 11.818,
          "end": 12.258,
          "score": 0.828,
          "speaker": "SPEAKER_00"
        },
        {
          "word": "Joe",
          "start": 12.298,
          "end": 12.458,
          "score": 0.67,
          "speaker": "SPEAKER_00"
        },
        {
          "word": "Biden's",
          "start": 12.518,
          "end": 12.878,
          "score": 0.736,
          "speaker": "SPEAKER_00"
        },
        {
          "word": "conduct",
          "start": 12.938,
          "end": 13.358,
          "score": 0.856,
          "speaker": "SPEAKER_00"
        },
        {
          "word": "toward",
          "start": 13.398,
          "end": 13.638,
          "score": 0.796,
          "speaker": "SPEAKER_00"
        },
        {
          "word": "Ukraine",
          "start": 13.738,
          "end": 14.158,
          "score": 0.781,
          "speaker": "SPEAKER_00"
        },
        {
          "word": "while",
          "start": 14.378,
          "end": 14.518,
          "score": 0.811,
          "speaker": "SPEAKER_00"
        },
        {
          "word": "he",
          "start": 14.558,
          "end": 14.638,
          "score": 0.776,
          "speaker": "SPEAKER_00"
        },
        {
          "word": "served",
          "start": 14.698,
          "end": 14.998,
          "score": 0.723,
          "speaker": "SPEAKER_00"
        },
        {
          "word": "as",
          "start": 15.078,
          "end": 15.158,
          "score": 0.502,
          "speaker": "SPEAKER_00"
        },
        {
          "word": "vice",
          "start": 15.198,
          "end": 15.418,
          "score": 0.878,
          "speaker": "SPEAKER_00"
        },
        {
          "word": "president,",
          "start": 15.498,
          "end": 15.898,
          "score": 0.78,
          "speaker": "SPEAKER_00"
        },
        {
          "word": "while",
          "start": 16.118,
          "end": 16.278,
          "score": 0.854,
          "speaker": "SPEAKER_00"
        },
        {
          "word": "also",
          "start": 16.338,
          "end": 16.598,
          "score": 0.772,
          "speaker": "SPEAKER_00"
        },
        {
          "word": "referring",
          "start": 16.658,
          "end": 17.038,
          "score": 0.855,
          "speaker": "SPEAKER_00"
        },
        {
          "word": "to",
          "start": 17.078,
          "end": 17.138,
          "score": 0.947,
          "speaker": "SPEAKER_00"
        },
        {
          "word": "CNN",
          "start": 17.178,
          "end": 17.579,
          "score": 0.641,
          "speaker": "SPEAKER_00"
        },
        {
          "word": "personalities",
          "start": 17.599,
          "end": 18.279,
          "score": 0.824,
          "speaker": "SPEAKER_00"
        },
        {
          "word": "Don",
          "start": 18.379,
          "end": 18.599,
          "score": 0.926,
          "speaker": "SPEAKER_00"
        },
        {
          "word": "Lemon,",
          "start": 18.639,
          "end": 18.959,
          "score": 0.914,
          "speaker": "SPEAKER_00"
        },
        {
          "word": "Chris",
          "start": 19.259,
          "end": 19.499,
          "score": 0.872,
          "speaker": "SPEAKER_00"
        },
        {
          "word": "Cuomo",
          "start": 19.539,
          "end": 19.959,
          "score": 0.722,
          "speaker": "SPEAKER_00"
        },
        {
          "word": "and",
          "start": 20.299,
          "end": 20.419,
          "score": 0.875,
          "speaker": "SPEAKER_00"
        },
        {
          "word": "Jim",
          "start": 20.459,
          "end": 20.619,
          "score": 0.83,
          "speaker": "SPEAKER_00"
        },
        {
          "word": "Acosta",
          "start": 20.659,
          "end": 21.179,
          "score": 0.924,
          "speaker": "SPEAKER_00"
        },
        {
          "word": "as",
          "start": 21.279,
          "end": 21.359,
          "score": 0.74,
          "speaker": "SPEAKER_00"
        },
        {
          "word": "media",
          "start": 21.439,
          "end": 21.779,
          "score": 0.885,
          "speaker": "SPEAKER_00"
        },
        {
          "word": "lapdogs.",
          "start": 21.819,
          "end": 22.399,
          "score": 0.913,
          "speaker": "SPEAKER_00"
        }
      ],
      "speaker": "SPEAKER_00"
    },
    {
      "start": 22.94,
      "end": 36.702,
      "text": "A CNN spokesperson spoke to THR saying the ad does not meet the network's advertising standards, adding, In addition to disparaging CNN and its journalists, the ad makes assertions that have been proven demonstrably false by various news outlets including CNN.",
      "words": [
        {
          "word": "A",
          "start": 22.94,
          "end": 22.96,
          "score": 0.743,
          "speaker": "SPEAKER_00"
        },
        {
          "word": "CNN",
          "start": 23.0,
          "end": 23.36,
          "score": 0.703,
          "speaker": "SPEAKER_00"
        },
        {
          "word": "spokesperson",
          "start": 23.38,
          "end": 24.04,
          "score": 0.849,
          "speaker": "SPEAKER_00"
        },
        {
          "word": "spoke",
          "start": 24.08,
          "end": 24.34,
          "score": 0.901,
          "speaker": "SPEAKER_00"
        },
        {
          "word": "to",
          "start": 24.36,
          "end": 24.44,
          "score": 0.72,
          "speaker": "SPEAKER_00"
        },
        {
          "word": "THR",
          "start": 24.48,
          "end": 25.02,
          "score": 0.599,
          "speaker": "SPEAKER_00"
        },
        {
          "word": "saying",
          "start": 25.1,
          "end": 25.32,
          "score": 0.843,
          "speaker": "SPEAKER_00"
        },
        {
          "word": "the",
          "start": 25.36,
          "end": 25.46,
          "score": 0.931,
          "speaker": "SPEAKER_00"
        },
        {
          "word": "ad",
          "start": 25.6,
          "end": 25.76,
          "score": 0.696,
          "speaker": "SPEAKER_00"
        },
        {
          "word": "does",
          "start": 25.78,
          "end": 25.96,
          "score": 0.72,
          "speaker": "SPEAKER_00"
        },
        {
          "word": "not",
          "start": 26.04,
          "end": 26.2,
          "score": 0.885,
          "speaker": "SPEAKER_00"
        },
        {
          "word": "meet",
          "start": 26.24,
          "end": 26.38,
          "score": 0.976,
          "speaker": "SPEAKER_00"
        },
        {
          "word": "the",
          "start": 26.4,
          "end": 26.48,
          "score": 0.838,
          "speaker": "SPEAKER_00"
        },
        {
          "word": "network's",
          "start": 26.52,
          "end": 26.88,
          "score": 0.846,
          "speaker": "SPEAKER_00"
        },
        {
          "word": "advertising",
          "start": 26.98,
          "end": 27.5,
          "score": 0.87,
          "speaker": "SPEAKER_00"
        },
        {
          "word": "standards,",
          "start": 27.56,
          "end": 28.08,
          "score": 0.805,
          "speaker": "SPEAKER_00"
        },
        {
          "word": "adding,",
          "start": 28.24,
          "end": 28.5,
          "score": 0.864,
          "speaker": "SPEAKER_00"
        },
        {
          "word": "In",
          "start": 28.861,
          "end": 28.921,
          "score": 0.893,
          "speaker": "SPEAKER_00"
        },
        {
          "word": "addition",
          "start": 28.961,
          "end": 29.261,
          "score": 0.839,
          "speaker": "SPEAKER_00"
        },
        {
          "word": "to",
          "start": 29.301,
          "end": 29.381,
          "score": 0.75,
          "speaker": "SPEAKER_00"
        },
        {
          "word": "disparaging",
          "start": 29.421,
          "end": 30.001,
          "score": 0.843,
          "speaker": "SPEAKER_00"
        },
        {
          "word": "CNN",
          "start": 30.041,
          "end": 30.481,
          "score": 0.719,
          "speaker": "SPEAKER_00"
        },
        {
          "word": "and",
          "start": 30.601,
          "end": 30.701,
          "score": 0.783,
          "speaker": "SPEAKER_00"
        },
        {
          "word": "its",
          "start": 30.741,
          "end": 30.861,
          "score": 0.663,
          "speaker": "SPEAKER_00"
        },
        {
          "word": "journalists,",
          "start": 30.901,
          "end": 31.361,
          "score": 0.886,
          "speaker": "SPEAKER_00"
        },
        {
          "word": "the",
          "start": 31.581,
          "end": 31.701,
          "score": 0.702,
          "speaker": "SPEAKER_00"
        },
        {
          "word": "ad",
          "start": 31.801,
          "end": 31.941,
          "score": 0.892,
          "speaker": "SPEAKER_00"
        },
        {
          "word": "makes",
          "start": 31.961,
          "end": 32.141,
          "score": 0.854,
          "speaker": "SPEAKER_00"
        },
        {
          "word": "assertions",
          "start": 32.201,
          "end": 32.641,
          "score": 0.953,
          "speaker": "SPEAKER_00"
        },
        {
          "word": "that",
          "start": 32.681,
          "end": 32.781,
          "score": 0.888,
          "speaker": "SPEAKER_00"
        },
        {
          "word": "have",
          "start": 32.801,
          "end": 32.881,
          "score": 0.916,
          "speaker": "SPEAKER_00"
        },
        {
          "word": "been",
          "start": 32.901,
          "end": 33.021,
          "score": 0.889,
          "speaker": "SPEAKER_00"
        },
        {
          "word": "proven",
          "start": 33.081,
          "end": 33.401,
          "score": 0.785,
          "speaker": "SPEAKER_00"
        },
        {
          "word": "demonstrably",
          "start": 33.461,
          "end": 34.141,
          "score": 0.807,
          "speaker": "SPEAKER_00"
        },
        {
          "word": "false",
          "start": 34.222,
          "end": 34.502,
          "score": 0.845,
          "speaker": "SPEAKER_00"
        },
        {
          "word": "by",
          "start": 34.562,
          "end": 34.682,
          "score": 0.756,
          "speaker": "SPEAKER_00"
        },
        {
          "word": "various",
          "start": 34.742,
          "end": 35.122,
          "score": 0.795,
          "speaker": "SPEAKER_00"
        },
        {
          "word": "news",
          "start": 35.182,
          "end": 35.342,
          "score": 0.962,
          "speaker": "SPEAKER_00"
        },
        {
          "word": "outlets",
          "start": 35.442,
          "end": 35.742,
          "score": 0.955,
          "speaker": "SPEAKER_00"
        },
        {
          "word": "including",
          "start": 35.982,
          "end": 36.402,
          "score": 0.858,
          "speaker": "SPEAKER_00"
        },
        {
          "word": "CNN.",
          "start": 36.442,
          "end": 36.702,
          "score": 0.704,
          "speaker": "SPEAKER_00"
        }
      ],
      "speaker": "SPEAKER_00"
    },
    {
      "start": 37.142,
      "end": 48.407,
      "text": " However, despite CNN's rejection, the president posted the advertisement onto his Twitter page last week along with the caption, Now this is not the first time CNN has rejected a Trump campaign ad.",
      "words": [
        {
          "word": "However,",
          "start": 37.142,
          "end": 37.422,
          "score": 0.767,
          "speaker": "SPEAKER_00"
        },
        {
          "word": "despite",
          "start": 37.462,
          "end": 37.842,
          "score": 0.963,
          "speaker": "SPEAKER_00"
        },
        {
          "word": "CNN's",
          "start": 37.862,
          "end": 38.243,
          "score": 0.612,
          "speaker": "SPEAKER_00"
        },
        {
          "word": "rejection,",
          "start": 38.263,
          "end": 38.823,
          "score": 0.85,
          "speaker": "SPEAKER_00"
        },
        {
          "word": "the",
          "start": 38.863,
          "end": 38.943,
          "score": 0.832,
          "speaker": "SPEAKER_00"
        },
        {
          "word": "president",
          "start": 38.983,
          "end": 39.323,
          "score": 0.833,
          "speaker": "SPEAKER_00"
        },
        {
          "word": "posted",
          "start": 39.383,
          "end": 39.743,
          "score": 0.593,
          "speaker": "SPEAKER_00"
        },
        {
          "word": "the",
          "start": 39.763,
          "end": 39.843,
          "score": 0.823,
          "speaker": "SPEAKER_00"
        },
        {
          "word": "advertisement",
          "start": 39.903,
          "end": 40.504,
          "score": 0.886,
          "speaker": "SPEAKER_00"
        },
        {
          "word": "onto",
          "start": 40.584,
          "end": 40.744,
          "score": 0.893,
          "speaker": "SPEAKER_00"
        },
        {
          "word": "his",
          "start": 40.784,
          "end": 40.864,
          "score": 0.65,
          "speaker": "SPEAKER_00"
        },
        {
          "word": "Twitter",
          "start": 40.924,
          "end": 41.204,
          "score": 0.803,
          "speaker": "SPEAKER_00"
        },
        {
          "word": "page",
          "start": 41.224,
          "end": 41.564,
          "score": 0.176,
          "speaker": "SPEAKER_00"
        },
        {
          "word": "last",
          "start": 41.604,
          "end": 41.824,
          "score": 0.788,
          "speaker": "SPEAKER_00"
        },
        {
          "word": "week",
          "start": 41.904,
          "end": 42.104,
          "score": 0.909,
          "speaker": "SPEAKER_00"
        },
        {
          "word": "along",
          "start": 42.405,
          "end": 42.605,
          "score": 0.899,
          "speaker": "SPEAKER_00"
        },
        {
          "word": "with",
          "start": 42.625,
          "end": 42.725,
          "score": 0.871,
          "speaker": "SPEAKER_00"
        },
        {
          "word": "the",
          "start": 42.745,
          "end": 42.805,
          "score": 0.952,
          "speaker": "SPEAKER_00"
        },
        {
          "word": "caption,",
          "start": 42.845,
          "end": 44.105,
          "score": 0.567,
          "speaker": "SPEAKER_00"
        },
        {
          "word": "Now",
          "start": 44.846,
          "end": 44.946,
          "score": 0.955,
          "speaker": "SPEAKER_00"
        },
        {
          "word": "this",
          "start": 44.966,
          "end": 45.106,
          "score": 0.776,
          "speaker": "SPEAKER_00"
        },
        {
          "word": "is",
          "start": 45.166,
          "end": 45.226,
          "score": 0.936,
          "speaker": "SPEAKER_00"
        },
        {
          "word": "not",
          "start": 45.306,
          "end": 45.486,
          "score": 0.666,
          "speaker": "SPEAKER_00"
        },
        {
          "word": "the",
          "start": 45.546,
          "end": 45.646,
          "score": 0.797,
          "speaker": "SPEAKER_00"
        },
        {
          "word": "first",
          "start": 45.686,
          "end": 45.886,
          "score": 0.769,
          "speaker": "SPEAKER_00"
        },
        {
          "word": "time",
          "start": 45.926,
          "end": 46.086,
          "score": 0.86,
          "speaker": "SPEAKER_00"
        },
        {
          "word": "CNN",
          "start": 46.146,
          "end": 46.486,
          "score": 0.547,
          "speaker": "SPEAKER_00"
        },
        {
          "word": "has",
          "start": 46.506,
          "end": 46.626,
          "score": 0.884,
          "speaker": "SPEAKER_00"
        },
        {
          "word": "rejected",
          "start": 46.667,
          "end": 47.167,
          "score": 0.853,
          "speaker": "SPEAKER_00"
        },
        {
          "word": "a",
          "start": 47.187,
          "end": 47.207,
          "score": 0.0,
          "speaker": "SPEAKER_00"
        },
        {
          "word": "Trump",
          "start": 47.327,
          "end": 47.607,
          "score": 0.921,
          "speaker": "SPEAKER_00"
        },
        {
          "word": "campaign",
          "start": 47.647,
          "end": 48.127,
          "score": 0.803,
          "speaker": "SPEAKER_00"
        },
        {
          "word": "ad.",
          "start": 48.247,
          "end": 48.407,
          "score": 0.712,
          "speaker": "SPEAKER_00"
        }
      ],
      "speaker": "SPEAKER_00"
    },
    {
      "start": 48.707,
      "end": 58.612,
      "text": "Back in 2017, the network refused to run a Trump-approved ad called, Which criticized the media and specifically called out Lemon as well as Anderson Cooper.",
      "words": [
        {
          "word": "Back",
          "start": 48.707,
          "end": 48.848,
          "score": 0.984,
          "speaker": "SPEAKER_00"
        },
        {
          "word": "in",
          "start": 48.888,
          "end": 49.208,
          "score": 0.414,
          "speaker": "SPEAKER_00"
        },
        {
          "word": "2017,"
        },
        {
          "word": "the",
          "start": 49.728,
          "end": 49.788,
          "score": 0.966,
          "speaker": "SPEAKER_00"
        },
        {
          "word": "network",
          "start": 49.828,
          "end": 50.088,
          "score": 0.774,
          "speaker": "SPEAKER_00"
        },
        {
          "word": "refused",
          "start": 50.148,
          "end": 50.548,
          "score": 0.735,
          "speaker": "SPEAKER_00"
        },
        {
          "word": "to",
          "start": 50.588,
          "end": 50.668,
          "score": 0.682,
          "speaker": "SPEAKER_00"
        },
        {
          "word": "run",
          "start": 50.708,
          "end": 50.868,
          "score": 0.778,
          "speaker": "SPEAKER_00"
        },
        {
          "word": "a",
          "start": 50.908,
          "end": 50.949,
          "score": 0.481,
          "speaker": "SPEAKER_00"
        },
        {
          "word": "Trump-approved",
          "start": 50.989,
          "end": 51.609,
          "score": 0.685,
          "speaker": "SPEAKER_00"
        },
        {
          "word": "ad",
          "start": 51.789,
          "end": 51.949,
          "score": 0.796,
          "speaker": "SPEAKER_00"
        },
        {
          "word": "called,",
          "start": 52.029,
          "end": 54.19,
          "score": 0.726,
          "speaker": "SPEAKER_00"
        },
        {
          "word": "Which",
          "start": 54.45,
          "end": 54.61,
          "score": 0.783,
          "speaker": "SPEAKER_00"
        },
        {
          "word": "criticized",
          "start": 54.67,
          "end": 55.09,
          "score": 0.796,
          "speaker": "SPEAKER_00"
        },
        {
          "word": "the",
          "start": 55.13,
          "end": 55.19,
          "score": 0.875,
          "speaker": "SPEAKER_00"
        },
        {
          "word": "media",
          "start": 55.231,
          "end": 55.571,
          "score": 0.914,
          "speaker": "SPEAKER_00"
        },
        {
          "word": "and",
          "start": 55.671,
          "end": 55.811,
          "score": 0.765,
          "speaker": "SPEAKER_00"
        },
        {
          "word": "specifically",
          "start": 55.831,
          "end": 56.451,
          "score": 0.835,
          "speaker": "SPEAKER_00"
        },
        {
          "word": "called",
          "start": 56.511,
          "end": 56.751,
          "score": 0.916,
          "speaker": "SPEAKER_00"
        },
        {
          "word": "out",
          "start": 56.791,
          "end": 56.891,
          "score": 0.957,
          "speaker": "SPEAKER_00"
        },
        {
          "word": "Lemon",
          "start": 56.951,
          "end": 57.271,
          "score": 0.887,
          "speaker": "SPEAKER_00"
        },
        {
          "word": "as",
          "start": 57.392,
          "end": 57.472,
          "score": 0.68,
          "speaker": "SPEAKER_00"
        },
        {
          "word": "well",
          "start": 57.492,
          "end": 57.652,
          "score": 0.904,
          "speaker": "SPEAKER_00"
        },
        {
          "word": "as",
          "start": 57.692,
          "end": 57.752,
          "score": 0.749,
          "speaker": "SPEAKER_00"
        },
        {
          "word": "Anderson",
          "start": 57.772,
          "end": 58.172,
          "score": 0.742,
          "speaker": "SPEAKER_00"
        },
        {
          "word": "Cooper.",
          "start": 58.212,
          "end": 58.612,
          "score": 0.864,
          "speaker": "SPEAKER_00"
        }
      ],
      "speaker": "SPEAKER_00"
    },
    {
      "start": 59.052,
      "end": 64.175,
      "text": "To stay up to date on this story, head to THR.com and until next time, for The Hollywood Reporter News, I'm Neha Joy.",
      "words": [
        {
          "word": "To",
          "start": 59.052,
          "end": 59.132,
          "score": 0.853,
          "speaker": "SPEAKER_00"
        },
        {
          "word": "stay",
          "start": 59.172,
          "end": 59.312,
          "score": 0.935,
          "speaker": "SPEAKER_00"
        },
        {
          "word": "up",
          "start": 59.352,
          "end": 59.412,
          "score": 0.654,
          "speaker": "SPEAKER_00"
        },
        {
          "word": "to",
          "start": 59.452,
          "end": 59.492,
          "score": 0.968,
          "speaker": "SPEAKER_00"
        },
        {
          "word": "date",
          "start": 59.533,
          "end": 59.693,
          "score": 0.916,
          "speaker": "SPEAKER_00"
        },
        {
          "word": "on",
          "start": 59.733,
          "end": 59.793,
          "score": 0.964,
          "speaker": "SPEAKER_00"
        },
        {
          "word": "this",
          "start": 59.833,
          "end": 59.933,
          "score": 0.662,
          "speaker": "SPEAKER_00"
        },
        {
          "word": "story,",
          "start": 59.973,
          "end": 60.293,
          "score": 0.94,
          "speaker": "SPEAKER_00"
        },
        {
          "word": "head",
          "start": 60.313,
          "end": 60.393,
          "score": 0.053,
          "speaker": "SPEAKER_00"
        },
        {
          "word": "to",
          "start": 60.433,
          "end": 60.513,
          "score": 0.842,
          "speaker": "SPEAKER_00"
        },
        {
          "word": "THR.com",
          "start": 60.573,
          "end": 61.734,
          "score": 0.792,
          "speaker": "SPEAKER_00"
        },
        {
          "word": "and",
          "start": 61.794,
          "end": 61.874,
          "score": 0.835,
          "speaker": "SPEAKER_00"
        },
        {
          "word": "until",
          "start": 61.914,
          "end": 62.174,
          "score": 0.74,
          "speaker": "SPEAKER_00"
        },
        {
          "word": "next",
          "start": 62.194,
          "end": 62.354,
          "score": 0.824,
          "speaker": "SPEAKER_00"
        },
        {
          "word": "time,",
          "start": 62.394,
          "end": 62.554,
          "score": 0.96,
          "speaker": "SPEAKER_00"
        },
        {
          "word": "for",
          "start": 62.574,
          "end": 62.634,
          "score": 0.004,
          "speaker": "SPEAKER_00"
        },
        {
          "word": "The",
          "start": 62.654,
          "end": 62.714,
          "score": 0.936,
          "speaker": "SPEAKER_00"
        },
        {
          "word": "Hollywood",
          "start": 62.754,
          "end": 63.034,
          "score": 0.64,
          "speaker": "SPEAKER_00"
        },
        {
          "word": "Reporter",
          "start": 63.074,
          "end": 63.414,
          "score": 0.9,
          "speaker": "SPEAKER_00"
        },
        {
          "word": "News,",
          "start": 63.454,
          "end": 63.674,
          "score": 0.868,
          "speaker": "SPEAKER_00"
        },
        {
          "word": "I'm",
          "start": 63.774,
          "end": 63.855,
          "score": 0.083,
          "speaker": "SPEAKER_00"
        },
        {
          "word": "Neha",
          "start": 63.875,
          "end": 64.035,
          "score": 0.313,
          "speaker": "SPEAKER_00"
        },
        {
          "word": "Joy.",
          "start": 64.055,
          "end": 64.175,
          "score": 0.282,
          "speaker": "SPEAKER_00"
        }
      ],
      "speaker": "SPEAKER_00"
    }
  ],
  "word_segments": [
    {
      "word": "CNN",
      "start": 0.389,
      "end": 0.77,
      "score": 0.53,
      "speaker": "SPEAKER_00"
    },
    {
      "word": "has",
      "start": 0.81,
      "end": 0.93,
      "score": 0.885,
      "speaker": "SPEAKER_00"
    },
    {
      "word": "decided",
      "start": 0.97,
      "end": 1.43,
      "score": 0.853,
      "speaker": "SPEAKER_00"
    },
    {
      "word": "not",
      "start": 1.49,
      "end": 1.691,
      "score": 0.66,
      "speaker": "SPEAKER_00"
    },
    {
      "word": "to",
      "start": 1.711,
      "end": 1.811,
      "score": 0.657,
      "speaker": "SPEAKER_00"
    },
    {
      "word": "run",
      "start": 1.871,
      "end": 2.071,
      "score": 0.81,
      "speaker": "SPEAKER_00"
    },
    {
      "word": "a",
      "start": 2.131,
      "end": 2.151,
      "score": 0.997,
      "speaker": "SPEAKER_00"
    },
    {
      "word": "Donald",
      "start": 2.191,
      "end": 2.511,
      "score": 0.873,
      "speaker": "SPEAKER_00"
    },
    {
      "word": "Trump-endorsed",
      "start": 2.552,
      "end": 3.172,
      "score": 0.712,
      "speaker": "SPEAKER_00"
    },
    {
      "word": "campaign",
      "start": 3.192,
      "end": 3.733,
      "score": 0.786,
      "speaker": "SPEAKER_00"
    },
    {
      "word": "ad",
      "start": 3.853,
      "end": 4.013,
      "score": 0.862,
      "speaker": "SPEAKER_00"
    },
    {
      "word": "after",
      "start": 4.193,
      "end": 4.373,
      "score": 0.897,
      "speaker": "SPEAKER_00"
    },
    {
      "word": "the",
      "start": 4.413,
      "end": 4.493,
      "score": 0.833,
      "speaker": "SPEAKER_00"
    },
    {
      "word": "network",
      "start": 4.533,
      "end": 4.794,
      "score": 0.988,
      "speaker": "SPEAKER_00"
    },
    {
      "word": "decided",
      "start": 4.834,
      "end": 5.294,
      "score": 0.899,
      "speaker": "SPEAKER_00"
    },
    {
      "word": "it",
      "start": 5.394,
      "end": 5.454,
      "score": 0.968,
      "speaker": "SPEAKER_00"
    },
    {
      "word": "does",
      "start": 5.494,
      "end": 5.655,
      "score": 0.751,
      "speaker": "SPEAKER_00"
    },
    {
      "word": "not",
      "start": 5.715,
      "end": 5.895,
      "score": 0.933,
      "speaker": "SPEAKER_00"
    },
    {
      "word": "meet",
      "start": 5.935,
      "end": 6.095,
      "score": 0.794,
      "speaker": "SPEAKER_00"
    },
    {
      "word": "their",
      "start": 6.115,
      "end": 6.275,
      "score": 0.872,
      "speaker": "SPEAKER_00"
    },
    {
      "word": "standards.",
      "start": 6.315,
      "end": 6.816,
      "score": 0.973,
      "speaker": "SPEAKER_00"
    },
    {
      "word": "The",
      "start": 8.817,
      "end": 9.057,
      "score": 0.742,
      "speaker": "SPEAKER_00"
    },
    {
      "word": "30-second",
      "start": 9.077,
      "end": 9.357,
      "score": 0.801,
      "speaker": "SPEAKER_00"
    },
    {
      "word": "advertisement",
      "start": 9.437,
      "end": 10.077,
      "score": 0.861,
      "speaker": "SPEAKER_00"
    },
    {
      "word": "paid",
      "start": 10.117,
      "end": 10.357,
      "score": 0.869,
      "speaker": "SPEAKER_00"
    },
    {
      "word": "for",
      "start": 10.397,
      "end": 10.577,
      "score": 0.781,
      "speaker": "SPEAKER_00"
    },
    {
      "word": "by",
      "start": 10.617,
      "end": 10.717,
      "score": 0.757,
      "speaker": "SPEAKER_00"
    },
    {
      "word": "Trump's",
      "start": 10.777,
      "end": 11.057,
      "score": 0.741,
      "speaker": "SPEAKER_00"
    },
    {
      "word": "campaign",
      "start": 11.097,
      "end": 11.678,
      "score": 0.862,
      "speaker": "SPEAKER_00"
    },
    {
      "word": "targeted",
      "start": 11.818,
      "end": 12.258,
      "score": 0.828,
      "speaker": "SPEAKER_00"
    },
    {
      "word": "Joe",
      "start": 12.298,
      "end": 12.458,
      "score": 0.67,
      "speaker": "SPEAKER_00"
    },
    {
      "word": "Biden's",
      "start": 12.518,
      "end": 12.878,
      "score": 0.736,
      "speaker": "SPEAKER_00"
    },
    {
      "word": "conduct",
      "start": 12.938,
      "end": 13.358,
      "score": 0.856,
      "speaker": "SPEAKER_00"
    },
    {
      "word": "toward",
      "start": 13.398,
      "end": 13.638,
      "score": 0.796,
      "speaker": "SPEAKER_00"
    },
    {
      "word": "Ukraine",
      "start": 13.738,
      "end": 14.158,
      "score": 0.781,
      "speaker": "SPEAKER_00"
    },
    {
      "word": "while",
      "start": 14.378,
      "end": 14.518,
      "score": 0.811,
      "speaker": "SPEAKER_00"
    },
    {
      "word": "he",
      "start": 14.558,
      "end": 14.638,
      "score": 0.776,
      "speaker": "SPEAKER_00"
    },
    {
      "word": "served",
      "start": 14.698,
      "end": 14.998,
      "score": 0.723,
      "speaker": "SPEAKER_00"
    },
    {
      "word": "as",
      "start": 15.078,
      "end": 15.158,
      "score": 0.502,
      "speaker": "SPEAKER_00"
    },
    {
      "word": "vice",
      "start": 15.198,
      "end": 15.418,
      "score": 0.878,
      "speaker": "SPEAKER_00"
    },
    {
      "word": "president,",
      "start": 15.498,
      "end": 15.898,
      "score": 0.78,
      "speaker": "SPEAKER_00"
    },
    {
      "word": "while",
      "start": 16.118,
      "end": 16.278,
      "score": 0.854,
      "speaker": "SPEAKER_00"
    },
    {
      "word": "also",
      "start": 16.338,
      "end": 16.598,
      "score": 0.772,
      "speaker": "SPEAKER_00"
    },
    {
      "word": "referring",
      "start": 16.658,
      "end": 17.038,
      "score": 0.855,
      "speaker": "SPEAKER_00"
    },
    {
      "word": "to",
      "start": 17.078,
      "end": 17.138,
      "score": 0.947,
      "speaker": "SPEAKER_00"
    },
    {
      "word": "CNN",
      "start": 17.178,
      "end": 17.579,
      "score": 0.641,
      "speaker": "SPEAKER_00"
    },
    {
      "word": "personalities",
      "start": 17.599,
      "end": 18.279,
      "score": 0.824,
      "speaker": "SPEAKER_00"
    },
    {
      "word": "Don",
      "start": 18.379,
      "end": 18.599,
      "score": 0.926,
      "speaker": "SPEAKER_00"
    },
    {
      "word": "Lemon,",
      "start": 18.639,
      "end": 18.959,
      "score": 0.914,
      "speaker": "SPEAKER_00"
    },
    {
      "word": "Chris",
      "start": 19.259,
      "end": 19.499,
      "score": 0.872,
      "speaker": "SPEAKER_00"
    },
    {
      "word": "Cuomo",
      "start": 19.539,
      "end": 19.959,
      "score": 0.722,
      "speaker": "SPEAKER_00"
    },
    {
      "word": "and",
      "start": 20.299,
      "end": 20.419,
      "score": 0.875,
      "speaker": "SPEAKER_00"
    },
    {
      "word": "Jim",
      "start": 20.459,
      "end": 20.619,
      "score": 0.83,
      "speaker": "SPEAKER_00"
    },
    {
      "word": "Acosta",
      "start": 20.659,
      "end": 21.179,
      "score": 0.924,
      "speaker": "SPEAKER_00"
    },
    {
      "word": "as",
      "start": 21.279,
      "end": 21.359,
      "score": 0.74,
      "speaker": "SPEAKER_00"
    },
    {
      "word": "media",
      "start": 21.439,
      "end": 21.779,
      "score": 0.885,
      "speaker": "SPEAKER_00"
    },
    {
      "word": "lapdogs.",
      "start": 21.819,
      "end": 22.399,
      "score": 0.913,
      "speaker": "SPEAKER_00"
    },
    {
      "word": "A",
      "start": 22.94,
      "end": 22.96,
      "score": 0.743,
      "speaker": "SPEAKER_00"
    },
    {
      "word": "CNN",
      "start": 23.0,
      "end": 23.36,
      "score": 0.703,
      "speaker": "SPEAKER_00"
    },
    {
      "word": "spokesperson",
      "start": 23.38,
      "end": 24.04,
      "score": 0.849,
      "speaker": "SPEAKER_00"
    },
    {
      "word": "spoke",
      "start": 24.08,
      "end": 24.34,
      "score": 0.901,
      "speaker": "SPEAKER_00"
    },
    {
      "word": "to",
      "start": 24.36,
      "end": 24.44,
      "score": 0.72,
      "speaker": "SPEAKER_00"
    },
    {
      "word": "THR",
      "start": 24.48,
      "end": 25.02,
      "score": 0.599,
      "speaker": "SPEAKER_00"
    },
    {
      "word": "saying",
      "start": 25.1,
      "end": 25.32,
      "score": 0.843,
      "speaker": "SPEAKER_00"
    },
    {
      "word": "the",
      "start": 25.36,
      "end": 25.46,
      "score": 0.931,
      "speaker": "SPEAKER_00"
    },
    {
      "word": "ad",
      "start": 25.6,
      "end": 25.76,
      "score": 0.696,
      "speaker": "SPEAKER_00"
    },
    {
      "word": "does",
      "start": 25.78,
      "end": 25.96,
      "score": 0.72,
      "speaker": "SPEAKER_00"
    },
    {
      "word": "not",
      "start": 26.04,
      "end": 26.2,
      "score": 0.885,
      "speaker": "SPEAKER_00"
    },
    {
      "word": "meet",
      "start": 26.24,
      "end": 26.38,
      "score": 0.976,
      "speaker": "SPEAKER_00"
    },
    {
      "word": "the",
      "start": 26.4,
      "end": 26.48,
      "score": 0.838,
      "speaker": "SPEAKER_00"
    },
    {
      "word": "network's",
      "start": 26.52,
      "end": 26.88,
      "score": 0.846,
      "speaker": "SPEAKER_00"
    },
    {
      "word": "advertising",
      "start": 26.98,
      "end": 27.5,
      "score": 0.87,
      "speaker": "SPEAKER_00"
    },
    {
      "word": "standards,",
      "start": 27.56,
      "end": 28.08,
      "score": 0.805,
      "speaker": "SPEAKER_00"
    },
    {
      "word": "adding,",
      "start": 28.24,
      "end": 28.5,
      "score": 0.864,
      "speaker": "SPEAKER_00"
    },
    {
      "word": "In",
      "start": 28.861,
      "end": 28.921,
      "score": 0.893,
      "speaker": "SPEAKER_00"
    },
    {
      "word": "addition",
      "start": 28.961,
      "end": 29.261,
      "score": 0.839,
      "speaker": "SPEAKER_00"
    },
    {
      "word": "to",
      "start": 29.301,
      "end": 29.381,
      "score": 0.75,
      "speaker": "SPEAKER_00"
    },
    {
      "word": "disparaging",
      "start": 29.421,
      "end": 30.001,
      "score": 0.843,
      "speaker": "SPEAKER_00"
    },
    {
      "word": "CNN",
      "start": 30.041,
      "end": 30.481,
      "score": 0.719,
      "speaker": "SPEAKER_00"
    },
    {
      "word": "and",
      "start": 30.601,
      "end": 30.701,
      "score": 0.783,
      "speaker": "SPEAKER_00"
    },
    {
      "word": "its",
      "start": 30.741,
      "end": 30.861,
      "score": 0.663,
      "speaker": "SPEAKER_00"
    },
    {
      "word": "journalists,",
      "start": 30.901,
      "end": 31.361,
      "score": 0.886,
      "speaker": "SPEAKER_00"
    },
    {
      "word": "the",
      "start": 31.581,
      "end": 31.701,
      "score": 0.702,
      "speaker": "SPEAKER_00"
    },
    {
      "word": "ad",
      "start": 31.801,
      "end": 31.941,
      "score": 0.892,
      "speaker": "SPEAKER_00"
    },
    {
      "word": "makes",
      "start": 31.961,
      "end": 32.141,
      "score": 0.854,
      "speaker": "SPEAKER_00"
    },
    {
      "word": "assertions",
      "start": 32.201,
      "end": 32.641,
      "score": 0.953,
      "speaker": "SPEAKER_00"
    },
    {
      "word": "that",
      "start": 32.681,
      "end": 32.781,
      "score": 0.888,
      "speaker": "SPEAKER_00"
    },
    {
      "word": "have",
      "start": 32.801,
      "end": 32.881,
      "score": 0.916,
      "speaker": "SPEAKER_00"
    },
    {
      "word": "been",
      "start": 32.901,
      "end": 33.021,
      "score": 0.889,
      "speaker": "SPEAKER_00"
    },
    {
      "word": "proven",
      "start": 33.081,
      "end": 33.401,
      "score": 0.785,
      "speaker": "SPEAKER_00"
    },
    {
      "word": "demonstrably",
      "start": 33.461,
      "end": 34.141,
      "score": 0.807,
      "speaker": "SPEAKER_00"
    },
    {
      "word": "false",
      "start": 34.222,
      "end": 34.502,
      "score": 0.845,
      "speaker": "SPEAKER_00"
    },
    {
      "word": "by",
      "start": 34.562,
      "end": 34.682,
      "score": 0.756,
      "speaker": "SPEAKER_00"
    },
    {
      "word": "various",
      "start": 34.742,
      "end": 35.122,
      "score": 0.795,
      "speaker": "SPEAKER_00"
    },
    {
      "word": "news",
      "start": 35.182,
      "end": 35.342,
      "score": 0.962,
      "speaker": "SPEAKER_00"
    },
    {
      "word": "outlets",
      "start": 35.442,
      "end": 35.742,
      "score": 0.955,
      "speaker": "SPEAKER_00"
    },
    {
      "word": "including",
      "start": 35.982,
      "end": 36.402,
      "score": 0.858,
      "speaker": "SPEAKER_00"
    },
    {
      "word": "CNN.",
      "start": 36.442,
      "end": 36.702,
      "score": 0.704,
      "speaker": "SPEAKER_00"
    },
    {
      "word": "However,",
      "start": 37.142,
      "end": 37.422,
      "score": 0.767,
      "speaker": "SPEAKER_00"
    },
    {
      "word": "despite",
      "start": 37.462,
      "end": 37.842,
      "score": 0.963,
      "speaker": "SPEAKER_00"
    },
    {
      "word": "CNN's",
      "start": 37.862,
      "end": 38.243,
      "score": 0.612,
      "speaker": "SPEAKER_00"
    },
    {
      "word": "rejection,",
      "start": 38.263,
      "end": 38.823,
      "score": 0.85,
      "speaker": "SPEAKER_00"
    },
    {
      "word": "the",
      "start": 38.863,
      "end": 38.943,
      "score": 0.832,
      "speaker": "SPEAKER_00"
    },
    {
      "word": "president",
      "start": 38.983,
      "end": 39.323,
      "score": 0.833,
      "speaker": "SPEAKER_00"
    },
    {
      "word": "posted",
      "start": 39.383,
      "end": 39.743,
      "score": 0.593,
      "speaker": "SPEAKER_00"
    },
    {
      "word": "the",
      "start": 39.763,
      "end": 39.843,
      "score": 0.823,
      "speaker": "SPEAKER_00"
    },
    {
      "word": "advertisement",
      "start": 39.903,
      "end": 40.504,
      "score": 0.886,
      "speaker": "SPEAKER_00"
    },
    {
      "word": "onto",
      "start": 40.584,
      "end": 40.744,
      "score": 0.893,
      "speaker": "SPEAKER_00"
    },
    {
      "word": "his",
      "start": 40.784,
      "end": 40.864,
      "score": 0.65,
      "speaker": "SPEAKER_00"
    },
    {
      "word": "Twitter",
      "start": 40.924,
      "end": 41.204,
      "score": 0.803,
      "speaker": "SPEAKER_00"
    },
    {
      "word": "page",
      "start": 41.224,
      "end": 41.564,
      "score": 0.176,
      "speaker": "SPEAKER_00"
    },
    {
      "word": "last",
      "start": 41.604,
      "end": 41.824,
      "score": 0.788,
      "speaker": "SPEAKER_00"
    },
    {
      "word": "week",
      "start": 41.904,
      "end": 42.104,
      "score": 0.909,
      "speaker": "SPEAKER_00"
    },
    {
      "word": "along",
      "start": 42.405,
      "end": 42.605,
      "score": 0.899,
      "speaker": "SPEAKER_00"
    },
    {
      "word": "with",
      "start": 42.625,
      "end": 42.725,
      "score": 0.871,
      "speaker": "SPEAKER_00"
    },
    {
      "word": "the",
      "start": 42.745,
      "end": 42.805,
      "score": 0.952,
      "speaker": "SPEAKER_00"
    },
    {
      "word": "caption,",
      "start": 42.845,
      "end": 44.105,
      "score": 0.567,
      "speaker": "SPEAKER_00"
    },
    {
      "word": "Now",
      "start": 44.846,
      "end": 44.946,
      "score": 0.955,
      "speaker": "SPEAKER_00"
    },
    {
      "word": "this",
      "start": 44.966,
      "end": 45.106,
      "score": 0.776,
      "speaker": "SPEAKER_00"
    },
    {
      "word": "is",
      "start": 45.166,
      "end": 45.226,
      "score": 0.936,
      "speaker": "SPEAKER_00"
    },
    {
      "word": "not",
      "start": 45.306,
      "end": 45.486,
      "score": 0.666,
      "speaker": "SPEAKER_00"
    },
    {
      "word": "the",
      "start": 45.546,
      "end": 45.646,
      "score": 0.797,
      "speaker": "SPEAKER_00"
    },
    {
      "word": "first",
      "start": 45.686,
      "end": 45.886,
      "score": 0.769,
      "speaker": "SPEAKER_00"
    },
    {
      "word": "time",
      "start": 45.926,
      "end": 46.086,
      "score": 0.86,
      "speaker": "SPEAKER_00"
    },
    {
      "word": "CNN",
      "start": 46.146,
      "end": 46.486,
      "score": 0.547,
      "speaker": "SPEAKER_00"
    },
    {
      "word": "has",
      "start": 46.506,
      "end": 46.626,
      "score": 0.884,
      "speaker": "SPEAKER_00"
    },
    {
      "word": "rejected",
      "start": 46.667,
      "end": 47.167,
      "score": 0.853,
      "speaker": "SPEAKER_00"
    },
    {
      "word": "a",
      "start": 47.187,
      "end": 47.207,
      "score": 0.0,
      "speaker": "SPEAKER_00"
    },
    {
      "word": "Trump",
      "start": 47.327,
      "end": 47.607,
      "score": 0.921,
      "speaker": "SPEAKER_00"
    },
    {
      "word": "campaign",
      "start": 47.647,
      "end": 48.127,
      "score": 0.803,
      "speaker": "SPEAKER_00"
    },
    {
      "word": "ad.",
      "start": 48.247,
      "end": 48.407,
      "score": 0.712,
      "speaker": "SPEAKER_00"
    },
    {
      "word": "Back",
      "start": 48.707,
      "end": 48.848,
      "score": 0.984,
      "speaker": "SPEAKER_00"
    },
    {
      "word": "in",
      "start": 48.888,
      "end": 49.208,
      "score": 0.414,
      "speaker": "SPEAKER_00"
    },
    {
      "word": "2017,"
    },
    {
      "word": "the",
      "start": 49.728,
      "end": 49.788,
      "score": 0.966,
      "speaker": "SPEAKER_00"
    },
    {
      "word": "network",
      "start": 49.828,
      "end": 50.088,
      "score": 0.774,
      "speaker": "SPEAKER_00"
    },
    {
      "word": "refused",
      "start": 50.148,
      "end": 50.548,
      "score": 0.735,
      "speaker": "SPEAKER_00"
    },
    {
      "word": "to",
      "start": 50.588,
      "end": 50.668,
      "score": 0.682,
      "speaker": "SPEAKER_00"
    },
    {
      "word": "run",
      "start": 50.708,
      "end": 50.868,
      "score": 0.778,
      "speaker": "SPEAKER_00"
    },
    {
      "word": "a",
      "start": 50.908,
      "end": 50.949,
      "score": 0.481,
      "speaker": "SPEAKER_00"
    },
    {
      "word": "Trump-approved",
      "start": 50.989,
      "end": 51.609,
      "score": 0.685,
      "speaker": "SPEAKER_00"
    },
    {
      "word": "ad",
      "start": 51.789,
      "end": 51.949,
      "score": 0.796,
      "speaker": "SPEAKER_00"
    },
    {
      "word": "called,",
      "start": 52.029,
      "end": 54.19,
      "score": 0.726,
      "speaker": "SPEAKER_00"
    },
    {
      "word": "Which",
      "start": 54.45,
      "end": 54.61,
      "score": 0.783,
      "speaker": "SPEAKER_00"
    },
    {
      "word": "criticized",
      "start": 54.67,
      "end": 55.09,
      "score": 0.796,
      "speaker": "SPEAKER_00"
    },
    {
      "word": "the",
      "start": 55.13,
      "end": 55.19,
      "score": 0.875,
      "speaker": "SPEAKER_00"
    },
    {
      "word": "media",
      "start": 55.231,
      "end": 55.571,
      "score": 0.914,
      "speaker": "SPEAKER_00"
    },
    {
      "word": "and",
      "start": 55.671,
      "end": 55.811,
      "score": 0.765,
      "speaker": "SPEAKER_00"
    },
    {
      "word": "specifically",
      "start": 55.831,
      "end": 56.451,
      "score": 0.835,
      "speaker": "SPEAKER_00"
    },
    {
      "word": "called",
      "start": 56.511,
      "end": 56.751,
      "score": 0.916,
      "speaker": "SPEAKER_00"
    },
    {
      "word": "out",
      "start": 56.791,
      "end": 56.891,
      "score": 0.957,
      "speaker": "SPEAKER_00"
    },
    {
      "word": "Lemon",
      "start": 56.951,
      "end": 57.271,
      "score": 0.887,
      "speaker": "SPEAKER_00"
    },
    {
      "word": "as",
      "start": 57.392,
      "end": 57.472,
      "score": 0.68,
      "speaker": "SPEAKER_00"
    },
    {
      "word": "well",
      "start": 57.492,
      "end": 57.652,
      "score": 0.904,
      "speaker": "SPEAKER_00"
    },
    {
      "word": "as",
      "start": 57.692,
      "end": 57.752,
      "score": 0.749,
      "speaker": "SPEAKER_00"
    },
    {
      "word": "Anderson",
      "start": 57.772,
      "end": 58.172,
      "score": 0.742,
      "speaker": "SPEAKER_00"
    },
    {
      "word": "Cooper.",
      "start": 58.212,
      "end": 58.612,
      "score": 0.864,
      "speaker": "SPEAKER_00"
    },
    {
      "word": "To",
      "start": 59.052,
      "end": 59.132,
      "score": 0.853,
      "speaker": "SPEAKER_00"
    },
    {
      "word": "stay",
      "start": 59.172,
      "end": 59.312,
      "score": 0.935,
      "speaker": "SPEAKER_00"
    },
    {
      "word": "up",
      "start": 59.352,
      "end": 59.412,
      "score": 0.654,
      "speaker": "SPEAKER_00"
    },
    {
      "word": "to",
      "start": 59.452,
      "end": 59.492,
      "score": 0.968,
      "speaker": "SPEAKER_00"
    },
    {
      "word": "date",
      "start": 59.533,
      "end": 59.693,
      "score": 0.916,
      "speaker": "SPEAKER_00"
    },
    {
      "word": "on",
      "start": 59.733,
      "end": 59.793,
      "score": 0.964,
      "speaker": "SPEAKER_00"
    },
    {
      "word": "this",
      "start": 59.833,
      "end": 59.933,
      "score": 0.662,
      "speaker": "SPEAKER_00"
    },
    {
      "word": "story,",
      "start": 59.973,
      "end": 60.293,
      "score": 0.94,
      "speaker": "SPEAKER_00"
    },
    {
      "word": "head",
      "start": 60.313,
      "end": 60.393,
      "score": 0.053,
      "speaker": "SPEAKER_00"
    },
    {
      "word": "to",
      "start": 60.433,
      "end": 60.513,
      "score": 0.842,
      "speaker": "SPEAKER_00"
    },
    {
      "word": "THR.com",
      "start": 60.573,
      "end": 61.734,
      "score": 0.792,
      "speaker": "SPEAKER_00"
    },
    {
      "word": "and",
      "start": 61.794,
      "end": 61.874,
      "score": 0.835,
      "speaker": "SPEAKER_00"
    },
    {
      "word": "until",
      "start": 61.914,
      "end": 62.174,
      "score": 0.74,
      "speaker": "SPEAKER_00"
    },
    {
      "word": "next",
      "start": 62.194,
      "end": 62.354,
      "score": 0.824,
      "speaker": "SPEAKER_00"
    },
    {
      "word": "time,",
      "start": 62.394,
      "end": 62.554,
      "score": 0.96,
      "speaker": "SPEAKER_00"
    },
    {
      "word": "for",
      "start": 62.574,
      "end": 62.634,
      "score": 0.004,
      "speaker": "SPEAKER_00"
    },
    {
      "word": "The",
      "start": 62.654,
      "end": 62.714,
      "score": 0.936,
      "speaker": "SPEAKER_00"
    },
    {
      "word": "Hollywood",
      "start": 62.754,
      "end": 63.034,
      "score": 0.64,
      "speaker": "SPEAKER_00"
    },
    {
      "word": "Reporter",
      "start": 63.074,
      "end": 63.414,
      "score": 0.9,
      "speaker": "SPEAKER_00"
    },
    {
      "word": "News,",
      "start": 63.454,
      "end": 63.674,
      "score": 0.868,
      "speaker": "SPEAKER_00"
    },
    {
      "word": "I'm",
      "start": 63.774,
      "end": 63.855,
      "score": 0.083,
      "speaker": "SPEAKER_00"
    },
    {
      "word": "Neha",
      "start": 63.875,
      "end": 64.035,
      "score": 0.313,
      "speaker": "SPEAKER_00"
    },
    {
      "word": "Joy.",
      "start": 64.055,
      "end": 64.175,
      "score": 0.282,
      "speaker": "SPEAKER_00"
    }
  ],
  "language": "en"
}