{
  "segments": [
    {
      "start": 0.249,
      "end": 3.19,
      "text": " John, I was driving after we left that gas station.",
      "words": [
        {
          "word": "John,",
          "start": 0.249,
          "end": 0.489,
          "score": 0.752,
          "speaker": "SPEAKER_00"
        },
        {
          "word": "I",
          "start": 0.529,
          "end": 0.569,
          "score": 0.98,
          "speaker": "SPEAKER_00"
        },
        {
          "word": "was",
          "start": 0.609,
          "end": 0.729,
          "score": 0.784,
          "speaker": "SPEAKER_00"
        },
        {
          "word": "driving",
          "start": 0.789,
          "end": 1.349,
          "score": 0.798,
          "speaker": "SPEAKER_00"
        },
        {
          "word": "after",
          "start": 1.729,
          "end": 1.929,
          "score": 0.877,
          "speaker": "SPEAKER_00"
        },
        {
          "word": "we",
          "start": 1.969,
          "end": 2.069,
          "score": 0.997,
          "speaker": "SPEAKER_00"
        },
        {
          "word": "left",
          "start": 2.109,
          "end": 2.289,
          "score": 0.683,
          "speaker": "SPEAKER_00"
        },
        {
          "word": "that",
          "start": 2.329,
          "end": 2.49,
          "score": 0.756,
          "speaker": "SPEAKER_00"
        },
        {
          "word": "gas",
          "start": 2.55,
          "end": 2.79,
          "score": 0.926,
          "speaker": "SPEAKER_00"
        },
        {
          "word": "station.",
          "start": 2.83,
          "end": 3.19,
          "score": 0.957,
          "speaker": "SPEAKER_00"
        }
      ],
      "speaker": "SPEAKER_00"
    },
    {
      "start": 3.23,
      "end": 10.551,
      "text": "We were driving on a major street, major highway in Ashdod, not far from the border with Gaza.",
      "words": [
        {
          "word": "We",
          "start": 3.23,
          "end": 3.33,
          "score": 0.8,
          "speaker": "SPEAKER_00"
        },
        {
          "word": "were",
          "start": 3.37,
          "end": 3.51,
          "score": 0.806,
          "speaker": "SPEAKER_00"
        },
        {
          "word": "driving",
          "start": 3.53,
          "end": 3.95,
          "score": 0.85,
          "speaker": "SPEAKER_00"
        },
        {
          "word": "on",
          "start": 4.63,
          "end": 4.73,
          "score": 0.892,
          "speaker": "SPEAKER_00"
        },
        {
          "word": "a",
          "start": 4.77,
          "end": 4.85,
          "score": 0.903,
          "speaker": "SPEAKER_00"
        },
        {
          "word": "major",
          "start": 5.03,
          "end": 5.37,
          "score": 0.888,
          "speaker": "SPEAKER_00"
        },
        {
          "word": "street,",
          "start": 5.45,
          "end": 5.77,
          "score": 0.783,
          "speaker": "SPEAKER_00"
        },
        {
          "word": "major",
          "start": 6.11,
          "end": 6.41,
          "score": 0.883,
          "speaker": "SPEAKER_00"
        },
        {
          "word": "highway",
          "start": 6.47,
          "end": 7.01,
          "score": 0.978,
          "speaker": "SPEAKER_00"
        },
        {
          "word": "in",
          "start": 7.371,
          "end": 7.531,
          "score": 0.879,
          "speaker": "SPEAKER_00"
        },
        {
          "word": "Ashdod,",
          "start": 7.871,
          "end": 8.371,
          "score": 0.854,
          "speaker": "SPEAKER_00"
        },
        {
          "word": "not",
          "start": 8.411,
          "end": 8.551,
          "score": 0.972,
          "speaker": "SPEAKER_00"
        },
        {
          "word": "far",
          "start": 8.631,
          "end": 8.851,
          "score": 0.862,
          "speaker": "SPEAKER_00"
        },
        {
          "word": "from",
          "start": 8.871,
          "end": 9.011,
          "score": 0.782,
          "speaker": "SPEAKER_00"
        },
        {
          "word": "the",
          "start": 9.031,
          "end": 9.091,
          "score": 0.86,
          "speaker": "SPEAKER_00"
        },
        {
          "word": "border",
          "start": 9.151,
          "end": 9.631,
          "score": 0.842,
          "speaker": "SPEAKER_00"
        },
        {
          "word": "with",
          "start": 9.771,
          "end": 9.951,
          "score": 0.896,
          "speaker": "SPEAKER_00"
        },
        {
          "word": "Gaza.",
          "start": 10.031,
          "end": 10.551,
          "score": 0.828,
          "speaker": "SPEAKER_00"
        }
      ],
      "speaker": "SPEAKER_00"
    },
    {
      "start": 10.791,
      "end": 12.492,
      "text": "And all of a sudden, we heard the sirens.",
      "words": [
        {
          "word": "And",
          "start": 10.791,
          "end": 10.891,
          "score": 0.799,
          "speaker": "SPEAKER_00"
        },
        {
          "word": "all",
          "start": 11.031,
          "end": 11.171,
          "score": 0.825,
          "speaker": "SPEAKER_00"
        },
        {
          "word": "of",
          "start": 11.191,
          "end": 11.251,
          "score": 0.74,
          "speaker": "SPEAKER_00"
        },
        {
          "word": "a",
          "start": 11.291,
          "end": 11.331,
          "score": 0.482,
          "speaker": "SPEAKER_00"
        },
        {
          "word": "sudden,",
          "start": 11.371,
          "end": 11.571,
          "score": 0.913,
          "speaker": "SPEAKER_00"
        },
        {
          "word": "we",
          "start": 11.591,
          "end": 11.691,
          "score": 0.866,
          "speaker": "SPEAKER_00"
        },
        {
          "word": "heard",
          "start": 11.711,
          "end": 11.851,
          "score": 0.806,
          "speaker": "SPEAKER_00"
        },
        {
          "word": "the",
          "start": 11.911,
          "end": 11.991,
          "score": 0.832,
          "speaker": "SPEAKER_00"
        },
        {
          "word": "sirens.",
          "start": 12.051,
          "end": 12.492,
          "score": 0.913,
          "speaker": "SPEAKER_00"
        }
      ],
      "speaker": "SPEAKER_00"
    },
    {
      "start": 12.792,
      "end": 13.592,
      "text": "And you know what they do?",
      "words": [
        {
          "word": "And",
          "start": 12.792,
          "end": 12.892,
          "score": 0.7,
          "speaker": "SPEAKER_00"
        },
        {
          "word": "you",
          "start": 12.932,
          "end": 12.992,
          "score": 0.998,
          "speaker": "SPEAKER_00"
        },
        {
          "word": "know",
          "start": 13.032,
          "end": 13.112,
          "score": 0.999,
          "speaker": "SPEAKER_00"
        },
        {
          "word": "what",
          "start": 13.132,
          "end": 13.232,
          "score": 0.497,
          "speaker": "SPEAKER_00"
        },
        {
          "word": "they",
          "start": 13.252,
          "end": 13.392,
          "score": 0.968,
          "speaker": "SPEAKER_00"
        },
        {
          "word": "do?",
          "start": 13.432,
          "end": 13.592,
          "score": 0.861,
          "speaker": "SPEAKER_00"
        }
      ],
      "speaker": "SPEAKER_00"
    },
    {
      "start": 13.732,
      "end": 16.812,
      "text": "Cars immediately stop right in the middle of the street.",
      "words": [
        {
          "word": "Cars",
          "start": 13.732,
          "end": 14.132,
          "score": 0.662,
          "speaker": "SPEAKER_00"
        },
        {
          "word": "immediately",
          "start": 14.252,
          "end": 14.872,
          "score": 0.912,
          "speaker": "SPEAKER_00"
        },
        {
          "word": "stop",
          "start": 14.952,
          "end": 15.312,
          "score": 0.779,
          "speaker": "SPEAKER_00"
        },
        {
          "word": "right",
          "start": 15.632,
          "end": 15.872,
          "score": 0.648,
          "speaker": "SPEAKER_00"
        },
        {
          "word": "in",
          "start": 15.912,
          "end": 15.972,
          "score": 0.848,
          "speaker": "SPEAKER_00"
        },
        {
          "word": "the",
          "start": 16.012,
          "end": 16.092,
          "score": 0.833,
          "speaker": "SPEAKER_00"
        },
        {
          "word": "middle",
          "start": 16.112,
          "end": 16.312,
          "score": 0.872,
          "speaker": "SPEAKER_00"
        },
        {
          "word": "of",
          "start": 16.332,
          "end": 16.372,
          "score": 0.996,
          "speaker": "SPEAKER_00"
        },
        {
          "word": "the",
          "start": 16.432,
          "end": 16.492,
          "score": 0.994,
          "speaker": "SPEAKER_00"
        },
        {
          "word": "street.",
          "start": 16.532,
          "end": 16.812,
          "score": 0.713,
          "speaker": "SPEAKER_00"
        }
      ],
      "speaker": "SPEAKER_00"
    },
    {
      "start": 16.972,
      "end": 18.333,
      "text": "Everyone gets out of their cars.",
      "words": [
        {
          "word": "Everyone",
          "start": 16.972,
          "end": 17.373,
          "score": 0.714,
          "speaker": "SPEAKER_00"
        },
        {
          "word": "gets",
          "start": 17.413,
          "end": 17.593,
          "score": 0.79,
          "speaker": "SPEAKER_00"
        },
        {
          "word": "out",
          "start": 17.673,
          "end": 17.773,
          "score": 0.864,
          "speaker": "SPEAKER_00"
        },
        {
          "word": "of",
          "start": 17.813,
          "end": 17.853,
          "score": 0.984,
          "speaker": "SPEAKER_00"
        },
        {
          "word": "their",
          "start": 17.873,
          "end": 18.013,
          "score": 0.936,
          "speaker": "SPEAKER_00"
        },
        {
          "word": "cars.",
          "start": 18.053,
          "end": 18.333,
          "score": 0.66,
          "speaker": "SPEAKER_00"
        }
      ],
      "speaker": "SPEAKER_00"
    },
    {
      "start": 18.373,
      "end": 19.153,
      "text": "The doors are open.",
      "words": [
        {
          "word": "The",
          "start": 18.373,
          "end": 18.433,
          "score": 0.988,
          "speaker": "SPEAKER_00"
        },
        {
          "word": "doors",
          "start": 18.473,
          "end": 18.713,
          "score": 0.906,
          "speaker": "SPEAKER_00"
        },
        {
          "word": "are",
          "start": 18.773,
          "end": 18.893,
          "score": 0.608,
          "speaker": "SPEAKER_00"
        },
        {
          "word": "open.",
          "start": 18.933,
          "end": 19.153,
          "score": 0.758,
          "speaker": "SPEAKER_00"
        }
      ],
      "speaker": "SPEAKER_00"
    },
    {
      "start": 19.413,
      "end": 24.314,
      "text": "And they run towards the closest bunker, the air raid shelters, which are all over the place, especially",
      "words": [
        {
          "word": "And",
          "start": 19.413,
          "end": 19.493,
          "score": 0.839,
          "speaker": "SPEAKER_00"
        },
        {
          "word": "they",
          "start": 19.533,
          "end": 19.673,
          "score": 0.894,
          "speaker": "SPEAKER_00"
        },
        {
          "word": "run",
          "start": 19.713,
          "end": 19.873,
          "score": 0.924,
          "speaker": "SPEAKER_00"
        },
        {
          "word": "towards",
          "start": 19.913,
          "end": 20.193,
          "score": 0.79,
          "speaker": "SPEAKER_00"
        },
        {
          "word": "the",
          "start": 20.233,
          "end": 20.313,
          "score": 0.831,
          "speaker": "SPEAKER_00"
        },
        {
          "word": "closest",
          "start": 20.353,
          "end": 20.773,
          "score": 0.921,
          "speaker": "SPEAKER_00"
        },
        {
          "word": "bunker,",
          "start": 21.173,
          "end": 21.593,
          "score": 0.761,
          "speaker": "SPEAKER_00"
        },
        {
          "word": "the",
          "start": 21.653,
          "end": 21.773,
          "score": 0.795,
          "speaker": "SPEAKER_00"
        },
        {
          "word": "air",
          "start": 21.913,
          "end": 22.033,
          "score": 0.818,
          "speaker": "SPEAKER_00"
        },
        {
          "word": "raid",
          "start": 22.053,
          "end": 22.234,
          "score": 0.629,
          "speaker": "SPEAKER_00"
        },
        {
          "word": "shelters,",
          "start": 22.254,
          "end": 22.634,
          "score": 0.804,
          "speaker": "SPEAKER_00"
        },
        {
          "word": "which",
          "start": 22.674,
          "end": 22.814,
          "score": 0.865,
          "speaker": "SPEAKER_00"
        },
        {
          "word": "are",
          "start": 22.874,
          "end": 22.974,
          "score": 0.725,
          "speaker": "SPEAKER_00"
        },
        {
          "word": "all",
          "start": 23.074,
          "end": 23.214,
          "score": 0.917,
          "speaker": "SPEAKER_00"
        },
        {
          "word": "over",
          "start": 23.294,
          "end": 23.454,
          "score": 0.836,
          "speaker": "SPEAKER_00"
        },
        {
          "word": "the",
          "start": 23.494,
          "end": 23.574,
          "score": 0.826,
          "speaker": "SPEAKER_00"
        },
        {
          "word": "place,",
          "start": 23.614,
          "end": 23.834,
          "score": 0.898,
          "speaker": "SPEAKER_00"
        },
        {
          "word": "especially",
          "start": 23.894,
          "end": 24.314,
          "score": 0.883,
          "speaker": "SPEAKER_00"
        }
      ],
      "speaker": "SPEAKER_00"
    },
    {
      "start": 24.634,
      "end": 25.735,
      "text": " this close to Gaza.",
      "words": [
        {
          "word": "this",
          "start": 24.634,
          "end": 24.794,
          "score": 0.826,
          "speaker": "SPEAKER_00"
        },
        {
          "word": "close",
          "start": 24.854,
          "end": 25.134,
          "score": 0.952,
          "speaker": "SPEAKER_00"
        },
        {
          "word": "to",
          "start": 25.194,
          "end": 25.294,
          "score": 0.882,
          "speaker": "SPEAKER_00"
        },
        {
          "word": "Gaza.",
          "start": 25.334,
          "end": 25.735,
          "score": 0.813,
          "speaker": "SPEAKER_00"
        }
      ],
      "speaker": "SPEAKER_00"
    },
    {
      "start": 26.255,
      "end": 33.819,
      "text": "You run in, you get inside a bunker, you wait at least five minutes, maybe 10 minutes for it all clear, and then you go back to your vehicle.",
      "words": [
        {
          "word": "You",
          "start": 26.255,
          "end": 26.415,
          "score": 0.949,
          "speaker": "SPEAKER_00"
        },
        {
          "word": "run",
          "start": 26.455,
          "end": 26.595,
          "score": 0.919,
          "speaker": "SPEAKER_00"
        },
        {
          "word": "in,",
          "start": 26.695,
          "end": 26.815,
          "score": 0.697,
          "speaker": "SPEAKER_00"
        },
        {
          "word": "you",
          "start": 26.875,
          "end": 27.015,
          "score": 0.899,
          "speaker": "SPEAKER_00"
        },
        {
          "word": "get",
          "start": 27.035,
          "end": 27.155,
          "score": 0.803,
          "speaker": "SPEAKER_00"
        },
        {
          "word": "inside",
          "start": 27.195,
          "end": 27.556,
          "score": 0.947,
          "speaker": "SPEAKER_00"
        },
        {
          "word": "a",
          "start": 27.616,
          "end": 27.656,
          "score": 0.592,
          "speaker": "SPEAKER_00"
        },
        {
          "word": "bunker,",
          "start": 27.716,
          "end": 28.056,
          "score": 0.924,
          "speaker": "SPEAKER_00"
        },
        {
          "word": "you",
          "start": 28.316,
          "end": 28.496,
          "score": 0.931,
          "speaker": "SPEAKER_00"
        },
        {
          "word": "wait",
          "start": 28.516,
          "end": 28.756,
          "score": 0.903,
          "speaker": "SPEAKER_00"
        },
        {
          "word": "at",
          "start": 29.036,
          "end": 29.096,
          "score": 0.75,
          "speaker": "SPEAKER_00"
        },
        {
          "word": "least",
          "start": 29.136,
          "end": 29.297,
          "score": 0.796,
          "speaker": "SPEAKER_00"
        },
        {
          "word": "five",
          "start": 29.337,
          "end": 29.557,
          "score": 0.911,
          "speaker": "SPEAKER_00"
        },
        {
          "word": "minutes,",
          "start": 29.597,
          "end": 29.837,
          "score": 0.868,
          "speaker": "SPEAKER_00"
        },
        {
          "word": "maybe",
          "start": 29.877,
          "end": 30.097,
          "score": 0.886,
          "speaker": "SPEAKER_00"
        },
        {
          "word": "10"
        },
        {
          "word": "minutes",
          "start": 30.317,
          "end": 30.557,
          "score": 0.906,
          "speaker": "SPEAKER_00"
        },
        {
          "word": "for",
          "start": 30.817,
          "end": 30.977,
          "score": 0.824,
          "speaker": "SPEAKER_00"
        },
        {
          "word": "it",
          "start": 31.017,
          "end": 31.097,
          "score": 0.766,
          "speaker": "SPEAKER_00"
        },
        {
          "word": "all",
          "start": 31.258,
          "end": 31.418,
          "score": 0.895,
          "speaker": "SPEAKER_00"
        },
        {
          "word": "clear,",
          "start": 31.498,
          "end": 31.838,
          "score": 0.743,
          "speaker": "SPEAKER_00"
        },
        {
          "word": "and",
          "start": 32.358,
          "end": 32.438,
          "score": 0.916,
          "speaker": "SPEAKER_00"
        },
        {
          "word": "then",
          "start": 32.458,
          "end": 32.578,
          "score": 0.951,
          "speaker": "SPEAKER_00"
        },
        {
          "word": "you",
          "start": 32.618,
          "end": 32.758,
          "score": 0.931,
          "speaker": "SPEAKER_00"
        },
        {
          "word": "go",
          "start": 32.778,
          "end": 32.898,
          "score": 0.695,
          "speaker": "SPEAKER_00"
        },
        {
          "word": "back",
          "start": 32.938,
          "end": 33.119,
          "score": 0.881,
          "speaker": "SPEAKER_00"
        },
        {
          "word": "to",
          "start": 33.159,
          "end": 33.279,
          "score": 0.706,
          "speaker": "SPEAKER_00"
        },
        {
          "word": "your",
          "start": 33.299,
          "end": 33.439,
          "score": 0.686,
          "speaker": "SPEAKER_00"
        },
        {
          "word": "vehicle.",
          "start": 33.479,
          "end": 33.819,
          "score": 0.796,
          "speaker": "SPEAKER_00"
        }
      ],
      "speaker": "SPEAKER_00"
    },
    {
      "start": 33.859,
      "end": 34.799,
      "text": "The doors are wide open.",
      "words": [
        {
          "word": "The",
          "start": 33.859,
          "end": 33.939,
          "score": 0.843,
          "speaker": "SPEAKER_00"
        },
        {
          "word": "doors",
          "start": 33.979,
          "end": 34.179,
          "score": 0.841,
          "speaker": "SPEAKER_00"
        },
        {
          "word": "are",
          "start": 34.239,
          "end": 34.319,
          "score": 0.895,
          "speaker": "SPEAKER_00"
        },
        {
          "word": "wide",
          "start": 34.359,
          "end": 34.559,
          "score": 0.982,
          "speaker": "SPEAKER_00"
        },
        {
          "word": "open.",
          "start": 34.619,
          "end": 34.799,
          "score": 0.829,
          "speaker": "SPEAKER_00"
        }
      ],
      "speaker": "SPEAKER_00"
    },
    {
      "start": 34.839,
      "end": 36.66,
      "text": "Everyone gets back in and they leave.",
      "words": [
        {
          "word": "Everyone",
          "start": 34.839,
          "end": 35.14,
          "score": 0.822,
          "speaker": "SPEAKER_00"
        },
        {
          "word": "gets",
          "start": 35.18,
          "end": 35.36,
          "score": 0.845,
          "speaker": "SPEAKER_00"
        },
        {
          "word": "back",
          "start": 35.42,
          "end": 35.62,
          "score": 0.991,
          "speaker": "SPEAKER_00"
        },
        {
          "word": "in",
          "start": 35.72,
          "end": 35.82,
          "score": 0.552,
          "speaker": "SPEAKER_00"
        },
        {
          "word": "and",
          "start": 36.18,
          "end": 36.26,
          "score": 0.816,
          "speaker": "SPEAKER_00"
        },
        {
          "word": "they",
          "start": 36.28,
          "end": 36.42,
          "score": 0.862,
          "speaker": "SPEAKER_00"
        },
        {
          "word": "leave.",
          "start": 36.48,
          "end": 36.66,
          "score": 0.979,
          "speaker": "SPEAKER_00"
        }
      ],
      "speaker": "SPEAKER_00"
    },
    {
      "start": 36.7,
      "end": 42.243,
      "text": "So it's a pretty tense situation, I must say, especially the closer you get to Gaza.",
      "words": [
        {
          "word": "So",
          "start": 36.7,
          "end": 37.541,
          "score": 0.742,
          "speaker": "SPEAKER_00"
        },
        {
          "word": "it's",
          "start": 38.221,
          "end": 38.341,
          "score": 0.759,
          "speaker": "SPEAKER_00"
        },
        {
          "word": "a",
          "start": 38.361,
          "end": 38.401,
          "score": 0.542,
          "speaker": "SPEAKER_00"
        },
        {
          "word": "pretty",
          "start": 38.441,
          "end": 38.661,
          "score": 0.868,
          "speaker": "SPEAKER_00"
        },
        {
          "word": "tense",
          "start": 38.742,
          "end": 39.002,
          "score": 0.732,
          "speaker": "SPEAKER_00"
        },
        {
          "word": "situation,",
          "start": 39.042,
          "end": 39.662,
          "score": 0.856,
          "speaker": "SPEAKER_00"
        },
        {
          "word": "I",
          "start": 39.702,
          "end": 39.762,
          "score": 0.656,
          "speaker": "SPEAKER_00"
        },
        {
          "word": "must",
          "start": 39.822,
          "end": 39.982,
          "score": 0.881,
          "speaker": "SPEAKER_00"
        },
        {
          "word": "say,",
          "start": 40.022,
          "end": 40.222,
          "score": 0.875,
          "speaker": "SPEAKER_00"
        },
        {
          "word": "especially",
          "start": 40.462,
          "end": 40.943,
          "score": 0.839,
          "speaker": "SPEAKER_00"
        },
        {
          "word": "the",
          "start": 41.003,
          "end": 41.063,
          "score": 0.991,
          "speaker": "SPEAKER_00"
        },
        {
          "word": "closer",
          "start": 41.103,
          "end": 41.483,
          "score": 0.892,
          "speaker": "SPEAKER_00"
        },
        {
          "word": "you",
          "start": 41.543,
          "end": 41.663,
          "score": 0.973,
          "speaker": "SPEAKER_00"
        },
        {
          "word": "get",
          "start": 41.703,
          "end": 41.803,
          "score": 0.839,
          "speaker": "SPEAKER_00"
        },
        {
          "word": "to",
          "start": 41.843,
          "end": 41.943,
          "score": 0.632,
          "speaker": "SPEAKER_00"
        },
        {
          "word": "Gaza.",
          "start": 41.963,
          "end": 42.243,
          "score": 0.58,
          "speaker": "SPEAKER_00"
        }
      ],
      "speaker": "SPEAKER_00"
    },
    {
      "start": 42.303,
      "end": 45.305,
      "text": "And this area where I am right now is very, very close.",
      "words": [
        {
          "word": "And",
          "start": 42.303,
          "end": 42.383,
          "score": 0.606,
          "speaker": "SPEAKER_00"
        },
        {
          "word": "this",
          "start": 42.403,
          "end": 42.584,
          "score": 0.764,
          "speaker": "SPEAKER_00"
        },
        {
          "word": "area",
          "start": 42.924,
          "end": 43.224,
          "score": 0.61,
          "speaker": "SPEAKER_00"
        },
        {
          "word": "where",
          "start": 43.244,
          "end": 43.404,
          "score": 0.88,
          "speaker": "SPEAKER_00"
        },
        {
          "word": "I",
          "start": 43.484,
          "end": 43.544,
          "score": 0.871,
          "speaker": "SPEAKER_00"
        },
        {
          "word": "am",
          "start": 43.644,
          "end": 43.744,
          "score": 0.832,
          "speaker": "SPEAKER_00"
        },
        {
          "word": "right",
          "start": 43.784,
          "end": 43.984,
          "score": 0.835,
          "speaker": "SPEAKER_00"
        },
        {
          "word": "now",
          "start": 44.024,
          "end": 44.204,
          "score": 0.994,
          "speaker": "SPEAKER_00"
        },
        {
          "word": "is",
          "start": 44.264,
          "end": 44.385,
          "score": 0.535,
          "speaker": "SPEAKER_00"
        },
        {
          "word": "very,",
          "start": 44.465,
          "end": 44.745,
          "score": 0.783,
          "speaker": "SPEAKER_00"
        },
        {
          "word": "very",
          "start": 44.805,
          "end": 45.025,
          "score": 0.971,
          "speaker": "SPEAKER_00"
        },
        {
          "word": "close.",
          "start": 45.085,
          "end": 45.305,
          "score": 0.587,
          "speaker": "SPEAKER_00"
        }
      ],
      "speaker": "SPEAKER_00"
    },
    {
      "start": 45.325,
      "end": 47.966,
      "text": "I want to pause, Wolf, just for one second so we can hear these sirens.",
      "words": [
        {
          "word": "I",
          "start": 45.325,
          "end": 45.345,
          "score": 0.0,
          "speaker": "SPEAKER_00"
        },
        {
          "word": "want",
          "start": 45.525,
          "end": 45.645,
          "score": 0.387,
          "speaker": "SPEAKER_01"
        },
        {
          "word": "to",
          "start": 45.665,
          "end": 45.705,
          "score": 0.002,
          "speaker": "SPEAKER_01"
        },
        {
          "word": "pause,",
          "start": 45.765,
          "end": 46.025,
          "score": 0.653,
          "speaker": "SPEAKER_01"
        },
        {
          "word": "Wolf,",
          "start": 46.045,
          "end": 46.185,
          "score": 0.273,
          "speaker": "SPEAKER_01"
        },
        {
          "word": "just",
          "start": 46.225,
          "end": 46.346,
          "score": 0.915,
          "speaker": "SPEAKER_01"
        },
        {
          "word": "for",
          "start": 46.366,
          "end": 46.426,
          "score": 0.0,
          "speaker": "SPEAKER_01"
        },
        {
          "word": "one",
          "start": 46.446,
          "end": 46.566,
          "score": 0.694,
          "speaker": "SPEAKER_01"
        },
        {
          "word": "second",
          "start": 46.586,
          "end": 46.806,
          "score": 0.955,
          "speaker": "SPEAKER_01"
        },
        {
          "word": "so",
          "start": 46.826,
          "end": 46.866,
          "score": 0.32,
          "speaker": "SPEAKER_01"
        },
        {
          "word": "we",
          "start": 46.886,
          "end": 46.966,
          "score": 0.65,
          "speaker": "SPEAKER_01"
        },
        {
          "word": "can",
          "start": 46.986,
          "end": 47.106,
          "score": 0.815,
          "speaker": "SPEAKER_01"
        },
        {
          "word": "hear",
          "start": 47.146,
          "end": 47.286,
          "score": 0.766,
          "speaker": "SPEAKER_01"
        },
        {
          "word": "these",
          "start": 47.326,
          "end": 47.466,
          "score": 0.839,
          "speaker": "SPEAKER_01"
        },
        {
          "word": "sirens.",
          "start": 47.506,
          "end": 47.966,
          "score": 0.866,
          "speaker": "SPEAKER_01"
        }
      ],
      "speaker": "SPEAKER_01"
    },
    {
      "start": 47.986,
      "end": 48.787,
      "text": "We're running in.",
      "words": [
        {
          "word": "We're",
          "start": 47.986,
          "end": 48.327,
          "score": 0.644,
          "speaker": "SPEAKER_01"
        },
        {
          "word": "running",
          "start": 48.387,
          "end": 48.727,
          "score": 0.856,
          "speaker": "SPEAKER_00"
        },
        {
          "word": "in.",
          "start": 48.747,
          "end": 48.787,
          "score": 0.025,
          "speaker": "SPEAKER_00"
        }
      ],
      "speaker": "SPEAKER_00"
    }
  ],
  "word_segments": [
    {
      "word": "John,",
      "start": 0.249,
      "end": 0.489,
      "score": 0.752,
      "speaker": "SPEAKER_00"
    },
    {
      "word": "I",
      "start": 0.529,
      "end": 0.569,
      "score": 0.98,
      "speaker": "SPEAKER_00"
    },
    {
      "word": "was",
      "start": 0.609,
      "end": 0.729,
      "score": 0.784,
      "speaker": "SPEAKER_00"
    },
    {
      "word": "driving",
      "start": 0.789,
      "end": 1.349,
      "score": 0.798,
      "speaker": "SPEAKER_00"
    },
    {
      "word": "after",
      "start": 1.729,
      "end": 1.929,
      "score": 0.877,
      "speaker": "SPEAKER_00"
    },
    {
      "word": "we",
      "start": 1.969,
      "end": 2.069,
      "score": 0.997,
      "speaker": "SPEAKER_00"
    },
    {
      "word": "left",
      "start": 2.109,
      "end": 2.289,
      "score": 0.683,
      "speaker": "SPEAKER_00"
    },
    {
      "word": "that",
      "start": 2.329,
      "end": 2.49,
      "score": 0.756,
      "speaker": "SPEAKER_00"
    },
    {
      "word": "gas",
      "start": 2.55,
      "end": 2.79,
      "score": 0.926,
      "speaker": "SPEAKER_00"
    },
    {
      "word": "station.",
      "start": 2.83,
      "end": 3.19,
      "score": 0.957,
      "speaker": "SPEAKER_00"
    },
    {
      "word": "We",
      "start": 3.23,
      "end": 3.33,
      "score": 0.8,
      "speaker": "SPEAKER_00"
    },
    {
      "word": "were",
      "start": 3.37,
      "end": 3.51,
      "score": 0.806,
      "speaker": "SPEAKER_00"
    },
    {
      "word": "driving",
      "start": 3.53,
      "end": 3.95,
      "score": 0.85,
      "speaker": "SPEAKER_00"
    },
    {
      "word": "on",
      "start": 4.63,
      "end": 4.73,
      "score": 0.892,
      "speaker": "SPEAKER_00"
    },
    {
      "word": "a",
      "start": 4.77,
      "end": 4.85,
      "score": 0.903,
      "speaker": "SPEAKER_00"
    },
    {
      "word": "major",
      "start": 5.03,
      "end": 5.37,
      "score": 0.888,
      "speaker": "SPEAKER_00"
    },
    {
      "word": "street,",
      "start": 5.45,
      "end": 5.77,
      "score": 0.783,
      "speaker": "SPEAKER_00"
    },
    {
      "word": "major",
      "start": 6.11,
      "end": 6.41,
      "score": 0.883,
      "speaker": "SPEAKER_00"
    },
    {
      "word": "highway",
      "start": 6.47,
      "end": 7.01,
      "score": 0.978,
      "speaker": "SPEAKER_00"
    },
    {
      "word": "in",
      "start": 7.371,
      "end": 7.531,
      "score": 0.879,
      "speaker": "SPEAKER_00"
    },
    {
      "word": "Ashdod,",
      "start": 7.871,
      "end": 8.371,
      "score": 0.854,
      "speaker": "SPEAKER_00"
    },
    {
      "word": "not",
      "start": 8.411,
      "end": 8.551,
      "score": 0.972,
      "speaker": "SPEAKER_00"
    },
    {
      "word": "far",
      "start": 8.631,
      "end": 8.851,
      "score": 0.862,
      "speaker": "SPEAKER_00"
    },
    {
      "word": "from",
      "start": 8.871,
      "end": 9.011,
      "score": 0.782,
      "speaker": "SPEAKER_00"
    },
    {
      "word": "the",
      "start": 9.031,
      "end": 9.091,
      "score": 0.86,
      "speaker": "SPEAKER_00"
    },
    {
      "word": "border",
      "start": 9.151,
      "end": 9.631,
      "score": 0.842,
      "speaker": "SPEAKER_00"
    },
    {
      "word": "with",
      "start": 9.771,
      "end": 9.951,
      "score": 0.896,
      "speaker": "SPEAKER_00"
    },
    {
      "word": "Gaza.",
      "start": 10.031,
      "end": 10.551,
      "score": 0.828,
      "speaker": "SPEAKER_00"
    },
    {
      "word": "And",
      "start": 10.791,
      "end": 10.891,
      "score": 0.799,
      "speaker": "SPEAKER_00"
    },
    {
      "word": "all",
      "start": 11.031,
      "end": 11.171,
      "score": 0.825,
      "speaker": "SPEAKER_00"
    },
    {
      "word": "of",
      "start": 11.191,
      "end": 11.251,
      "score": 0.74,
      "speaker": "SPEAKER_00"
    },
    {
      "word": "a",
      "start": 11.291,
      "end": 11.331,
      "score": 0.482,
      "speaker": "SPEAKER_00"
    },
    {
      "word": "sudden,",
      "start": 11.371,
      "end": 11.571,
      "score": 0.913,
      "speaker": "SPEAKER_00"
    },
    {
      "word": "we",
      "start": 11.591,
      "end": 11.691,
      "score": 0.866,
      "speaker": "SPEAKER_00"
    },
    {
      "word": "heard",
      "start": 11.711,
      "end": 11.851,
      "score": 0.806,
      "speaker": "SPEAKER_00"
    },
    {
      "word": "the",
      "start": 11.911,
      "end": 11.991,
      "score": 0.832,
      "speaker": "SPEAKER_00"
    },
    {
      "word": "sirens.",
      "start": 12.051,
      "end": 12.492,
      "score": 0.913,
      "speaker": "SPEAKER_00"
    },
    {
      "word": "And",
      "start": 12.792,
      "end": 12.892,
      "score": 0.7,
      "speaker": "SPEAKER_00"
    },
    {
      "word": "you",
      "start": 12.932,
      "end": 12.992,
      "score": 0.998,
      "speaker": "SPEAKER_00"
    },
    {
      "word": "know",
      "start": 13.032,
      "end": 13.112,
      "score": 0.999,
      "speaker": "SPEAKER_00"
    },
    {
      "word": "what",
      "start": 13.132,
      "end": 13.232,
      "score": 0.497,
      "speaker": "SPEAKER_00"
    },
    {
      "word": "they",
      "start": 13.252,
      "end": 13.392,
      "score": 0.968,
      "speaker": "SPEAKER_00"
    },
    {
      "word": "do?",
      "start": 13.432,
      "end": 13.592,
      "score": 0.861,
      "speaker": "SPEAKER_00"
    },
    {
      "word": "Cars",
      "start": 13.732,
      "end": 14.132,
      "score": 0.662,
      "speaker": "SPEAKER_00"
    },
    {
      "word": "immediately",
      "start": 14.252,
      "end": 14.872,
      "score": 0.912,
      "speaker": "SPEAKER_00"
    },
    {
      "word": "stop",
      "start": 14.952,
      "end": 15.312,
      "score": 0.779,
      "speaker": "SPEAKER_00"
    },
    {
      "word": "right",
      "start": 15.632,
      "end": 15.872,
      "score": 0.648,
      "speaker": "SPEAKER_00"
    },
    {
      "word": "in",
      "start": 15.912,
      "end": 15.972,
      "score": 0.848,
      "speaker": "SPEAKER_00"
    },
    {
      "word": "the",
      "start": 16.012,
      "end": 16.092,
      "score": 0.833,
      "speaker": "SPEAKER_00"
    },
    {
      "word": "middle",
      "start": 16.112,
      "end": 16.312,
      "score": 0.872,
      "speaker": "SPEAKER_00"
    },
    {
      "word": "of",
      "start": 16.332,
      "end": 16.372,
      "score": 0.996,
      "speaker": "SPEAKER_00"
    },
    {
      "word": "the",
      "start": 16.432,
      "end": 16.492,
      "score": 0.994,
      "speaker": "SPEAKER_00"
    },
    {
      "word": "street.",
      "start": 16.532,
      "end": 16.812,
      "score": 0.713,
      "speaker": "SPEAKER_00"
    },
    {
      "word": "Everyone",
      "start": 16.972,
      "end": 17.373,
      "score": 0.714,
      "speaker": "SPEAKER_00"
    },
    {
      "word": "gets",
      "start": 17.413,
      "end": 17.593,
      "score": 0.79,
      "speaker": "SPEAKER_00"
    },
    {
      "word": "out",
      "start": 17.673,
      "end": 17.773,
      "score": 0.864,
      "speaker": "SPEAKER_00"
    },
    {
      "word": "of",
      "start": 17.813,
      "end": 17.853,
      "score": 0.984,
      "speaker": "SPEAKER_00"
    },
    {
      "word": "their",
      "start": 17.873,
      "end": 18.013,
      "score": 0.936,
      "speaker": "SPEAKER_00"
    },
    {
      "word": "cars.",
      "start": 18.053,
      "end": 18.333,
      "score": 0.66,
      "speaker": "SPEAKER_00"
    },
    {
      "word": "The",
      "start": 18.373,
      "end": 18.433,
      "score": 0.988,
      "speaker": "SPEAKER_00"
    },
    {
      "word": "doors",
      "start": 18.473,
      "end": 18.713,
      "score": 0.906,
      "speaker": "SPEAKER_00"
    },
    {
      "word": "are",
      "start": 18.773,
      "end": 18.893,
      "score": 0.608,
      "speaker": "SPEAKER_00"
    },
    {
      "word": "open.",
      "start": 18.933,
      "end": 19.153,
      "score": 0.758,
      "speaker": "SPEAKER_00"
    },
    {
      "word": "And",
      "start": 19.413,
      "end": 19.493,
      "score": 0.839,
      "speaker": "SPEAKER_00"
    },
    {
      "word": "they",
      "start": 19.533,
      "end": 19.673,
      "score": 0.894,
      "speaker": "SPEAKER_00"
    },
    {
      "word": "run",
      "start": 19.713,
      "end": 19.873,
      "score": 0.924,
      "speaker": "SPEAKER_00"
    },
    {
      "word": "towards",
      "start": 19.913,
      "end": 20.193,
      "score": 0.79,
      "speaker": "SPEAKER_00"
    },
    {
      "word": "the",
      "start": 20.233,
      "end": 20.313,
      "score": 0.831,
      "speaker": "SPEAKER_00"
    },
    {
      "word": "closest",
      "start": 20.353,
      "end": 20.773,
      "score": 0.921,
      "speaker": "SPEAKER_00"
    },
    {
      "word": "bunker,",
      "start": 21.173,
      "end": 21.593,
      "score": 0.761,
      "speaker": "SPEAKER_00"
    },
    {
      "word": "the",
      "start": 21.653,
      "end": 21.773,
      "score": 0.795,
      "speaker": "SPEAKER_00"
    },
    {
      "word": "air",
      "start": 21.913,
      "end": 22.033,
      "score": 0.818,
      "speaker": "SPEAKER_00"
    },
    {
      "word": "raid",
      "start": 22.053,
      "end": 22.234,
      "score": 0.629,
      "speaker": "SPEAKER_00"
    },
    {
      "word": "shelters,",
      "start": 22.254,
      "end": 22.634,
      "score": 0.804,
      "speaker": "SPEAKER_00"
    },
    {
      "word": "which",
      "start": 22.674,
      "end": 22.814,
      "score": 0.865,
      "speaker": "SPEAKER_00"
    },
    {
      "word": "are",
      "start": 22.874,
      "end": 22.974,
      "score": 0.725,
      "speaker": "SPEAKER_00"
    },
    {
      "word": "all",
      "start": 23.074,
      "end": 23.214,
      "score": 0.917,
      "speaker": "SPEAKER_00"
    },
    {
      "word": "over",
      "start": 23.294,
      "end": 23.454,
      "score": 0.836,
      "speaker": "SPEAKER_00"
    },
    {
      "word": "the",
      "start": 23.494,
      "end": 23.574,
      "score": 0.826,
      "speaker": "SPEAKER_00"
    },
    {
      "word": "place,",
      "start": 23.614,
      "end": 23.834,
      "score": 0.898,
      "speaker": "SPEAKER_00"
    },
    {
      "word": "especially",
      "start": 23.894,
      "end": 24.314,
      "score": 0.883,
      "speaker": "SPEAKER_00"
    },
    {
      "word": "this",
      "start": 24.634,
      "end": 24.794,
      "score": 0.826,
      "speaker": "SPEAKER_00"
    },
    {
      "word": "close",
      "start": 24.854,
      "end": 25.134,
      "score": 0.952,
      "speaker": "SPEAKER_00"
    },
    {
      "word": "to",
      "start": 25.194,
      "end": 25.294,
      "score": 0.882,
      "speaker": "SPEAKER_00"
    },
    {
      "word": "Gaza.",
      "start": 25.334,
      "end": 25.735,
      "score": 0.813,
      "speaker": "SPEAKER_00"
    },
    {
      "word": "You",
      "start": 26.255,
      "end": 26.415,
      "score": 0.949,
      "speaker": "SPEAKER_00"
    },
    {
      "word": "run",
      "start": 26.455,
      "end": 26.595,
      "score": 0.919,
      "speaker": "SPEAKER_00"
    },
    {
      "word": "in,",
      "start": 26.695,
      "end": 26.815,
      "score": 0.697,
      "speaker": "SPEAKER_00"
    },
    {
      "word": "you",
      "start": 26.875,
      "end": 27.015,
      "score": 0.899,
      "speaker": "SPEAKER_00"
    },
    {
      "word": "get",
      "start": 27.035,
      "end": 27.155,
      "score": 0.803,
      "speaker": "SPEAKER_00"
    },
    {
      "word": "inside",
      "start": 27.195,
      "end": 27.556,
      "score": 0.947,
      "speaker": "SPEAKER_00"
    },
    {
      "word": "a",
      "start": 27.616,
      "end": 27.656,
      "score": 0.592,
      "speaker": "SPEAKER_00"
    },
    {
      "word": "bunker,",
      "start": 27.716,
      "end": 28.056,
      "score": 0.924,
      "speaker": "SPEAKER_00"
    },
    {
      "word": "you",
      "start": 28.316,
      "end": 28.496,
      "score": 0.931,
      "speaker": "SPEAKER_00"
    },
    {
      "word": "wait",
      "start": 28.516,
      "end": 28.756,
      "score": 0.903,
      "speaker": "SPEAKER_00"
    },
    {
      "word": "at",
      "start": 29.036,
      "end": 29.096,
      "score": 0.75,
      "speaker": "SPEAKER_00"
    },
    {
      "word": "least",
      "start": 29.136,
      "end": 29.297,
      "score": 0.796,
      "speaker": "SPEAKER_00"
    },
    {
      "word": "five",
      "start": 29.337,
      "end": 29.557,
      "score": 0.911,
      "speaker": "SPEAKER_00"
    },
    {
      "word": "minutes,",
      "start": 29.597,
      "end": 29.837,
      "score": 0.868,
      "speaker": "SPEAKER_00"
    },
    {
      "word": "maybe",
      "start": 29.877,
      "end": 30.097,
      "score": 0.886,
      "speaker": "SPEAKER_00"
    },
    {
      "word": "10"
    },
    {
      "word": "minutes",
      "start": 30.317,
      "end": 30.557,
      "score": 0.906,
      "speaker": "SPEAKER_00"
    },
    {
      "word": "for",
      "start": 30.817,
      "end": 30.977,
      "score": 0.824,
      "speaker": "SPEAKER_00"
    },
    {
      "word": "it",
      "start": 31.017,
      "end": 31.097,
      "score": 0.766,
      "speaker": "SPEAKER_00"
    },
    {
      "word": "all",
      "start": 31.258,
      "end": 31.418,
      "score": 0.895,
      "speaker": "SPEAKER_00"
    },
    {
      "word": "clear,",
      "start": 31.498,
      "end": 31.838,
      "score": 0.743,
      "speaker": "SPEAKER_00"
    },
    {
      "word": "and",
      "start": 32.358,
      "end": 32.438,
      "score": 0.916,
      "speaker": "SPEAKER_00"
    },
    {
      "word": "then",
      "start": 32.458,
      "end": 32.578,
      "score": 0.951,
      "speaker": "SPEAKER_00"
    },
    {
      "word": "you",
      "start": 32.618,
      "end": 32.758,
      "score": 0.931,
      "speaker": "SPEAKER_00"
    },
    {
      "word": "go",
      "start": 32.778,
      "end": 32.898,
      "score": 0.695,
      "speaker": "SPEAKER_00"
    },
    {
      "word": "back",
      "start": 32.938,
      "end": 33.119,
      "score": 0.881,
      "speaker": "SPEAKER_00"
    },
    {
      "word": "to",
      "start": 33.159,
      "end": 33.279,
      "score": 0.706,
      "speaker": "SPEAKER_00"
    },
    {
      "word": "your",
      "start": 33.299,
      "end": 33.439,
      "score": 0.686,
      "speaker": "SPEAKER_00"
    },
    {
      "word": "vehicle.",
      "start": 33.479,
      "end": 33.819,
      "score": 0.796,
      "speaker": "SPEAKER_00"
    },
    {
      "word": "The",
      "start": 33.859,
      "end": 33.939,
      "score": 0.843,
      "speaker": "SPEAKER_00"
    },
    {
      "word": "doors",
      "start": 33.979,
      "end": 34.179,
      "score": 0.841,
      "speaker": "SPEAKER_00"
    },
    {
      "word": "are",
      "start": 34.239,
      "end": 34.319,
      "score": 0.895,
      "speaker": "SPEAKER_00"
    },
    {
      "word": "wide",
      "start": 34.359,
      "end": 34.559,
      "score": 0.982,
      "speaker": "SPEAKER_00"
    },
    {
      "word": "open.",
      "start": 34.619,
      "end": 34.799,
      "score": 0.829,
      "speaker": "SPEAKER_00"
    },
    {
      "word": "Everyone",
      "start": 34.839,
      "end": 35.14,
      "score": 0.822,
      "speaker": "SPEAKER_00"
    },
    {
      "word": "gets",
      "start": 35.18,
      "end": 35.36,
      "score": 0.845,
      "speaker": "SPEAKER_00"
    },
    {
      "word": "back",
      "start": 35.42,
      "end": 35.62,
      "score": 0.991,
      "speaker": "SPEAKER_00"
    },
    {
      "word": "in",
      "start": 35.72,
      "end": 35.82,
      "score": 0.552,
      "speaker": "SPEAKER_00"
    },
    {
      "word": "and",
      "start": 36.18,
      "end": 36.26,
      "score": 0.816,
      "speaker": "SPEAKER_00"
    },
    {
      "word": "they",
      "start": 36.28,
      "end": 36.42,
      "score": 0.862,
      "speaker": "SPEAKER_00"
    },
    {
      "word": "leave.",
      "start": 36.48,
      "end": 36.66,
      "score": 0.979,
      "speaker": "SPEAKER_00"
    },
    {
      "word": "So",
      "start": 36.7,
      "end": 37.541,
      "score": 0.742,
      "speaker": "SPEAKER_00"
    },
    {
      "word": "it's",
      "start": 38.221,
      "end": 38.341,
      "score": 0.759,
      "speaker": "SPEAKER_00"
    },
    {
      "word": "a",
      "start": 38.361,
      "end": 38.401,
      "score": 0.542,
      "speaker": "SPEAKER_00"
    },
    {
      "word": "pretty",
      "start": 38.441,
      "end": 38.661,
      "score": 0.868,
      "speaker": "SPEAKER_00"
    },
    {
      "word": "tense",
      "start": 38.742,
      "end": 39.002,
      "score": 0.732,
      "speaker": "SPEAKER_00"
    },
    {
      "word": "situation,",
      "start": 39.042,
      "end": 39.662,
      "score": 0.856,
      "speaker": "SPEAKER_00"
    },
    {
      "word": "I",
      "start": 39.702,
      "end": 39.762,
      "score": 0.656,
      "speaker": "SPEAKER_00"
    },
    {
      "word": "must",
      "start": 39.822,
      "end": 39.982,
      "score": 0.881,
      "speaker": "SPEAKER_00"
    },
    {
      "word": "say,",
      "start": 40.022,
      "end": 40.222,
      "score": 0.875,
      "speaker": "SPEAKER_00"
    },
    {
      "word": "especially",
      "start": 40.462,
      "end": 40.943,
      "score": 0.839,
      "speaker": "SPEAKER_00"
    },
    {
      "word": "the",
      "start": 41.003,
      "end": 41.063,
      "score": 0.991,
      "speaker": "SPEAKER_00"
    },
    {
      "word": "closer",
      "start": 41.103,
      "end": 41.483,
      "score": 0.892,
      "speaker": "SPEAKER_00"
    },
    {
      "word": "you",
      "start": 41.543,
      "end": 41.663,
      "score": 0.973,
      "speaker": "SPEAKER_00"
    },
    {
      "word": "get",
      "start": 41.703,
      "end": 41.803,
      "score": 0.839,
      "speaker": "SPEAKER_00"
    },
    {
      "word": "to",
      "start": 41.843,
      "end": 41.943,
      "score": 0.632,
      "speaker": "SPEAKER_00"
    },
    {
      "word": "Gaza.",
      "start": 41.963,
      "end": 42.243,
      "score": 0.58,
      "speaker": "SPEAKER_00"
    },
    {
      "word": "And",
      "start": 42.303,
      "end": 42.383,
      "score": 0.606,
      "speaker": "SPEAKER_00"
    },
    {
      "word": "this",
      "start": 42.403,
      "end": 42.584,
      "score": 0.764,
      "speaker": "SPEAKER_00"
    },
    {
      "word": "area",
      "start": 42.924,
      "end": 43.224,
      "score": 0.61,
      "speaker": "SPEAKER_00"
    },
    {
      "word": "where",
      "start": 43.244,
      "end": 43.404,
      "score": 0.88,
      "speaker": "SPEAKER_00"
    },
    {
      "word": "I",
      "start": 43.484,
      "end": 43.544,
      "score": 0.871,
      "speaker": "SPEAKER_00"
    },
    {
      "word": "am",
      "start": 43.644,
      "end": 43.744,
      "score": 0.832,
      "speaker": "SPEAKER_00"
    },
    {
      "word": "right",
      "start": 43.784,
      "end": 43.984,
      "score": 0.835,
      "speaker": "SPEAKER_00"
    },
    {
      "word": "now",
      "start": 44.024,
      "end": 44.204,
      "score": 0.994,
      "speaker": "SPEAKER_00"
    },
    {
      "word": "is",
      "start": 44.264,
      "end": 44.385,
      "score": 0.535,
      "speaker": "SPEAKER_00"
    },
    {
      "word": "very,",
      "start": 44.465,
      "end": 44.745,
      "score": 0.783,
      "speaker": "SPEAKER_00"
    },
    {
      "word": "very",
      "start": 44.805,
      "end": 45.025,
      "score": 0.971,
      "speaker": "SPEAKER_00"
    },
    {
      "word": "close.",
      "start": 45.085,
      "end": 45.305,
      "score": 0.587,
      "speaker": "SPEAKER_00"
    },
    {
      "word": "I",
      "start": 45.325,
      "end": 45.345,
      "score": 0.0,
      "speaker": "SPEAKER_00"
    },
    {
      "word": "want",
      "start": 45.525,
      "end": 45.645,
      "score": 0.387,
      "speaker": "SPEAKER_01"
    },
    {
      "word": "to",
      "start": 45.665,
      "end": 45.705,
      "score": 0.002,
      "speaker": "SPEAKER_01"
    },
    {
      "word": "pause,",
      "start": 45.765,
      "end": 46.025,
      "score": 0.653,
      "speaker": "SPEAKER_01"
    },
    {
      "word": "Wolf,",
      "start": 46.045,
      "end": 46.185,
      "score": 0.273,
      "speaker": "SPEAKER_01"
    },
    {
      "word": "just",
      "start": 46.225,
      "end": 46.346,
      "score": 0.915,
      "speaker": "SPEAKER_01"
    },
    {
      "word": "for",
      "start": 46.366,
      "end": 46.426,
      "score": 0.0,
      "speaker": "SPEAKER_01"
    },
    {
      "word": "one",
      "start": 46.446,
      "end": 46.566,
      "score": 0.694,
      "speaker": "SPEAKER_01"
    },
    {
      "word": "second",
      "start": 46.586,
      "end": 46.806,
      "score": 0.955,
      "speaker": "SPEAKER_01"
    },
    {
      "word": "so",
      "start": 46.826,
      "end": 46.866,
      "score": 0.32,
      "speaker": "SPEAKER_01"
    },
    {
      "word": "we",
      "start": 46.886,
      "end": 46.966,
      "score": 0.65,
      "speaker": "SPEAKER_01"
    },
    {
      "word": "can",
      "start": 46.986,
      "end": 47.106,
      "score": 0.815,
      "speaker": "SPEAKER_01"
    },
    {
      "word": "hear",
      "start": 47.146,
      "end": 47.286,
      "score": 0.766,
      "speaker": "SPEAKER_01"
    },
    {
      "word": "these",
      "start": 47.326,
      "end": 47.466,
      "score": 0.839,
      "speaker": "SPEAKER_01"
    },
    {
      "word": "sirens.",
      "start": 47.506,
      "end": 47.966,
      "score": 0.866,
      "speaker": "SPEAKER_01"
    },
    {
      "word": "We're",
      "start": 47.986,
      "end": 48.327,
      "score": 0.644,
      "speaker": "SPEAKER_01"
    },
    {
      "word": "running",
      "start": 48.387,
      "end": 48.727,
      "score": 0.856,
      "speaker": "SPEAKER_00"
    },
    {
      "word": "in.",
      "start": 48.747,
      "end": 48.787,
      "score": 0.025,
      "speaker": "SPEAKER_00"
    }
  ],
  "language": "en"
}