{
  "segments": [
    {
      "start": 0.149,
      "end": 6.57,
      "text": " Funding for New Mexico in Focus provided by the McCune Charitable Foundation and viewers like you.",
      "words": [
        {
          "word": "Funding",
          "start": 0.149,
          "end": 0.469,
          "score": 0.917,
          "speaker": "SPEAKER_01"
        },
        {
          "word": "for",
          "start": 0.529,
          "end": 0.669,
          "score": 0.793,
          "speaker": "SPEAKER_01"
        },
        {
          "word": "New",
          "start": 0.729,
          "end": 0.849,
          "score": 0.702,
          "speaker": "SPEAKER_01"
        },
        {
          "word": "Mexico",
          "start": 0.889,
          "end": 1.329,
          "score": 0.844,
          "speaker": "SPEAKER_01"
        },
        {
          "word": "in",
          "start": 1.389,
          "end": 1.489,
          "score": 0.14,
          "speaker": "SPEAKER_01"
        },
        {
          "word": "Focus",
          "start": 1.529,
          "end": 1.929,
          "score": 0.822,
          "speaker": "SPEAKER_01"
        },
        {
          "word": "provided",
          "start": 2.049,
          "end": 2.469,
          "score": 0.932,
          "speaker": "SPEAKER_01"
        },
        {
          "word": "by",
          "start": 2.53,
          "end": 2.65,
          "score": 0.865,
          "speaker": "SPEAKER_01"
        },
        {
          "word": "the",
          "start": 2.69,
          "end": 2.77,
          "score": 0.823,
          "speaker": "SPEAKER_01"
        },
        {
          "word": "McCune",
          "start": 2.81,
          "end": 3.25,
          "score": 0.921,
          "speaker": "SPEAKER_01"
        },
        {
          "word": "Charitable",
          "start": 3.29,
          "end": 3.75,
          "score": 0.692,
          "speaker": "SPEAKER_01"
        },
        {
          "word": "Foundation",
          "start": 3.79,
          "end": 4.33,
          "score": 0.768,
          "speaker": "SPEAKER_01"
        },
        {
          "word": "and",
          "start": 5.53,
          "end": 5.63,
          "score": 0.716,
          "speaker": "SPEAKER_01"
        },
        {
          "word": "viewers",
          "start": 5.69,
          "end": 6.07,
          "score": 0.795,
          "speaker": "SPEAKER_01"
        },
        {
          "word": "like",
          "start": 6.13,
          "end": 6.33,
          "score": 0.837,
          "speaker": "SPEAKER_01"
        },
        {
          "word": "you.",
          "start": 6.35,
          "end": 6.57,
          "score": 0.862,
          "speaker": "SPEAKER_01"
        }
      ],
      "speaker": "SPEAKER_01"
    },
    {
      "start": 8.551,
      "end": 14.132,
      "text": "This week on New Mexico in Focus, the plan to give Albuquerque voters campaign spending vouchers.",
      "words": [
        {
          "word": "This",
          "start": 8.551,
          "end": 8.731,
          "score": 0.93,
          "speaker": "SPEAKER_00"
        },
        {
          "word": "week",
          "start": 8.811,
          "end": 9.071,
          "score": 0.975,
          "speaker": "SPEAKER_00"
        },
        {
          "word": "on",
          "start": 9.151,
          "end": 9.211,
          "score": 0.556,
          "speaker": "SPEAKER_00"
        },
        {
          "word": "New",
          "start": 9.231,
          "end": 9.331,
          "score": 0.574,
          "speaker": "SPEAKER_00"
        },
        {
          "word": "Mexico",
          "start": 9.351,
          "end": 9.711,
          "score": 0.939,
          "speaker": "SPEAKER_00"
        },
        {
          "word": "in",
          "start": 9.751,
          "end": 9.831,
          "score": 0.198,
          "speaker": "SPEAKER_00"
        },
        {
          "word": "Focus,",
          "start": 9.871,
          "end": 10.251,
          "score": 0.83,
          "speaker": "SPEAKER_00"
        },
        {
          "word": "the",
          "start": 10.811,
          "end": 10.911,
          "score": 0.865,
          "speaker": "SPEAKER_00"
        },
        {
          "word": "plan",
          "start": 10.951,
          "end": 11.251,
          "score": 0.771,
          "speaker": "SPEAKER_00"
        },
        {
          "word": "to",
          "start": 11.291,
          "end": 11.331,
          "score": 0.998,
          "speaker": "SPEAKER_00"
        },
        {
          "word": "give",
          "start": 11.371,
          "end": 11.511,
          "score": 0.963,
          "speaker": "SPEAKER_00"
        },
        {
          "word": "Albuquerque",
          "start": 11.591,
          "end": 12.011,
          "score": 0.574,
          "speaker": "SPEAKER_00"
        },
        {
          "word": "voters",
          "start": 12.051,
          "end": 12.391,
          "score": 0.817,
          "speaker": "SPEAKER_00"
        },
        {
          "word": "campaign",
          "start": 12.531,
          "end": 13.032,
          "score": 0.917,
          "speaker": "SPEAKER_00"
        },
        {
          "word": "spending",
          "start": 13.092,
          "end": 13.492,
          "score": 0.908,
          "speaker": "SPEAKER_00"
        },
        {
          "word": "vouchers.",
          "start": 13.552,
          "end": 14.132,
          "score": 0.828,
          "speaker": "SPEAKER_00"
        }
      ],
      "speaker": "SPEAKER_00"
    },
    {
      "start": 15.452,
      "end": 20.673,
      "text": "This will not assist that heroic individual figure that they portray.",
      "words": [
        {
          "word": "This",
          "start": 15.452,
          "end": 15.632,
          "score": 0.806,
          "speaker": "SPEAKER_02"
        },
        {
          "word": "will",
          "start": 15.692,
          "end": 15.912,
          "score": 0.792,
          "speaker": "SPEAKER_02"
        },
        {
          "word": "not",
          "start": 15.972,
          "end": 16.152,
          "score": 0.975,
          "speaker": "SPEAKER_02"
        },
        {
          "word": "assist",
          "start": 16.212,
          "end": 16.712,
          "score": 0.814,
          "speaker": "SPEAKER_02"
        },
        {
          "word": "that",
          "start": 16.732,
          "end": 17.012,
          "score": 0.615,
          "speaker": "SPEAKER_02"
        },
        {
          "word": "heroic",
          "start": 17.112,
          "end": 17.633,
          "score": 0.878,
          "speaker": "SPEAKER_02"
        },
        {
          "word": "individual",
          "start": 17.793,
          "end": 18.413,
          "score": 0.828,
          "speaker": "SPEAKER_02"
        },
        {
          "word": "figure",
          "start": 18.553,
          "end": 18.973,
          "score": 0.936,
          "speaker": "SPEAKER_02"
        },
        {
          "word": "that",
          "start": 19.833,
          "end": 19.953,
          "score": 0.877,
          "speaker": "SPEAKER_02"
        },
        {
          "word": "they",
          "start": 19.993,
          "end": 20.133,
          "score": 0.868,
          "speaker": "SPEAKER_02"
        },
        {
          "word": "portray.",
          "start": 20.173,
          "end": 20.673,
          "score": 0.897,
          "speaker": "SPEAKER_02"
        }
      ],
      "speaker": "SPEAKER_02"
    },
    {
      "start": 20.753,
      "end": 24.774,
      "text": "It sort of levels the playing field between these corporately funded candidates.",
      "words": [
        {
          "word": "It",
          "start": 20.753,
          "end": 20.913,
          "score": 0.404,
          "speaker": "SPEAKER_01"
        },
        {
          "word": "sort",
          "start": 20.953,
          "end": 21.113,
          "score": 0.941,
          "speaker": "SPEAKER_01"
        },
        {
          "word": "of",
          "start": 21.153,
          "end": 21.193,
          "score": 0.995,
          "speaker": "SPEAKER_01"
        },
        {
          "word": "levels",
          "start": 21.233,
          "end": 21.513,
          "score": 0.833,
          "speaker": "SPEAKER_01"
        },
        {
          "word": "the",
          "start": 21.533,
          "end": 21.633,
          "score": 0.813,
          "speaker": "SPEAKER_01"
        },
        {
          "word": "playing",
          "start": 21.653,
          "end": 21.893,
          "score": 0.805,
          "speaker": "SPEAKER_01"
        },
        {
          "word": "field",
          "start": 21.933,
          "end": 22.133,
          "score": 0.624,
          "speaker": "SPEAKER_01"
        },
        {
          "word": "between",
          "start": 22.153,
          "end": 22.393,
          "score": 0.89,
          "speaker": "SPEAKER_01"
        },
        {
          "word": "these",
          "start": 22.413,
          "end": 22.513,
          "score": 0.02,
          "speaker": "SPEAKER_01"
        },
        {
          "word": "corporately",
          "start": 22.553,
          "end": 23.874,
          "score": 0.802,
          "speaker": "SPEAKER_01"
        },
        {
          "word": "funded",
          "start": 23.954,
          "end": 24.314,
          "score": 0.904,
          "speaker": "SPEAKER_01"
        },
        {
          "word": "candidates.",
          "start": 24.374,
          "end": 24.774,
          "score": 0.902,
          "speaker": "SPEAKER_01"
        }
      ],
      "speaker": "SPEAKER_01"
    },
    {
      "start": 25.974,
      "end": 31.618,
      "text": " AND THE FINAL HIGH SCHOOL ASSESSMENT TEST FOR NEW MEXICO STUDENTS WILL ALSO BE A COLLEGE ENTRANCE EXAM.",
      "words": [
        {
          "word": "AND",
          "start": 25.974,
          "end": 26.114,
          "score": 0.682,
          "speaker": "SPEAKER_00"
        },
        {
          "word": "THE",
          "start": 26.134,
          "end": 26.214,
          "score": 0.843,
          "speaker": "SPEAKER_00"
        },
        {
          "word": "FINAL",
          "start": 26.274,
          "end": 26.555,
          "score": 0.843,
          "speaker": "SPEAKER_00"
        },
        {
          "word": "HIGH",
          "start": 26.595,
          "end": 26.775,
          "score": 0.798,
          "speaker": "SPEAKER_00"
        },
        {
          "word": "SCHOOL",
          "start": 26.815,
          "end": 27.035,
          "score": 0.806,
          "speaker": "SPEAKER_00"
        },
        {
          "word": "ASSESSMENT",
          "start": 27.075,
          "end": 27.535,
          "score": 0.8,
          "speaker": "SPEAKER_00"
        },
        {
          "word": "TEST",
          "start": 27.575,
          "end": 27.815,
          "score": 0.886,
          "speaker": "SPEAKER_00"
        },
        {
          "word": "FOR",
          "start": 27.835,
          "end": 27.935,
          "score": 0.836,
          "speaker": "SPEAKER_00"
        },
        {
          "word": "NEW",
          "start": 27.955,
          "end": 28.056,
          "score": 0.69,
          "speaker": "SPEAKER_00"
        },
        {
          "word": "MEXICO",
          "start": 28.076,
          "end": 28.496,
          "score": 0.983,
          "speaker": "SPEAKER_00"
        },
        {
          "word": "STUDENTS",
          "start": 28.556,
          "end": 28.936,
          "score": 0.821,
          "speaker": "SPEAKER_00"
        },
        {
          "word": "WILL",
          "start": 28.956,
          "end": 29.116,
          "score": 0.936,
          "speaker": "SPEAKER_00"
        },
        {
          "word": "ALSO",
          "start": 29.216,
          "end": 29.537,
          "score": 0.863,
          "speaker": "SPEAKER_00"
        },
        {
          "word": "BE",
          "start": 29.617,
          "end": 29.817,
          "score": 0.838,
          "speaker": "SPEAKER_00"
        },
        {
          "word": "A",
          "start": 29.837,
          "end": 29.857,
          "score": 0.0,
          "speaker": "SPEAKER_00"
        },
        {
          "word": "COLLEGE",
          "start": 30.297,
          "end": 30.637,
          "score": 0.916,
          "speaker": "SPEAKER_00"
        },
        {
          "word": "ENTRANCE",
          "start": 30.777,
          "end": 31.118,
          "score": 0.935,
          "speaker": "SPEAKER_00"
        },
        {
          "word": "EXAM.",
          "start": 31.178,
          "end": 31.618,
          "score": 0.915,
          "speaker": "SPEAKER_00"
        }
      ],
      "speaker": "SPEAKER_00"
    },
    {
      "start": 33.739,
      "end": 35.34,
      "text": "NEW MEXICO IN FOCUS STARTS NOW.",
      "words": [
        {
          "word": "NEW",
          "start": 33.739,
          "end": 33.819,
          "score": 0.289,
          "speaker": "SPEAKER_00"
        },
        {
          "word": "MEXICO",
          "start": 33.859,
          "end": 34.16,
          "score": 0.91,
          "speaker": "SPEAKER_00"
        },
        {
          "word": "IN",
          "start": 34.2,
          "end": 34.26,
          "score": 0.273,
          "speaker": "SPEAKER_00"
        },
        {
          "word": "FOCUS",
          "start": 34.3,
          "end": 34.7,
          "score": 0.738,
          "speaker": "SPEAKER_00"
        },
        {
          "word": "STARTS",
          "start": 34.78,
          "end": 35.08,
          "score": 0.824,
          "speaker": "SPEAKER_00"
        },
        {
          "word": "NOW.",
          "start": 35.14,
          "end": 35.34,
          "score": 0.979,
          "speaker": "SPEAKER_00"
        }
      ],
      "speaker": "SPEAKER_00"
    },
    {
      "start": 39.383,
      "end": 40.504,
      "text": "THANKS FOR JOINING US THIS WEEK.",
      "words": [
        {
          "word": "THANKS",
          "start": 39.383,
          "end": 39.583,
          "score": 0.235,
          "speaker": "SPEAKER_00"
        },
        {
          "word": "FOR",
          "start": 39.603,
          "end": 39.683,
          "score": 0.167,
          "speaker": "SPEAKER_00"
        },
        {
          "word": "JOINING",
          "start": 39.703,
          "end": 39.923,
          "score": 0.62,
          "speaker": "SPEAKER_00"
        },
        {
          "word": "US",
          "start": 39.963,
          "end": 40.044,
          "score": 0.729,
          "speaker": "SPEAKER_00"
        },
        {
          "word": "THIS",
          "start": 40.084,
          "end": 40.224,
          "score": 0.795,
          "speaker": "SPEAKER_00"
        },
        {
          "word": "WEEK.",
          "start": 40.284,
          "end": 40.504,
          "score": 0.958,
          "speaker": "SPEAKER_00"
        }
      ],
      "speaker": "SPEAKER_00"
    },
    {
      "start": 40.524,
      "end": 41.905,
      "text": "I'M YOUR HOST, GENE GRANT.",
      "words": [
        {
          "word": "I'M",
          "start": 40.524,
          "end": 40.704,
          "score": 0.286,
          "speaker": "SPEAKER_00"
        },
        {
          "word": "YOUR",
          "start": 40.744,
          "end": 40.864,
          "score": 0.993,
          "speaker": "SPEAKER_00"
        },
        {
          "word": "HOST,",
          "start": 40.904,
          "end": 41.184,
          "score": 0.757,
          "speaker": "SPEAKER_00"
        },
        {
          "word": "GENE",
          "start": 41.284,
          "end": 41.545,
          "score": 0.843,
          "speaker": "SPEAKER_00"
        },
        {
          "word": "GRANT.",
          "start": 41.585,
          "end": 41.905,
          "score": 0.812,
          "speaker": "SPEAKER_00"
        }
      ],
      "speaker": "SPEAKER_00"
    },
    {
      "start": 42.345,
      "end": 47.469,
      "text": "CONSIDERING THE NATIONAL TRENDS, WE SHOULDN'T BE SURPRISED THAT UNM FACULTY RECENTLY VOTED FOR UNIONIZATION.",
      "words": [
        {
          "word": "CONSIDERING",
          "start": 42.345,
          "end": 42.785,
          "score": 0.862,
          "speaker": "SPEAKER_00"
        },
        {
          "word": "THE",
          "start": 42.805,
          "end": 42.885,
          "score": 0.831,
          "speaker": "SPEAKER_00"
        },
        {
          "word": "NATIONAL",
          "start": 42.925,
          "end": 43.246,
          "score": 0.85,
          "speaker": "SPEAKER_00"
        },
        {
          "word": "TRENDS,",
          "start": 43.306,
          "end": 43.606,
          "score": 0.743,
          "speaker": "SPEAKER_00"
        },
        {
          "word": "WE",
          "start": 43.646,
          "end": 43.746,
          "score": 0.836,
          "speaker": "SPEAKER_00"
        },
        {
          "word": "SHOULDN'T",
          "start": 43.766,
          "end": 44.006,
          "score": 0.857,
          "speaker": "SPEAKER_00"
        },
        {
          "word": "BE",
          "start": 44.046,
          "end": 44.126,
          "score": 0.914,
          "speaker": "SPEAKER_00"
        },
        {
          "word": "SURPRISED",
          "start": 44.166,
          "end": 44.647,
          "score": 0.926,
          "speaker": "SPEAKER_00"
        },
        {
          "word": "THAT",
          "start": 44.667,
          "end": 44.767,
          "score": 0.999,
          "speaker": "SPEAKER_00"
        },
        {
          "word": "UNM",
          "start": 44.867,
          "end": 45.107,
          "score": 0.777,
          "speaker": "SPEAKER_00"
        },
        {
          "word": "FACULTY",
          "start": 45.167,
          "end": 45.567,
          "score": 0.78,
          "speaker": "SPEAKER_00"
        },
        {
          "word": "RECENTLY",
          "start": 45.647,
          "end": 46.008,
          "score": 0.909,
          "speaker": "SPEAKER_00"
        },
        {
          "word": "VOTED",
          "start": 46.068,
          "end": 46.288,
          "score": 0.878,
          "speaker": "SPEAKER_00"
        },
        {
          "word": "FOR",
          "start": 46.408,
          "end": 46.688,
          "score": 0.704,
          "speaker": "SPEAKER_00"
        },
        {
          "word": "UNIONIZATION.",
          "start": 46.788,
          "end": 47.469,
          "score": 0.788,
          "speaker": "SPEAKER_00"
        }
      ],
      "speaker": "SPEAKER_00"
    },
    {
      "start": 48.129,
      "end": 51.411,
      "text": "MOST UNIONIZED WORKERS IN NEW MEXICO ARE PRIMARILY PUBLIC EMPLOYEES.",
      "words": [
        {
          "word": "MOST",
          "start": 48.129,
          "end": 48.329,
          "score": 0.782,
          "speaker": "SPEAKER_00"
        },
        {
          "word": "UNIONIZED",
          "start": 48.469,
          "end": 48.889,
          "score": 0.794,
          "speaker": "SPEAKER_00"
        },
        {
          "word": "WORKERS",
          "start": 48.949,
          "end": 49.25,
          "score": 0.894,
          "speaker": "SPEAKER_00"
        },
        {
          "word": "IN",
          "start": 49.29,
          "end": 49.35,
          "score": 0.984,
          "speaker": "SPEAKER_00"
        },
        {
          "word": "NEW",
          "start": 49.37,
          "end": 49.43,
          "score": 0.088,
          "speaker": "SPEAKER_00"
        },
        {
          "word": "MEXICO",
          "start": 49.47,
          "end": 49.75,
          "score": 0.921,
          "speaker": "SPEAKER_00"
        },
        {
          "word": "ARE",
          "start": 49.79,
          "end": 49.89,
          "score": 0.63,
          "speaker": "SPEAKER_00"
        },
        {
          "word": "PRIMARILY",
          "start": 49.93,
          "end": 50.39,
          "score": 0.779,
          "speaker": "SPEAKER_00"
        },
        {
          "word": "PUBLIC",
          "start": 50.471,
          "end": 50.751,
          "score": 0.891,
          "speaker": "SPEAKER_00"
        },
        {
          "word": "EMPLOYEES.",
          "start": 50.791,
          "end": 51.411,
          "score": 0.818,
          "speaker": "SPEAKER_00"
        }
      ],
      "speaker": "SPEAKER_00"
    },
    {
      "start": 51.871,
      "end": 53.893,
      "text": "HOW DOES THE UNM VOTE IMPACT THE LANDSCAPE?",
      "words": [
        {
          "word": "HOW",
          "start": 51.871,
          "end": 52.012,
          "score": 0.903,
          "speaker": "SPEAKER_00"
        },
        {
          "word": "DOES",
          "start": 52.052,
          "end": 52.192,
          "score": 0.756,
          "speaker": "SPEAKER_00"
        },
        {
          "word": "THE",
          "start": 52.212,
          "end": 52.292,
          "score": 0.832,
          "speaker": "SPEAKER_00"
        },
        {
          "word": "UNM",
          "start": 52.352,
          "end": 52.592,
          "score": 0.731,
          "speaker": "SPEAKER_00"
        },
        {
          "word": "VOTE",
          "start": 52.632,
          "end": 52.832,
          "score": 0.865,
          "speaker": "SPEAKER_00"
        },
        {
          "word": "IMPACT",
          "start": 52.872,
          "end": 53.232,
          "score": 0.764,
          "speaker": "SPEAKER_00"
        },
        {
          "word": "THE",
          "start": 53.272,
          "end": 53.352,
          "score": 0.838,
          "speaker": "SPEAKER_00"
        },
        {
          "word": "LANDSCAPE?",
          "start": 53.392,
          "end": 53.893,
          "score": 0.845,
          "speaker": "SPEAKER_00"
        }
      ],
      "speaker": "SPEAKER_00"
    },
    {
      "start": 54.253,
      "end": 55.074,
      "text": "THE LINE DIGS IN.",
      "words": [
        {
          "word": "THE",
          "start": 54.253,
          "end": 54.353,
          "score": 0.851,
          "speaker": "SPEAKER_00"
        },
        {
          "word": "LINE",
          "start": 54.393,
          "end": 54.673,
          "score": 0.905,
          "speaker": "SPEAKER_00"
        },
        {
          "word": "DIGS",
          "start": 54.693,
          "end": 54.934,
          "score": 0.874,
          "speaker": "SPEAKER_00"
        },
        {
          "word": "IN.",
          "start": 55.034,
          "end": 55.074,
          "score": 0.995,
          "speaker": "SPEAKER_00"
        }
      ],
      "speaker": "SPEAKER_00"
    },
    {
      "start": 55.774,
      "end": 63.737,
      "text": " A number of Democrats are not seeking reelection in our statehouse, and the progressive wing of the state Senate is seemingly losing patience with the more conservative end of the party.",
      "words": [
        {
          "word": "A",
          "start": 55.774,
          "end": 55.814,
          "score": 0.543,
          "speaker": "SPEAKER_00"
        },
        {
          "word": "number",
          "start": 55.834,
          "end": 56.014,
          "score": 0.902,
          "speaker": "SPEAKER_00"
        },
        {
          "word": "of",
          "start": 56.054,
          "end": 56.114,
          "score": 0.75,
          "speaker": "SPEAKER_00"
        },
        {
          "word": "Democrats",
          "start": 56.134,
          "end": 56.614,
          "score": 0.8,
          "speaker": "SPEAKER_00"
        },
        {
          "word": "are",
          "start": 56.654,
          "end": 56.734,
          "score": 0.842,
          "speaker": "SPEAKER_00"
        },
        {
          "word": "not",
          "start": 56.774,
          "end": 56.934,
          "score": 0.978,
          "speaker": "SPEAKER_00"
        },
        {
          "word": "seeking",
          "start": 56.974,
          "end": 57.235,
          "score": 0.843,
          "speaker": "SPEAKER_00"
        },
        {
          "word": "reelection",
          "start": 57.295,
          "end": 57.735,
          "score": 0.917,
          "speaker": "SPEAKER_00"
        },
        {
          "word": "in",
          "start": 57.755,
          "end": 57.835,
          "score": 0.84,
          "speaker": "SPEAKER_00"
        },
        {
          "word": "our",
          "start": 57.875,
          "end": 57.995,
          "score": 0.639,
          "speaker": "SPEAKER_00"
        },
        {
          "word": "statehouse,",
          "start": 58.035,
          "end": 58.595,
          "score": 0.794,
          "speaker": "SPEAKER_00"
        },
        {
          "word": "and",
          "start": 58.835,
          "end": 58.935,
          "score": 0.69,
          "speaker": "SPEAKER_00"
        },
        {
          "word": "the",
          "start": 58.955,
          "end": 59.015,
          "score": 0.994,
          "speaker": "SPEAKER_00"
        },
        {
          "word": "progressive",
          "start": 59.055,
          "end": 59.475,
          "score": 0.848,
          "speaker": "SPEAKER_00"
        },
        {
          "word": "wing",
          "start": 59.515,
          "end": 59.655,
          "score": 0.861,
          "speaker": "SPEAKER_00"
        },
        {
          "word": "of",
          "start": 59.675,
          "end": 59.715,
          "score": 0.993,
          "speaker": "SPEAKER_00"
        },
        {
          "word": "the",
          "start": 59.735,
          "end": 59.815,
          "score": 0.818,
          "speaker": "SPEAKER_00"
        },
        {
          "word": "state",
          "start": 59.835,
          "end": 60.055,
          "score": 0.832,
          "speaker": "SPEAKER_00"
        },
        {
          "word": "Senate",
          "start": 60.075,
          "end": 60.336,
          "score": 0.87,
          "speaker": "SPEAKER_00"
        },
        {
          "word": "is",
          "start": 60.736,
          "end": 60.816,
          "score": 0.585,
          "speaker": "SPEAKER_00"
        },
        {
          "word": "seemingly",
          "start": 60.836,
          "end": 61.216,
          "score": 0.905,
          "speaker": "SPEAKER_00"
        },
        {
          "word": "losing",
          "start": 61.276,
          "end": 61.556,
          "score": 0.792,
          "speaker": "SPEAKER_00"
        },
        {
          "word": "patience",
          "start": 61.596,
          "end": 61.956,
          "score": 0.956,
          "speaker": "SPEAKER_00"
        },
        {
          "word": "with",
          "start": 61.976,
          "end": 62.076,
          "score": 1.0,
          "speaker": "SPEAKER_00"
        },
        {
          "word": "the",
          "start": 62.096,
          "end": 62.176,
          "score": 0.805,
          "speaker": "SPEAKER_00"
        },
        {
          "word": "more",
          "start": 62.216,
          "end": 62.356,
          "score": 0.856,
          "speaker": "SPEAKER_00"
        },
        {
          "word": "conservative",
          "start": 62.396,
          "end": 62.956,
          "score": 0.848,
          "speaker": "SPEAKER_00"
        },
        {
          "word": "end",
          "start": 63.076,
          "end": 63.196,
          "score": 0.688,
          "speaker": "SPEAKER_00"
        },
        {
          "word": "of",
          "start": 63.236,
          "end": 63.296,
          "score": 0.753,
          "speaker": "SPEAKER_00"
        },
        {
          "word": "the",
          "start": 63.316,
          "end": 63.397,
          "score": 0.83,
          "speaker": "SPEAKER_00"
        },
        {
          "word": "party.",
          "start": 63.437,
          "end": 63.737,
          "score": 0.787,
          "speaker": "SPEAKER_00"
        }
      ],
      "speaker": "SPEAKER_00"
    },
    {
      "start": 64.157,
      "end": 65.337,
      "text": "We'll work through the stakes.",
      "words": [
        {
          "word": "We'll",
          "start": 64.157,
          "end": 64.317,
          "score": 0.507,
          "speaker": "SPEAKER_00"
        },
        {
          "word": "work",
          "start": 64.337,
          "end": 64.517,
          "score": 0.999,
          "speaker": "SPEAKER_00"
        },
        {
          "word": "through",
          "start": 64.577,
          "end": 64.777,
          "score": 0.797,
          "speaker": "SPEAKER_00"
        },
        {
          "word": "the",
          "start": 64.837,
          "end": 64.917,
          "score": 0.832,
          "speaker": "SPEAKER_00"
        },
        {
          "word": "stakes.",
          "start": 64.977,
          "end": 65.337,
          "score": 0.821,
          "speaker": "SPEAKER_00"
        }
      ],
      "speaker": "SPEAKER_00"
    },
    {
      "start": 65.837,
      "end": 70.799,
      "text": "Now, when President Trump visited New Mexico in September, he made a point of trying to woo Hispanic voters.",
      "words": [
        {
          "word": "Now,",
          "start": 65.837,
          "end": 65.977,
          "score": 0.99,
          "speaker": "SPEAKER_00"
        },
        {
          "word": "when",
          "start": 66.017,
          "end": 66.137,
          "score": 0.811,
          "speaker": "SPEAKER_00"
        },
        {
          "word": "President",
          "start": 66.177,
          "end": 66.538,
          "score": 0.919,
          "speaker": "SPEAKER_00"
        },
        {
          "word": "Trump",
          "start": 66.578,
          "end": 66.798,
          "score": 0.987,
          "speaker": "SPEAKER_00"
        },
        {
          "word": "visited",
          "start": 66.858,
          "end": 67.158,
          "score": 0.896,
          "speaker": "SPEAKER_00"
        },
        {
          "word": "New",
          "start": 67.218,
          "end": 67.298,
          "score": 0.056,
          "speaker": "SPEAKER_00"
        },
        {
          "word": "Mexico",
          "start": 67.338,
          "end": 67.638,
          "score": 0.889,
          "speaker": "SPEAKER_00"
        },
        {
          "word": "in",
          "start": 67.658,
          "end": 67.718,
          "score": 0.772,
          "speaker": "SPEAKER_00"
        },
        {
          "word": "September,",
          "start": 67.758,
          "end": 68.258,
          "score": 0.888,
          "speaker": "SPEAKER_00"
        },
        {
          "word": "he",
          "start": 68.718,
          "end": 68.818,
          "score": 0.829,
          "speaker": "SPEAKER_00"
        },
        {
          "word": "made",
          "start": 68.838,
          "end": 68.978,
          "score": 0.882,
          "speaker": "SPEAKER_00"
        },
        {
          "word": "a",
          "start": 69.018,
          "end": 69.038,
          "score": 0.975,
          "speaker": "SPEAKER_00"
        },
        {
          "word": "point",
          "start": 69.098,
          "end": 69.278,
          "score": 0.725,
          "speaker": "SPEAKER_00"
        },
        {
          "word": "of",
          "start": 69.298,
          "end": 69.358,
          "score": 0.349,
          "speaker": "SPEAKER_00"
        },
        {
          "word": "trying",
          "start": 69.378,
          "end": 69.599,
          "score": 0.887,
          "speaker": "SPEAKER_00"
        },
        {
          "word": "to",
          "start": 69.639,
          "end": 69.719,
          "score": 0.73,
          "speaker": "SPEAKER_00"
        },
        {
          "word": "woo",
          "start": 69.759,
          "end": 69.919,
          "score": 0.994,
          "speaker": "SPEAKER_00"
        },
        {
          "word": "Hispanic",
          "start": 69.959,
          "end": 70.419,
          "score": 0.843,
          "speaker": "SPEAKER_00"
        },
        {
          "word": "voters.",
          "start": 70.459,
          "end": 70.799,
          "score": 0.808,
          "speaker": "SPEAKER_00"
        }
      ],
      "speaker": "SPEAKER_00"
    },
    {
      "start": 71.199,
      "end": 75.46,
      "text": "We'll hear from the national president of the Mexican-American Legal Defense and Education Fund.",
      "words": [
        {
          "word": "We'll",
          "start": 71.199,
          "end": 71.339,
          "score": 0.535,
          "speaker": "SPEAKER_00"
        },
        {
          "word": "hear",
          "start": 71.359,
          "end": 71.479,
          "score": 0.62,
          "speaker": "SPEAKER_00"
        },
        {
          "word": "from",
          "start": 71.499,
          "end": 71.599,
          "score": 0.343,
          "speaker": "SPEAKER_00"
        },
        {
          "word": "the",
          "start": 71.619,
          "end": 71.679,
          "score": 0.988,
          "speaker": "SPEAKER_00"
        },
        {
          "word": "national",
          "start": 71.719,
          "end": 72.059,
          "score": 0.762,
          "speaker": "SPEAKER_00"
        },
        {
          "word": "president",
          "start": 72.099,
          "end": 72.499,
          "score": 0.881,
          "speaker": "SPEAKER_00"
        },
        {
          "word": "of",
          "start": 72.84,
          "end": 72.9,
          "score": 0.879,
          "speaker": "SPEAKER_00"
        },
        {
          "word": "the",
          "start": 72.94,
          "end": 73.02,
          "score": 0.832,
          "speaker": "SPEAKER_00"
        },
        {
          "word": "Mexican-American",
          "start": 73.06,
          "end": 73.74,
          "score": 0.816,
          "speaker": "SPEAKER_00"
        },
        {
          "word": "Legal",
          "start": 73.8,
          "end": 74.0,
          "score": 0.868,
          "speaker": "SPEAKER_00"
        },
        {
          "word": "Defense",
          "start": 74.02,
          "end": 74.34,
          "score": 0.874,
          "speaker": "SPEAKER_00"
        },
        {
          "word": "and",
          "start": 74.4,
          "end": 74.48,
          "score": 0.327,
          "speaker": "SPEAKER_00"
        },
        {
          "word": "Education",
          "start": 74.54,
          "end": 75.08,
          "score": 0.929,
          "speaker": "SPEAKER_00"
        },
        {
          "word": "Fund.",
          "start": 75.18,
          "end": 75.46,
          "score": 0.823,
          "speaker": "SPEAKER_00"
        }
      ],
      "speaker": "SPEAKER_00"
    },
    {
      "start": 75.841,
      "end": 79.822,
      "text": "But first, the line and the new standard for assessing New Mexico students.",
      "words": [
        {
          "word": "But",
          "start": 75.841,
          "end": 75.941,
          "score": 0.831,
          "speaker": "SPEAKER_00"
        },
        {
          "word": "first,",
          "start": 76.001,
          "end": 76.281,
          "score": 0.831,
          "speaker": "SPEAKER_00"
        },
        {
          "word": "the",
          "start": 76.601,
          "end": 76.701,
          "score": 0.704,
          "speaker": "SPEAKER_00"
        },
        {
          "word": "line",
          "start": 76.741,
          "end": 77.061,
          "score": 0.892,
          "speaker": "SPEAKER_00"
        },
        {
          "word": "and",
          "start": 77.201,
          "end": 77.301,
          "score": 0.369,
          "speaker": "SPEAKER_00"
        },
        {
          "word": "the",
          "start": 77.321,
          "end": 77.421,
          "score": 0.678,
          "speaker": "SPEAKER_00"
        },
        {
          "word": "new",
          "start": 77.461,
          "end": 77.621,
          "score": 0.982,
          "speaker": "SPEAKER_00"
        },
        {
          "word": "standard",
          "start": 77.661,
          "end": 78.061,
          "score": 0.871,
          "speaker": "SPEAKER_00"
        },
        {
          "word": "for",
          "start": 78.341,
          "end": 78.441,
          "score": 0.855,
          "speaker": "SPEAKER_00"
        },
        {
          "word": "assessing",
          "start": 78.481,
          "end": 78.902,
          "score": 0.912,
          "speaker": "SPEAKER_00"
        },
        {
          "word": "New",
          "start": 78.922,
          "end": 79.002,
          "score": 0.212,
          "speaker": "SPEAKER_00"
        },
        {
          "word": "Mexico",
          "start": 79.022,
          "end": 79.382,
          "score": 0.949,
          "speaker": "SPEAKER_00"
        },
        {
          "word": "students.",
          "start": 79.462,
          "end": 79.822,
          "score": 0.853,
          "speaker": "SPEAKER_00"
        }
      ],
      "speaker": "SPEAKER_00"
    }
  ],
  "word_segments": [
    {
      "word": "Funding",
      "start": 0.149,
      "end": 0.469,
      "score": 0.917,
      "speaker": "SPEAKER_01"
    },
    {
      "word": "for",
      "start": 0.529,
      "end": 0.669,
      "score": 0.793,
      "speaker": "SPEAKER_01"
    },
    {
      "word": "New",
      "start": 0.729,
      "end": 0.849,
      "score": 0.702,
      "speaker": "SPEAKER_01"
    },
    {
      "word": "Mexico",
      "start": 0.889,
      "end": 1.329,
      "score": 0.844,
      "speaker": "SPEAKER_01"
    },
    {
      "word": "in",
      "start": 1.389,
      "end": 1.489,
      "score": 0.14,
      "speaker": "SPEAKER_01"
    },
    {
      "word": "Focus",
      "start": 1.529,
      "end": 1.929,
      "score": 0.822,
      "speaker": "SPEAKER_01"
    },
    {
      "word": "provided",
      "start": 2.049,
      "end": 2.469,
      "score": 0.932,
      "speaker": "SPEAKER_01"
    },
    {
      "word": "by",
      "start": 2.53,
      "end": 2.65,
      "score": 0.865,
      "speaker": "SPEAKER_01"
    },
    {
      "word": "the",
      "start": 2.69,
      "end": 2.77,
      "score": 0.823,
      "speaker": "SPEAKER_01"
    },
    {
      "word": "McCune",
      "start": 2.81,
      "end": 3.25,
      "score": 0.921,
      "speaker": "SPEAKER_01"
    },
    {
      "word": "Charitable",
      "start": 3.29,
      "end": 3.75,
      "score": 0.692,
      "speaker": "SPEAKER_01"
    },
    {
      "word": "Foundation",
      "start": 3.79,
      "end": 4.33,
      "score": 0.768,
      "speaker": "SPEAKER_01"
    },
    {
      "word": "and",
      "start": 5.53,
      "end": 5.63,
      "score": 0.716,
      "speaker": "SPEAKER_01"
    },
    {
      "word": "viewers",
      "start": 5.69,
      "end": 6.07,
      "score": 0.795,
      "speaker": "SPEAKER_01"
    },
    {
      "word": "like",
      "start": 6.13,
      "end": 6.33,
      "score": 0.837,
      "speaker": "SPEAKER_01"
    },
    {
      "word": "you.",
      "start": 6.35,
      "end": 6.57,
      "score": 0.862,
      "speaker": "SPEAKER_01"
    },
    {
      "word": "This",
      "start": 8.551,
      "end": 8.731,
      "score": 0.93,
      "speaker": "SPEAKER_00"
    },
    {
      "word": "week",
      "start": 8.811,
      "end": 9.071,
      "score": 0.975,
      "speaker": "SPEAKER_00"
    },
    {
      "word": "on",
      "start": 9.151,
      "end": 9.211,
      "score": 0.556,
      "speaker": "SPEAKER_00"
    },
    {
      "word": "New",
      "start": 9.231,
      "end": 9.331,
      "score": 0.574,
      "speaker": "SPEAKER_00"
    },
    {
      "word": "Mexico",
      "start": 9.351,
      "end": 9.711,
      "score": 0.939,
      "speaker": "SPEAKER_00"
    },
    {
      "word": "in",
      "start": 9.751,
      "end": 9.831,
      "score": 0.198,
      "speaker": "SPEAKER_00"
    },
    {
      "word": "Focus,",
      "start": 9.871,
      "end": 10.251,
      "score": 0.83,
      "speaker": "SPEAKER_00"
    },
    {
      "word": "the",
      "start": 10.811,
      "end": 10.911,
      "score": 0.865,
      "speaker": "SPEAKER_00"
    },
    {
      "word": "plan",
      "start": 10.951,
      "end": 11.251,
      "score": 0.771,
      "speaker": "SPEAKER_00"
    },
    {
      "word": "to",
      "start": 11.291,
      "end": 11.331,
      "score": 0.998,
      "speaker": "SPEAKER_00"
    },
    {
      "word": "give",
      "start": 11.371,
      "end": 11.511,
      "score": 0.963,
      "speaker": "SPEAKER_00"
    },
    {
      "word": "Albuquerque",
      "start": 11.591,
      "end": 12.011,
      "score": 0.574,
      "speaker": "SPEAKER_00"
    },
    {
      "word": "voters",
      "start": 12.051,
      "end": 12.391,
      "score": 0.817,
      "speaker": "SPEAKER_00"
    },
    {
      "word": "campaign",
      "start": 12.531,
      "end": 13.032,
      "score": 0.917,
      "speaker": "SPEAKER_00"
    },
    {
      "word": "spending",
      "start": 13.092,
      "end": 13.492,
      "score": 0.908,
      "speaker": "SPEAKER_00"
    },
    {
      "word": "vouchers.",
      "start": 13.552,
      "end": 14.132,
      "score": 0.828,
      "speaker": "SPEAKER_00"
    },
    {
      "word": "This",
      "start": 15.452,
      "end": 15.632,
      "score": 0.806,
      "speaker": "SPEAKER_02"
    },
    {
      "word": "will",
      "start": 15.692,
      "end": 15.912,
      "score": 0.792,
      "speaker": "SPEAKER_02"
    },
    {
      "word": "not",
      "start": 15.972,
      "end": 16.152,
      "score": 0.975,
      "speaker": "SPEAKER_02"
    },
    {
      "word": "assist",
      "start": 16.212,
      "end": 16.712,
      "score": 0.814,
      "speaker": "SPEAKER_02"
    },
    {
      "word": "that",
      "start": 16.732,
      "end": 17.012,
      "score": 0.615,
      "speaker": "SPEAKER_02"
    },
    {
      "word": "heroic",
      "start": 17.112,
      "end": 17.633,
      "score": 0.878,
      "speaker": "SPEAKER_02"
    },
    {
      "word": "individual",
      "start": 17.793,
      "end": 18.413,
      "score": 0.828,
      "speaker": "SPEAKER_02"
    },
    {
      "word": "figure",
      "start": 18.553,
      "end": 18.973,
      "score": 0.936,
      "speaker": "SPEAKER_02"
    },
    {
      "word": "that",
      "start": 19.833,
      "end": 19.953,
      "score": 0.877,
      "speaker": "SPEAKER_02"
    },
    {
      "word": "they",
      "start": 19.993,
      "end": 20.133,
      "score": 0.868,
      "speaker": "SPEAKER_02"
    },
    {
      "word": "portray.",
      "start": 20.173,
      "end": 20.673,
      "score": 0.897,
      "speaker": "SPEAKER_02"
    },
    {
      "word": "It",
      "start": 20.753,
      "end": 20.913,
      "score": 0.404,
      "speaker": "SPEAKER_01"
    },
    {
      "word": "sort",
      "start": 20.953,
      "end": 21.113,
      "score": 0.941,
      "speaker": "SPEAKER_01"
    },
    {
      "word": "of",
      "start": 21.153,
      "end": 21.193,
      "score": 0.995,
      "speaker": "SPEAKER_01"
    },
    {
      "word": "levels",
      "start": 21.233,
      "end": 21.513,
      "score": 0.833,
      "speaker": "SPEAKER_01"
    },
    {
      "word": "the",
      "start": 21.533,
      "end": 21.633,
      "score": 0.813,
      "speaker": "SPEAKER_01"
    },
    {
      "word": "playing",
      "start": 21.653,
      "end": 21.893,
      "score": 0.805,
      "speaker": "SPEAKER_01"
    },
    {
      "word": "field",
      "start": 21.933,
      "end": 22.133,
      "score": 0.624,
      "speaker": "SPEAKER_01"
    },
    {
      "word": "between",
      "start": 22.153,
      "end": 22.393,
      "score": 0.89,
      "speaker": "SPEAKER_01"
    },
    {
      "word": "these",
      "start": 22.413,
      "end": 22.513,
      "score": 0.02,
      "speaker": "SPEAKER_01"
    },
    {
      "word": "corporately",
      "start": 22.553,
      "end": 23.874,
      "score": 0.802,
      "speaker": "SPEAKER_01"
    },
    {
      "word": "funded",
      "start": 23.954,
      "end": 24.314,
      "score": 0.904,
      "speaker": "SPEAKER_01"
    },
    {
      "word": "candidates.",
      "start": 24.374,
      "end": 24.774,
      "score": 0.902,
      "speaker": "SPEAKER_01"
    },
    {
      "word": "AND",
      "start": 25.974,
      "end": 26.114,
      "score": 0.682,
      "speaker": "SPEAKER_00"
    },
    {
      "word": "THE",
      "start": 26.134,
      "end": 26.214,
      "score": 0.843,
      "speaker": "SPEAKER_00"
    },
    {
      "word": "FINAL",
      "start": 26.274,
      "end": 26.555,
      "score": 0.843,
      "speaker": "SPEAKER_00"
    },
    {
      "word": "HIGH",
      "start": 26.595,
      "end": 26.775,
      "score": 0.798,
      "speaker": "SPEAKER_00"
    },
    {
      "word": "SCHOOL",
      "start": 26.815,
      "end": 27.035,
      "score": 0.806,
      "speaker": "SPEAKER_00"
    },
    {
      "word": "ASSESSMENT",
      "start": 27.075,
      "end": 27.535,
      "score": 0.8,
      "speaker": "SPEAKER_00"
    },
    {
      "word": "TEST",
      "start": 27.575,
      "end": 27.815,
      "score": 0.886,
      "speaker": "SPEAKER_00"
    },
    {
      "word": "FOR",
      "start": 27.835,
      "end": 27.935,
      "score": 0.836,
      "speaker": "SPEAKER_00"
    },
    {
      "word": "NEW",
      "start": 27.955,
      "end": 28.056,
      "score": 0.69,
      "speaker": "SPEAKER_00"
    },
    {
      "word": "MEXICO",
      "start": 28.076,
      "end": 28.496,
      "score": 0.983,
      "speaker": "SPEAKER_00"
    },
    {
      "word": "STUDENTS",
      "start": 28.556,
      "end": 28.936,
      "score": 0.821,
      "speaker": "SPEAKER_00"
    },
    {
      "word": "WILL",
      "start": 28.956,
      "end": 29.116,
      "score": 0.936,
      "speaker": "SPEAKER_00"
    },
    {
      "word": "ALSO",
      "start": 29.216,
      "end": 29.537,
      "score": 0.863,
      "speaker": "SPEAKER_00"
    },
    {
      "word": "BE",
      "start": 29.617,
      "end": 29.817,
      "score": 0.838,
      "speaker": "SPEAKER_00"
    },
    {
      "word": "A",
      "start": 29.837,
      "end": 29.857,
      "score": 0.0,
      "speaker": "SPEAKER_00"
    },
    {
      "word": "COLLEGE",
      "start": 30.297,
      "end": 30.637,
      "score": 0.916,
      "speaker": "SPEAKER_00"
    },
    {
      "word": "ENTRANCE",
      "start": 30.777,
      "end": 31.118,
      "score": 0.935,
      "speaker": "SPEAKER_00"
    },
    {
      "word": "EXAM.",
      "start": 31.178,
      "end": 31.618,
      "score": 0.915,
      "speaker": "SPEAKER_00"
    },
    {
      "word": "NEW",
      "start": 33.739,
      "end": 33.819,
      "score": 0.289,
      "speaker": "SPEAKER_00"
    },
    {
      "word": "MEXICO",
      "start": 33.859,
      "end": 34.16,
      "score": 0.91,
      "speaker": "SPEAKER_00"
    },
    {
      "word": "IN",
      "start": 34.2,
      "end": 34.26,
      "score": 0.273,
      "speaker": "SPEAKER_00"
    },
    {
      "word": "FOCUS",
      "start": 34.3,
      "end": 34.7,
      "score": 0.738,
      "speaker": "SPEAKER_00"
    },
    {
      "word": "STARTS",
      "start": 34.78,
      "end": 35.08,
      "score": 0.824,
      "speaker": "SPEAKER_00"
    },
    {
      "word": "NOW.",
      "start": 35.14,
      "end": 35.34,
      "score": 0.979,
      "speaker": "SPEAKER_00"
    },
    {
      "word": "THANKS",
      "start": 39.383,
      "end": 39.583,
      "score": 0.235,
      "speaker": "SPEAKER_00"
    },
    {
      "word": "FOR",
      "start": 39.603,
      "end": 39.683,
      "score": 0.167,
      "speaker": "SPEAKER_00"
    },
    {
      "word": "JOINING",
      "start": 39.703,
      "end": 39.923,
      "score": 0.62,
      "speaker": "SPEAKER_00"
    },
    {
      "word": "US",
      "start": 39.963,
      "end": 40.044,
      "score": 0.729,
      "speaker": "SPEAKER_00"
    },
    {
      "word": "THIS",
      "start": 40.084,
      "end": 40.224,
      "score": 0.795,
      "speaker": "SPEAKER_00"
    },
    {
      "word": "WEEK.",
      "start": 40.284,
      "end": 40.504,
      "score": 0.958,
      "speaker": "SPEAKER_00"
    },
    {
      "word": "I'M",
      "start": 40.524,
      "end": 40.704,
      "score": 0.286,
      "speaker": "SPEAKER_00"
    },
    {
      "word": "YOUR",
      "start": 40.744,
      "end": 40.864,
      "score": 0.993,
      "speaker": "SPEAKER_00"
    },
    {
      "word": "HOST,",
      "start": 40.904,
      "end": 41.184,
      "score": 0.757,
      "speaker": "SPEAKER_00"
    },
    {
      "word": "GENE",
      "start": 41.284,
      "end": 41.545,
      "score": 0.843,
      "speaker": "SPEAKER_00"
    },
    {
      "word": "GRANT.",
      "start": 41.585,
      "end": 41.905,
      "score": 0.812,
      "speaker": "SPEAKER_00"
    },
    {
      "word": "CONSIDERING",
      "start": 42.345,
      "end": 42.785,
      "score": 0.862,
      "speaker": "SPEAKER_00"
    },
    {
      "word": "THE",
      "start": 42.805,
      "end": 42.885,
      "score": 0.831,
      "speaker": "SPEAKER_00"
    },
    {
      "word": "NATIONAL",
      "start": 42.925,
      "end": 43.246,
      "score": 0.85,
      "speaker": "SPEAKER_00"
    },
    {
      "word": "TRENDS,",
      "start": 43.306,
      "end": 43.606,
      "score": 0.743,
      "speaker": "SPEAKER_00"
    },
    {
      "word": "WE",
      "start": 43.646,
      "end": 43.746,
      "score": 0.836,
      "speaker": "SPEAKER_00"
    },
    {
      "word": "SHOULDN'T",
      "start": 43.766,
      "end": 44.006,
      "score": 0.857,
      "speaker": "SPEAKER_00"
    },
    {
      "word": "BE",
      "start": 44.046,
      "end": 44.126,
      "score": 0.914,
      "speaker": "SPEAKER_00"
    },
    {
      "word": "SURPRISED",
      "start": 44.166,
      "end": 44.647,
      "score": 0.926,
      "speaker": "SPEAKER_00"
    },
    {
      "word": "THAT",
      "start": 44.667,
      "end": 44.767,
      "score": 0.999,
      "speaker": "SPEAKER_00"
    },
    {
      "word": "UNM",
      "start": 44.867,
      "end": 45.107,
      "score": 0.777,
      "speaker": "SPEAKER_00"
    },
    {
      "word": "FACULTY",
      "start": 45.167,
      "end": 45.567,
      "score": 0.78,
      "speaker": "SPEAKER_00"
    },
    {
      "word": "RECENTLY",
      "start": 45.647,
      "end": 46.008,
      "score": 0.909,
      "speaker": "SPEAKER_00"
    },
    {
      "word": "VOTED",
      "start": 46.068,
      "end": 46.288,
      "score": 0.878,
      "speaker": "SPEAKER_00"
    },
    {
      "word": "FOR",
      "start": 46.408,
      "end": 46.688,
      "score": 0.704,
      "speaker": "SPEAKER_00"
    },
    {
      "word": "UNIONIZATION.",
      "start": 46.788,
      "end": 47.469,
      "score": 0.788,
      "speaker": "SPEAKER_00"
    },
    {
      "word": "MOST",
      "start": 48.129,
      "end": 48.329,
      "score": 0.782,
      "speaker": "SPEAKER_00"
    },
    {
      "word": "UNIONIZED",
      "start": 48.469,
      "end": 48.889,
      "score": 0.794,
      "speaker": "SPEAKER_00"
    },
    {
      "word": "WORKERS",
      "start": 48.949,
      "end": 49.25,
      "score": 0.894,
      "speaker": "SPEAKER_00"
    },
    {
      "word": "IN",
      "start": 49.29,
      "end": 49.35,
      "score": 0.984,
      "speaker": "SPEAKER_00"
    },
    {
      "word": "NEW",
      "start": 49.37,
      "end": 49.43,
      "score": 0.088,
      "speaker": "SPEAKER_00"
    },
    {
      "word": "MEXICO",
      "start": 49.47,
      "end": 49.75,
      "score": 0.921,
      "speaker": "SPEAKER_00"
    },
    {
      "word": "ARE",
      "start": 49.79,
      "end": 49.89,
      "score": 0.63,
      "speaker": "SPEAKER_00"
    },
    {
      "word": "PRIMARILY",
      "start": 49.93,
      "end": 50.39,
      "score": 0.779,
      "speaker": "SPEAKER_00"
    },
    {
      "word": "PUBLIC",
      "start": 50.471,
      "end": 50.751,
      "score": 0.891,
      "speaker": "SPEAKER_00"
    },
    {
      "word": "EMPLOYEES.",
      "start": 50.791,
      "end": 51.411,
      "score": 0.818,
      "speaker": "SPEAKER_00"
    },
    {
      "word": "HOW",
      "start": 51.871,
      "end": 52.012,
      "score": 0.903,
      "speaker": "SPEAKER_00"
    },
    {
      "word": "DOES",
      "start": 52.052,
      "end": 52.192,
      "score": 0.756,
      "speaker": "SPEAKER_00"
    },
    {
      "word": "THE",
      "start": 52.212,
      "end": 52.292,
      "score": 0.832,
      "speaker": "SPEAKER_00"
    },
    {
      "word": "UNM",
      "start": 52.352,
      "end": 52.592,
      "score": 0.731,
      "speaker": "SPEAKER_00"
    },
    {
      "word": "VOTE",
      "start": 52.632,
      "end": 52.832,
      "score": 0.865,
      "speaker": "SPEAKER_00"
    },
    {
      "word": "IMPACT",
      "start": 52.872,
      "end": 53.232,
      "score": 0.764,
      "speaker": "SPEAKER_00"
    },
    {
      "word": "THE",
      "start": 53.272,
      "end": 53.352,
      "score": 0.838,
      "speaker": "SPEAKER_00"
    },
    {
      "word": "LANDSCAPE?",
      "start": 53.392,
      "end": 53.893,
      "score": 0.845,
      "speaker": "SPEAKER_00"
    },
    {
      "word": "THE",
      "start": 54.253,
      "end": 54.353,
      "score": 0.851,
      "speaker": "SPEAKER_00"
    },
    {
      "word": "LINE",
      "start": 54.393,
      "end": 54.673,
      "score": 0.905,
      "speaker": "SPEAKER_00"
    },
    {
      "word": "DIGS",
      "start": 54.693,
      "end": 54.934,
      "score": 0.874,
      "speaker": "SPEAKER_00"
    },
    {
      "word": "IN.",
      "start": 55.034,
      "end": 55.074,
      "score": 0.995,
      "speaker": "SPEAKER_00"
    },
    {
      "word": "A",
      "start": 55.774,
      "end": 55.814,
      "score": 0.543,
      "speaker": "SPEAKER_00"
    },
    {
      "word": "number",
      "start": 55.834,
      "end": 56.014,
      "score": 0.902,
      "speaker": "SPEAKER_00"
    },
    {
      "word": "of",
      "start": 56.054,
      "end": 56.114,
      "score": 0.75,
      "speaker": "SPEAKER_00"
    },
    {
      "word": "Democrats",
      "start": 56.134,
      "end": 56.614,
      "score": 0.8,
      "speaker": "SPEAKER_00"
    },
    {
      "word": "are",
      "start": 56.654,
      "end": 56.734,
      "score": 0.842,
      "speaker": "SPEAKER_00"
    },
    {
      "word": "not",
      "start": 56.774,
      "end": 56.934,
      "score": 0.978,
      "speaker": "SPEAKER_00"
    },
    {
      "word": "seeking",
      "start": 56.974,
      "end": 57.235,
      "score": 0.843,
      "speaker": "SPEAKER_00"
    },
    {
      "word": "reelection",
      "start": 57.295,
      "end": 57.735,
      "score": 0.917,
      "speaker": "SPEAKER_00"
    },
    {
      "word": "in",
      "start": 57.755,
      "end": 57.835,
      "score": 0.84,
      "speaker": "SPEAKER_00"
    },
    {
      "word": "our",
      "start": 57.875,
      "end": 57.995,
      "score": 0.639,
      "speaker": "SPEAKER_00"
    },
    {
      "word": "statehouse,",
      "start": 58.035,
      "end": 58.595,
      "score": 0.794,
      "speaker": "SPEAKER_00"
    },
    {
      "word": "and",
      "start": 58.835,
      "end": 58.935,
      "score": 0.69,
      "speaker": "SPEAKER_00"
    },
    {
      "word": "the",
      "start": 58.955,
      "end": 59.015,
      "score": 0.994,
      "speaker": "SPEAKER_00"
    },
    {
      "word": "progressive",
      "start": 59.055,
      "end": 59.475,
      "score": 0.848,
      "speaker": "SPEAKER_00"
    },
    {
      "word": "wing",
      "start": 59.515,
      "end": 59.655,
      "score": 0.861,
      "speaker": "SPEAKER_00"
    },
    {
      "word": "of",
      "start": 59.675,
      "end": 59.715,
      "score": 0.993,
      "speaker": "SPEAKER_00"
    },
    {
      "word": "the",
      "start": 59.735,
      "end": 59.815,
      "score": 0.818,
      "speaker": "SPEAKER_00"
    },
    {
      "word": "state",
      "start": 59.835,
      "end": 60.055,
      "score": 0.832,
      "speaker": "SPEAKER_00"
    },
    {
      "word": "Senate",
      "start": 60.075,
      "end": 60.336,
      "score": 0.87,
      "speaker": "SPEAKER_00"
    },
    {
      "word": "is",
      "start": 60.736,
      "end": 60.816,
      "score": 0.585,
      "speaker": "SPEAKER_00"
    },
    {
      "word": "seemingly",
      "start": 60.836,
      "end": 61.216,
      "score": 0.905,
      "speaker": "SPEAKER_00"
    },
    {
      "word": "losing",
      "start": 61.276,
      "end": 61.556,
      "score": 0.792,
      "speaker": "SPEAKER_00"
    },
    {
      "word": "patience",
      "start": 61.596,
      "end": 61.956,
      "score": 0.956,
      "speaker": "SPEAKER_00"
    },
    {
      "word": "with",
      "start": 61.976,
      "end": 62.076,
      "score": 1.0,
      "speaker": "SPEAKER_00"
    },
    {
      "word": "the",
      "start": 62.096,
      "end": 62.176,
      "score": 0.805,
      "speaker": "SPEAKER_00"
    },
    {
      "word": "more",
      "start": 62.216,
      "end": 62.356,
      "score": 0.856,
      "speaker": "SPEAKER_00"
    },
    {
      "word": "conservative",
      "start": 62.396,
      "end": 62.956,
      "score": 0.848,
      "speaker": "SPEAKER_00"
    },
    {
      "word": "end",
      "start": 63.076,
      "end": 63.196,
      "score": 0.688,
      "speaker": "SPEAKER_00"
    },
    {
      "word": "of",
      "start": 63.236,
      "end": 63.296,
      "score": 0.753,
      "speaker": "SPEAKER_00"
    },
    {
      "word": "the",
      "start": 63.316,
      "end": 63.397,
      "score": 0.83,
      "speaker": "SPEAKER_00"
    },
    {
      "word": "party.",
      "start": 63.437,
      "end": 63.737,
      "score": 0.787,
      "speaker": "SPEAKER_00"
    },
    {
      "word": "We'll",
      "start": 64.157,
      "end": 64.317,
      "score": 0.507,
      "speaker": "SPEAKER_00"
    },
    {
      "word": "work",
      "start": 64.337,
      "end": 64.517,
      "score": 0.999,
      "speaker": "SPEAKER_00"
    },
    {
      "word": "through",
      "start": 64.577,
      "end": 64.777,
      "score": 0.797,
      "speaker": "SPEAKER_00"
    },
    {
      "word": "the",
      "start": 64.837,
      "end": 64.917,
      "score": 0.832,
      "speaker": "SPEAKER_00"
    },
    {
      "word": "stakes.",
      "start": 64.977,
      "end": 65.337,
      "score": 0.821,
      "speaker": "SPEAKER_00"
    },
    {
      "word": "Now,",
      "start": 65.837,
      "end": 65.977,
      "score": 0.99,
      "speaker": "SPEAKER_00"
    },
    {
      "word": "when",
      "start": 66.017,
      "end": 66.137,
      "score": 0.811,
      "speaker": "SPEAKER_00"
    },
    {
      "word": "President",
      "start": 66.177,
      "end": 66.538,
      "score": 0.919,
      "speaker": "SPEAKER_00"
    },
    {
      "word": "Trump",
      "start": 66.578,
      "end": 66.798,
      "score": 0.987,
      "speaker": "SPEAKER_00"
    },
    {
      "word": "visited",
      "start": 66.858,
      "end": 67.158,
      "score": 0.896,
      "speaker": "SPEAKER_00"
    },
    {
      "word": "New",
      "start": 67.218,
      "end": 67.298,
      "score": 0.056,
      "speaker": "SPEAKER_00"
    },
    {
      "word": "Mexico",
      "start": 67.338,
      "end": 67.638,
      "score": 0.889,
      "speaker": "SPEAKER_00"
    },
    {
      "word": "in",
      "start": 67.658,
      "end": 67.718,
      "score": 0.772,
      "speaker": "SPEAKER_00"
    },
    {
      "word": "September,",
      "start": 67.758,
      "end": 68.258,
      "score": 0.888,
      "speaker": "SPEAKER_00"
    },
    {
      "word": "he",
      "start": 68.718,
      "end": 68.818,
      "score": 0.829,
      "speaker": "SPEAKER_00"
    },
    {
      "word": "made",
      "start": 68.838,
      "end": 68.978,
      "score": 0.882,
      "speaker": "SPEAKER_00"
    },
    {
      "word": "a",
      "start": 69.018,
      "end": 69.038,
      "score": 0.975,
      "speaker": "SPEAKER_00"
    },
    {
      "word": "point",
      "start": 69.098,
      "end": 69.278,
      "score": 0.725,
      "speaker": "SPEAKER_00"
    },
    {
      "word": "of",
      "start": 69.298,
      "end": 69.358,
      "score": 0.349,
      "speaker": "SPEAKER_00"
    },
    {
      "word": "trying",
      "start": 69.378,
      "end": 69.599,
      "score": 0.887,
      "speaker": "SPEAKER_00"
    },
    {
      "word": "to",
      "start": 69.639,
      "end": 69.719,
      "score": 0.73,
      "speaker": "SPEAKER_00"
    },
    {
      "word": "woo",
      "start": 69.759,
      "end": 69.919,
      "score": 0.994,
      "speaker": "SPEAKER_00"
    },
    {
      "word": "Hispanic",
      "start": 69.959,
      "end": 70.419,
      "score": 0.843,
      "speaker": "SPEAKER_00"
    },
    {
      "word": "voters.",
      "start": 70.459,
      "end": 70.799,
      "score": 0.808,
      "speaker": "SPEAKER_00"
    },
    {
      "word": "We'll",
      "start": 71.199,
      "end": 71.339,
      "score": 0.535,
      "speaker": "SPEAKER_00"
    },
    {
      "word": "hear",
      "start": 71.359,
      "end": 71.479,
      "score": 0.62,
      "speaker": "SPEAKER_00"
    },
    {
      "word": "from",
      "start": 71.499,
      "end": 71.599,
      "score": 0.343,
      "speaker": "SPEAKER_00"
    },
    {
      "word": "the",
      "start": 71.619,
      "end": 71.679,
      "score": 0.988,
      "speaker": "SPEAKER_00"
    },
    {
      "word": "national",
      "start": 71.719,
      "end": 72.059,
      "score": 0.762,
      "speaker": "SPEAKER_00"
    },
    {
      "word": "president",
      "start": 72.099,
      "end": 72.499,
      "score": 0.881,
      "speaker": "SPEAKER_00"
    },
    {
      "word": "of",
      "start": 72.84,
      "end": 72.9,
      "score": 0.879,
      "speaker": "SPEAKER_00"
    },
    {
      "word": "the",
      "start": 72.94,
      "end": 73.02,
      "score": 0.832,
      "speaker": "SPEAKER_00"
    },
    {
      "word": "Mexican-American",
      "start": 73.06,
      "end": 73.74,
      "score": 0.816,
      "speaker": "SPEAKER_00"
    },
    {
      "word": "Legal",
      "start": 73.8,
      "end": 74.0,
      "score": 0.868,
      "speaker": "SPEAKER_00"
    },
    {
      "word": "Defense",
      "start": 74.02,
      "end": 74.34,
      "score": 0.874,
      "speaker": "SPEAKER_00"
    },
    {
      "word": "and",
      "start": 74.4,
      "end": 74.48,
      "score": 0.327,
      "speaker": "SPEAKER_00"
    },
    {
      "word": "Education",
      "start": 74.54,
      "end": 75.08,
      "score": 0.929,
      "speaker": "SPEAKER_00"
    },
    {
      "word": "Fund.",
      "start": 75.18,
      "end": 75.46,
      "score": 0.823,
      "speaker": "SPEAKER_00"
    },
    {
      "word": "But",
      "start": 75.841,
      "end": 75.941,
      "score": 0.831,
      "speaker": "SPEAKER_00"
    },
    {
      "word": "first,",
      "start": 76.001,
      "end": 76.281,
      "score": 0.831,
      "speaker": "SPEAKER_00"
    },
    {
      "word": "the",
      "start": 76.601,
      "end": 76.701,
      "score": 0.704,
      "speaker": "SPEAKER_00"
    },
    {
      "word": "line",
      "start": 76.741,
      "end": 77.061,
      "score": 0.892,
      "speaker": "SPEAKER_00"
    },
    {
      "word": "and",
      "start": 77.201,
      "end": 77.301,
      "score": 0.369,
      "speaker": "SPEAKER_00"
    },
    {
      "word": "the",
      "start": 77.321,
      "end": 77.421,
      "score": 0.678,
      "speaker": "SPEAKER_00"
    },
    {
      "word": "new",
      "start": 77.461,
      "end": 77.621,
      "score": 0.982,
      "speaker": "SPEAKER_00"
    },
    {
      "word": "standard",
      "start": 77.661,
      "end": 78.061,
      "score": 0.871,
      "speaker": "SPEAKER_00"
    },
    {
      "word": "for",
      "start": 78.341,
      "end": 78.441,
      "score": 0.855,
      "speaker": "SPEAKER_00"
    },
    {
      "word": "assessing",
      "start": 78.481,
      "end": 78.902,
      "score": 0.912,
      "speaker": "SPEAKER_00"
    },
    {
      "word": "New",
      "start": 78.922,
      "end": 79.002,
      "score": 0.212,
      "speaker": "SPEAKER_00"
    },
    {
      "word": "Mexico",
      "start": 79.022,
      "end": 79.382,
      "score": 0.949,
      "speaker": "SPEAKER_00"
    },
    {
      "word": "students.",
      "start": 79.462,
      "end": 79.822,
      "score": 0.853,
      "speaker": "SPEAKER_00"
    }
  ],
  "language": "en"
}