{
  "segments": [
    {
      "start": 0.049,
      "end": 2.63,
      "text": " Just for a reminder, this is not a poll nationwide.",
      "words": [
        {
          "word": "Just",
          "start": 0.049,
          "end": 0.189,
          "score": 0.983,
          "speaker": "SPEAKER_01"
        },
        {
          "word": "for",
          "start": 0.229,
          "end": 0.309,
          "score": 0.969,
          "speaker": "SPEAKER_01"
        },
        {
          "word": "a",
          "start": 0.329,
          "end": 0.349,
          "score": 0.01,
          "speaker": "SPEAKER_01"
        },
        {
          "word": "reminder,",
          "start": 0.369,
          "end": 0.769,
          "score": 0.756,
          "speaker": "SPEAKER_01"
        },
        {
          "word": "this",
          "start": 0.809,
          "end": 0.949,
          "score": 0.928,
          "speaker": "SPEAKER_01"
        },
        {
          "word": "is",
          "start": 1.029,
          "end": 1.109,
          "score": 0.683,
          "speaker": "SPEAKER_01"
        },
        {
          "word": "not",
          "start": 1.249,
          "end": 1.469,
          "score": 0.784,
          "speaker": "SPEAKER_01"
        },
        {
          "word": "a",
          "start": 1.489,
          "end": 1.509,
          "score": 0.0,
          "speaker": "SPEAKER_01"
        },
        {
          "word": "poll",
          "start": 1.649,
          "end": 1.969,
          "score": 0.889,
          "speaker": "SPEAKER_01"
        },
        {
          "word": "nationwide.",
          "start": 2.029,
          "end": 2.63,
          "score": 0.832,
          "speaker": "SPEAKER_01"
        }
      ],
      "speaker": "SPEAKER_01"
    },
    {
      "start": 2.67,
      "end": 5.09,
      "text": "As you said, this is a poll of debate watchers.",
      "words": [
        {
          "word": "As",
          "start": 2.67,
          "end": 2.73,
          "score": 0.862,
          "speaker": "SPEAKER_01"
        },
        {
          "word": "you",
          "start": 2.77,
          "end": 2.91,
          "score": 0.984,
          "speaker": "SPEAKER_01"
        },
        {
          "word": "said,",
          "start": 2.97,
          "end": 3.13,
          "score": 0.992,
          "speaker": "SPEAKER_01"
        },
        {
          "word": "this",
          "start": 3.19,
          "end": 3.31,
          "score": 0.988,
          "speaker": "SPEAKER_01"
        },
        {
          "word": "is",
          "start": 3.37,
          "end": 3.45,
          "score": 0.716,
          "speaker": "SPEAKER_01"
        },
        {
          "word": "a",
          "start": 3.49,
          "end": 3.51,
          "score": 0.995,
          "speaker": "SPEAKER_01"
        },
        {
          "word": "poll",
          "start": 3.59,
          "end": 3.85,
          "score": 0.78,
          "speaker": "SPEAKER_01"
        },
        {
          "word": "of",
          "start": 3.93,
          "end": 4.01,
          "score": 0.83,
          "speaker": "SPEAKER_01"
        },
        {
          "word": "debate",
          "start": 4.07,
          "end": 4.51,
          "score": 0.873,
          "speaker": "SPEAKER_01"
        },
        {
          "word": "watchers.",
          "start": 4.61,
          "end": 5.09,
          "score": 0.762,
          "speaker": "SPEAKER_01"
        }
      ],
      "speaker": "SPEAKER_01"
    },
    {
      "start": 5.15,
      "end": 5.75,
      "text": "That's key.",
      "words": [
        {
          "word": "That's",
          "start": 5.15,
          "end": 5.39,
          "score": 0.74,
          "speaker": "SPEAKER_01"
        },
        {
          "word": "key.",
          "start": 5.47,
          "end": 5.75,
          "score": 0.92,
          "speaker": "SPEAKER_01"
        }
      ],
      "speaker": "SPEAKER_01"
    },
    {
      "start": 6.47,
      "end": 15.012,
      "text": "Excuse slightly more Democratic here, but actually it's our most evenly divided audience of any of the debates so far this season.",
      "words": [
        {
          "word": "Excuse",
          "start": 6.47,
          "end": 6.931,
          "score": 0.717,
          "speaker": "SPEAKER_01"
        },
        {
          "word": "slightly",
          "start": 7.151,
          "end": 7.631,
          "score": 0.725,
          "speaker": "SPEAKER_01"
        },
        {
          "word": "more",
          "start": 7.711,
          "end": 7.951,
          "score": 0.813,
          "speaker": "SPEAKER_01"
        },
        {
          "word": "Democratic",
          "start": 8.491,
          "end": 9.031,
          "score": 0.776,
          "speaker": "SPEAKER_01"
        },
        {
          "word": "here,",
          "start": 9.051,
          "end": 9.191,
          "score": 0.879,
          "speaker": "SPEAKER_01"
        },
        {
          "word": "but",
          "start": 9.211,
          "end": 9.331,
          "score": 0.854,
          "speaker": "SPEAKER_01"
        },
        {
          "word": "actually",
          "start": 9.431,
          "end": 9.731,
          "score": 0.822,
          "speaker": "SPEAKER_01"
        },
        {
          "word": "it's",
          "start": 9.791,
          "end": 9.911,
          "score": 0.773,
          "speaker": "SPEAKER_01"
        },
        {
          "word": "our",
          "start": 9.951,
          "end": 10.051,
          "score": 0.953,
          "speaker": "SPEAKER_01"
        },
        {
          "word": "most",
          "start": 10.151,
          "end": 10.391,
          "score": 0.851,
          "speaker": "SPEAKER_01"
        },
        {
          "word": "evenly",
          "start": 10.691,
          "end": 11.231,
          "score": 0.918,
          "speaker": "SPEAKER_01"
        },
        {
          "word": "divided",
          "start": 11.532,
          "end": 12.252,
          "score": 0.82,
          "speaker": "SPEAKER_01"
        },
        {
          "word": "audience",
          "start": 12.532,
          "end": 12.952,
          "score": 0.954,
          "speaker": "SPEAKER_01"
        },
        {
          "word": "of",
          "start": 13.132,
          "end": 13.192,
          "score": 0.79,
          "speaker": "SPEAKER_01"
        },
        {
          "word": "any",
          "start": 13.392,
          "end": 13.572,
          "score": 0.673,
          "speaker": "SPEAKER_01"
        },
        {
          "word": "of",
          "start": 13.592,
          "end": 13.652,
          "score": 0.748,
          "speaker": "SPEAKER_01"
        },
        {
          "word": "the",
          "start": 13.712,
          "end": 13.772,
          "score": 0.994,
          "speaker": "SPEAKER_01"
        },
        {
          "word": "debates",
          "start": 13.812,
          "end": 14.112,
          "score": 0.803,
          "speaker": "SPEAKER_01"
        },
        {
          "word": "so",
          "start": 14.152,
          "end": 14.272,
          "score": 1.0,
          "speaker": "SPEAKER_01"
        },
        {
          "word": "far",
          "start": 14.312,
          "end": 14.492,
          "score": 0.842,
          "speaker": "SPEAKER_01"
        },
        {
          "word": "this",
          "start": 14.552,
          "end": 14.652,
          "score": 0.813,
          "speaker": "SPEAKER_01"
        },
        {
          "word": "season.",
          "start": 14.692,
          "end": 15.012,
          "score": 0.934,
          "speaker": "SPEAKER_01"
        }
      ],
      "speaker": "SPEAKER_01"
    },
    {
      "start": 15.252,
      "end": 16.053,
      "text": "Let's get to the results.",
      "words": [
        {
          "word": "Let's",
          "start": 15.252,
          "end": 15.412,
          "score": 0.805,
          "speaker": "SPEAKER_01"
        },
        {
          "word": "get",
          "start": 15.432,
          "end": 15.552,
          "score": 0.831,
          "speaker": "SPEAKER_01"
        },
        {
          "word": "to",
          "start": 15.572,
          "end": 15.612,
          "score": 0.972,
          "speaker": "SPEAKER_01"
        },
        {
          "word": "the",
          "start": 15.652,
          "end": 15.712,
          "score": 0.995,
          "speaker": "SPEAKER_01"
        },
        {
          "word": "results.",
          "start": 15.752,
          "end": 16.053,
          "score": 0.716,
          "speaker": "SPEAKER_01"
        }
      ],
      "speaker": "SPEAKER_01"
    },
    {
      "start": 16.293,
      "end": 17.033,
      "text": "Who won the debate?",
      "words": [
        {
          "word": "Who",
          "start": 16.293,
          "end": 16.433,
          "score": 0.839,
          "speaker": "SPEAKER_01"
        },
        {
          "word": "won",
          "start": 16.453,
          "end": 16.633,
          "score": 0.733,
          "speaker": "SPEAKER_01"
        },
        {
          "word": "the",
          "start": 16.653,
          "end": 16.733,
          "score": 0.837,
          "speaker": "SPEAKER_01"
        },
        {
          "word": "debate?",
          "start": 16.753,
          "end": 17.033,
          "score": 0.832,
          "speaker": "SPEAKER_01"
        }
      ],
      "speaker": "SPEAKER_01"
    },
    {
      "start": 17.393,
      "end": 19.033,
      "text": "Hillary Clinton.",
      "words": [
        {
          "word": "Hillary",
          "start": 17.393,
          "end": 17.733,
          "score": 0.824,
          "speaker": "SPEAKER_01"
        },
        {
          "word": "Clinton.",
          "start": 17.773,
          "end": 19.033,
          "score": 0.679,
          "speaker": "SPEAKER_01"
        }
      ],
      "speaker": "SPEAKER_01"
    },
    {
      "start": 19.053,
      "end": 21.734,
      "text": "52% of debate watchers say she was the winner.",
      "words": [
        {
          "word": "52%"
        },
        {
          "word": "of",
          "start": 19.073,
          "end": 19.133,
          "score": 0.748,
          "speaker": "SPEAKER_01"
        },
        {
          "word": "debate",
          "start": 19.153,
          "end": 19.413,
          "score": 0.736,
          "speaker": "SPEAKER_01"
        },
        {
          "word": "watchers",
          "start": 19.453,
          "end": 19.773,
          "score": 0.786,
          "speaker": "SPEAKER_01"
        },
        {
          "word": "say",
          "start": 19.793,
          "end": 19.953,
          "score": 0.735,
          "speaker": "SPEAKER_01"
        },
        {
          "word": "she",
          "start": 20.013,
          "end": 20.133,
          "score": 0.856,
          "speaker": "SPEAKER_01"
        },
        {
          "word": "was",
          "start": 20.173,
          "end": 20.273,
          "score": 0.85,
          "speaker": "SPEAKER_01"
        },
        {
          "word": "the",
          "start": 20.313,
          "end": 20.373,
          "score": 0.991,
          "speaker": "SPEAKER_01"
        },
        {
          "word": "winner.",
          "start": 20.413,
          "end": 21.734,
          "score": 0.572,
          "speaker": "SPEAKER_01"
        }
      ],
      "speaker": "SPEAKER_01"
    },
    {
      "start": 21.974,
      "end": 23.494,
      "text": "39% say Donald Trump was the winner.",
      "words": [
        {
          "word": "39%"
        },
        {
          "word": "say",
          "start": 22.254,
          "end": 22.434,
          "score": 0.923,
          "speaker": "SPEAKER_01"
        },
        {
          "word": "Donald",
          "start": 22.474,
          "end": 22.794,
          "score": 0.87,
          "speaker": "SPEAKER_01"
        },
        {
          "word": "Trump",
          "start": 22.834,
          "end": 23.054,
          "score": 0.953,
          "speaker": "SPEAKER_01"
        },
        {
          "word": "was",
          "start": 23.094,
          "end": 23.194,
          "score": 0.398,
          "speaker": "SPEAKER_01"
        },
        {
          "word": "the",
          "start": 23.214,
          "end": 23.274,
          "score": 0.955,
          "speaker": "SPEAKER_01"
        },
        {
          "word": "winner.",
          "start": 23.314,
          "end": 23.494,
          "score": 0.914,
          "speaker": "SPEAKER_01"
        }
      ],
      "speaker": "SPEAKER_01"
    },
    {
      "start": 23.754,
      "end": 27.175,
      "text": "That's a closer margin than we had seen in the previous debates there.",
      "words": [
        {
          "word": "That's",
          "start": 23.754,
          "end": 23.954,
          "score": 0.792,
          "speaker": "SPEAKER_01"
        },
        {
          "word": "a",
          "start": 23.994,
          "end": 24.054,
          "score": 0.718,
          "speaker": "SPEAKER_01"
        },
        {
          "word": "closer",
          "start": 24.154,
          "end": 24.554,
          "score": 0.834,
          "speaker": "SPEAKER_01"
        },
        {
          "word": "margin",
          "start": 24.594,
          "end": 24.834,
          "score": 0.869,
          "speaker": "SPEAKER_01"
        },
        {
          "word": "than",
          "start": 24.874,
          "end": 24.954,
          "score": 0.999,
          "speaker": "SPEAKER_01"
        },
        {
          "word": "we",
          "start": 24.994,
          "end": 25.074,
          "score": 0.996,
          "speaker": "SPEAKER_01"
        },
        {
          "word": "had",
          "start": 25.114,
          "end": 25.215,
          "score": 0.99,
          "speaker": "SPEAKER_01"
        },
        {
          "word": "seen",
          "start": 25.295,
          "end": 25.555,
          "score": 0.839,
          "speaker": "SPEAKER_01"
        },
        {
          "word": "in",
          "start": 25.915,
          "end": 25.995,
          "score": 0.953,
          "speaker": "SPEAKER_01"
        },
        {
          "word": "the",
          "start": 26.035,
          "end": 26.115,
          "score": 0.829,
          "speaker": "SPEAKER_01"
        },
        {
          "word": "previous",
          "start": 26.175,
          "end": 26.615,
          "score": 0.79,
          "speaker": "SPEAKER_01"
        },
        {
          "word": "debates",
          "start": 26.655,
          "end": 26.975,
          "score": 0.783,
          "speaker": "SPEAKER_01"
        },
        {
          "word": "there.",
          "start": 26.995,
          "end": 27.175,
          "score": 0.924,
          "speaker": "SPEAKER_01"
        }
      ],
      "speaker": "SPEAKER_01"
    },
    {
      "start": 27.535,
      "end": 29.076,
      "text": " How about who was on the attack more?",
      "words": [
        {
          "word": "How",
          "start": 27.535,
          "end": 27.615,
          "score": 0.998,
          "speaker": "SPEAKER_01"
        },
        {
          "word": "about",
          "start": 27.655,
          "end": 27.855,
          "score": 0.826,
          "speaker": "SPEAKER_01"
        },
        {
          "word": "who",
          "start": 27.975,
          "end": 28.095,
          "score": 0.914,
          "speaker": "SPEAKER_01"
        },
        {
          "word": "was",
          "start": 28.135,
          "end": 28.255,
          "score": 0.768,
          "speaker": "SPEAKER_01"
        },
        {
          "word": "on",
          "start": 28.316,
          "end": 28.376,
          "score": 0.794,
          "speaker": "SPEAKER_01"
        },
        {
          "word": "the",
          "start": 28.396,
          "end": 28.496,
          "score": 0.669,
          "speaker": "SPEAKER_01"
        },
        {
          "word": "attack",
          "start": 28.536,
          "end": 28.856,
          "score": 0.959,
          "speaker": "SPEAKER_01"
        },
        {
          "word": "more?",
          "start": 28.876,
          "end": 29.076,
          "score": 0.79,
          "speaker": "SPEAKER_01"
        }
      ],
      "speaker": "SPEAKER_01"
    },
    {
      "start": 29.116,
      "end": 31.517,
      "text": "Who spent more time attacking their opponent?",
      "words": [
        {
          "word": "Who",
          "start": 29.116,
          "end": 29.296,
          "score": 0.817,
          "speaker": "SPEAKER_01"
        },
        {
          "word": "spent",
          "start": 29.336,
          "end": 29.616,
          "score": 0.864,
          "speaker": "SPEAKER_01"
        },
        {
          "word": "more",
          "start": 29.956,
          "end": 30.197,
          "score": 0.832,
          "speaker": "SPEAKER_01"
        },
        {
          "word": "time",
          "start": 30.317,
          "end": 30.577,
          "score": 0.859,
          "speaker": "SPEAKER_01"
        },
        {
          "word": "attacking",
          "start": 30.637,
          "end": 30.997,
          "score": 0.925,
          "speaker": "SPEAKER_01"
        },
        {
          "word": "their",
          "start": 31.017,
          "end": 31.137,
          "score": 0.962,
          "speaker": "SPEAKER_01"
        },
        {
          "word": "opponent?",
          "start": 31.177,
          "end": 31.517,
          "score": 0.904,
          "speaker": "SPEAKER_01"
        }
      ],
      "speaker": "SPEAKER_01"
    },
    {
      "start": 31.938,
      "end": 42.604,
      "text": "Donald Trump, 60% of debate watchers say he was more on the attack, 23% say that of Clinton, and 15% say they were both attacking their opponents.",
      "words": [
        {
          "word": "Donald",
          "start": 31.938,
          "end": 32.338,
          "score": 0.867,
          "speaker": "SPEAKER_01"
        },
        {
          "word": "Trump,",
          "start": 32.418,
          "end": 34.379,
          "score": 0.684,
          "speaker": "SPEAKER_01"
        },
        {
          "word": "60%"
        },
        {
          "word": "of",
          "start": 34.499,
          "end": 34.559,
          "score": 0.75,
          "speaker": "SPEAKER_01"
        },
        {
          "word": "debate",
          "start": 34.599,
          "end": 34.839,
          "score": 0.949,
          "speaker": "SPEAKER_01"
        },
        {
          "word": "watchers",
          "start": 34.879,
          "end": 35.16,
          "score": 0.918,
          "speaker": "SPEAKER_01"
        },
        {
          "word": "say",
          "start": 35.2,
          "end": 35.34,
          "score": 0.996,
          "speaker": "SPEAKER_01"
        },
        {
          "word": "he",
          "start": 35.46,
          "end": 35.74,
          "score": 0.85,
          "speaker": "SPEAKER_01"
        },
        {
          "word": "was",
          "start": 36.08,
          "end": 36.22,
          "score": 0.704,
          "speaker": "SPEAKER_01"
        },
        {
          "word": "more",
          "start": 36.28,
          "end": 36.46,
          "score": 0.885,
          "speaker": "SPEAKER_01"
        },
        {
          "word": "on",
          "start": 36.52,
          "end": 36.58,
          "score": 0.75,
          "speaker": "SPEAKER_01"
        },
        {
          "word": "the",
          "start": 36.6,
          "end": 36.68,
          "score": 0.84,
          "speaker": "SPEAKER_01"
        },
        {
          "word": "attack,",
          "start": 36.72,
          "end": 37.041,
          "score": 0.802,
          "speaker": "SPEAKER_01"
        },
        {
          "word": "23%"
        },
        {
          "word": "say",
          "start": 38.201,
          "end": 38.321,
          "score": 0.995,
          "speaker": "SPEAKER_01"
        },
        {
          "word": "that",
          "start": 38.361,
          "end": 38.482,
          "score": 0.834,
          "speaker": "SPEAKER_01"
        },
        {
          "word": "of",
          "start": 38.502,
          "end": 38.542,
          "score": 0.999,
          "speaker": "SPEAKER_01"
        },
        {
          "word": "Clinton,",
          "start": 38.622,
          "end": 38.942,
          "score": 0.974,
          "speaker": "SPEAKER_01"
        },
        {
          "word": "and",
          "start": 39.202,
          "end": 39.302,
          "score": 0.786,
          "speaker": "SPEAKER_01"
        },
        {
          "word": "15%"
        },
        {
          "word": "say",
          "start": 40.523,
          "end": 40.663,
          "score": 0.888,
          "speaker": "SPEAKER_01"
        },
        {
          "word": "they",
          "start": 40.703,
          "end": 40.803,
          "score": 0.876,
          "speaker": "SPEAKER_01"
        },
        {
          "word": "were",
          "start": 40.843,
          "end": 40.983,
          "score": 0.805,
          "speaker": "SPEAKER_01"
        },
        {
          "word": "both",
          "start": 41.083,
          "end": 41.343,
          "score": 0.831,
          "speaker": "SPEAKER_01"
        },
        {
          "word": "attacking",
          "start": 41.603,
          "end": 41.984,
          "score": 0.948,
          "speaker": "SPEAKER_01"
        },
        {
          "word": "their",
          "start": 42.024,
          "end": 42.164,
          "score": 0.892,
          "speaker": "SPEAKER_01"
        },
        {
          "word": "opponents.",
          "start": 42.204,
          "end": 42.604,
          "score": 0.879,
          "speaker": "SPEAKER_01"
        }
      ],
      "speaker": "SPEAKER_01"
    },
    {
      "start": 42.904,
      "end": 44.585,
      "text": "And what about the fairness of those attacks?",
      "words": [
        {
          "word": "And",
          "start": 42.904,
          "end": 42.984,
          "score": 0.865,
          "speaker": "SPEAKER_01"
        },
        {
          "word": "what",
          "start": 43.004,
          "end": 43.124,
          "score": 0.994,
          "speaker": "SPEAKER_01"
        },
        {
          "word": "about",
          "start": 43.164,
          "end": 43.324,
          "score": 0.781,
          "speaker": "SPEAKER_01"
        },
        {
          "word": "the",
          "start": 43.344,
          "end": 43.424,
          "score": 0.835,
          "speaker": "SPEAKER_01"
        },
        {
          "word": "fairness",
          "start": 43.484,
          "end": 43.865,
          "score": 0.792,
          "speaker": "SPEAKER_01"
        },
        {
          "word": "of",
          "start": 43.905,
          "end": 43.945,
          "score": 1.0,
          "speaker": "SPEAKER_01"
        },
        {
          "word": "those",
          "start": 44.005,
          "end": 44.185,
          "score": 0.864,
          "speaker": "SPEAKER_01"
        },
        {
          "word": "attacks?",
          "start": 44.225,
          "end": 44.585,
          "score": 0.794,
          "speaker": "SPEAKER_01"
        }
      ],
      "speaker": "SPEAKER_01"
    },
    {
      "start": 44.625,
      "end": 46.306,
      "text": "Were Trump's attacks fair?",
      "words": [
        {
          "word": "Were",
          "start": 44.625,
          "end": 44.785,
          "score": 0.816,
          "speaker": "SPEAKER_01"
        },
        {
          "word": "Trump's",
          "start": 44.885,
          "end": 45.225,
          "score": 0.765,
          "speaker": "SPEAKER_01"
        },
        {
          "word": "attacks",
          "start": 45.566,
          "end": 45.946,
          "score": 0.965,
          "speaker": "SPEAKER_01"
        },
        {
          "word": "fair?",
          "start": 46.006,
          "end": 46.306,
          "score": 0.794,
          "speaker": "SPEAKER_01"
        }
      ],
      "speaker": "SPEAKER_01"
    },
    {
      "start": 46.606,
      "end": 51.389,
      "text": "A majority of debate watchers, 55%, say yes, his attacks on Hillary Clinton were fair, 43% say no.",
      "words": [
        {
          "word": "A",
          "start": 46.606,
          "end": 46.646,
          "score": 0.565,
          "speaker": "SPEAKER_01"
        },
        {
          "word": "majority",
          "start": 46.686,
          "end": 47.107,
          "score": 0.917,
          "speaker": "SPEAKER_01"
        },
        {
          "word": "of",
          "start": 47.147,
          "end": 47.207,
          "score": 0.75,
          "speaker": "SPEAKER_01"
        },
        {
          "word": "debate",
          "start": 47.247,
          "end": 47.487,
          "score": 0.862,
          "speaker": "SPEAKER_01"
        },
        {
          "word": "watchers,",
          "start": 47.527,
          "end": 47.867,
          "score": 0.86,
          "speaker": "SPEAKER_01"
        },
        {
          "word": "55%,"
        },
        {
          "word": "say",
          "start": 48.948,
          "end": 49.108,
          "score": 0.825,
          "speaker": "SPEAKER_01"
        },
        {
          "word": "yes,",
          "start": 49.148,
          "end": 49.408,
          "score": 0.838,
          "speaker": "SPEAKER_01"
        },
        {
          "word": "his",
          "start": 49.468,
          "end": 49.608,
          "score": 0.878,
          "speaker": "SPEAKER_01"
        },
        {
          "word": "attacks",
          "start": 49.648,
          "end": 50.008,
          "score": 0.855,
          "speaker": "SPEAKER_01"
        },
        {
          "word": "on",
          "start": 50.088,
          "end": 50.148,
          "score": 0.829,
          "speaker": "SPEAKER_01"
        },
        {
          "word": "Hillary",
          "start": 50.168,
          "end": 50.649,
          "score": 0.794,
          "speaker": "SPEAKER_01"
        },
        {
          "word": "Clinton",
          "start": 50.669,
          "end": 50.849,
          "score": 0.407,
          "speaker": "SPEAKER_01"
        },
        {
          "word": "were",
          "start": 50.869,
          "end": 50.989,
          "score": 0.652,
          "speaker": "SPEAKER_01"
        },
        {
          "word": "fair,",
          "start": 51.009,
          "end": 51.129,
          "score": 0.734,
          "speaker": "SPEAKER_01"
        },
        {
          "word": "43%"
        },
        {
          "word": "say",
          "start": 51.169,
          "end": 51.229,
          "score": 0.0,
          "speaker": "SPEAKER_01"
        },
        {
          "word": "no.",
          "start": 51.289,
          "end": 51.389,
          "score": 0.873,
          "speaker": "SPEAKER_01"
        }
      ],
      "speaker": "SPEAKER_01"
    },
    {
      "start": 53.15,
      "end": 55.633,
      "text": " And what about Hillary Clinton's attacks on Donald Trump?",
      "words": [
        {
          "word": "And",
          "start": 53.15,
          "end": 53.27,
          "score": 0.76,
          "speaker": "SPEAKER_01"
        },
        {
          "word": "what",
          "start": 53.411,
          "end": 53.551,
          "score": 0.876,
          "speaker": "SPEAKER_01"
        },
        {
          "word": "about",
          "start": 53.591,
          "end": 53.771,
          "score": 0.796,
          "speaker": "SPEAKER_01"
        },
        {
          "word": "Hillary",
          "start": 53.871,
          "end": 54.131,
          "score": 0.757,
          "speaker": "SPEAKER_01"
        },
        {
          "word": "Clinton's",
          "start": 54.151,
          "end": 54.412,
          "score": 0.9,
          "speaker": "SPEAKER_01"
        },
        {
          "word": "attacks",
          "start": 54.452,
          "end": 54.792,
          "score": 0.9,
          "speaker": "SPEAKER_01"
        },
        {
          "word": "on",
          "start": 54.932,
          "end": 55.012,
          "score": 0.974,
          "speaker": "SPEAKER_01"
        },
        {
          "word": "Donald",
          "start": 55.072,
          "end": 55.373,
          "score": 0.938,
          "speaker": "SPEAKER_01"
        },
        {
          "word": "Trump?",
          "start": 55.393,
          "end": 55.633,
          "score": 0.873,
          "speaker": "SPEAKER_01"
        }
      ],
      "speaker": "SPEAKER_01"
    },
    {
      "start": 55.913,
      "end": 59.437,
      "text": "An even bigger majority say her attacks were fair.",
      "words": [
        {
          "word": "An",
          "start": 55.913,
          "end": 55.993,
          "score": 0.756,
          "speaker": "SPEAKER_01"
        },
        {
          "word": "even",
          "start": 56.054,
          "end": 56.234,
          "score": 0.83,
          "speaker": "SPEAKER_01"
        },
        {
          "word": "bigger",
          "start": 56.454,
          "end": 56.694,
          "score": 0.901,
          "speaker": "SPEAKER_01"
        },
        {
          "word": "majority",
          "start": 56.734,
          "end": 57.175,
          "score": 0.745,
          "speaker": "SPEAKER_01"
        },
        {
          "word": "say",
          "start": 57.475,
          "end": 57.655,
          "score": 0.858,
          "speaker": "SPEAKER_01"
        },
        {
          "word": "her",
          "start": 57.735,
          "end": 57.936,
          "score": 0.765,
          "speaker": "SPEAKER_01"
        },
        {
          "word": "attacks",
          "start": 57.976,
          "end": 58.236,
          "score": 0.904,
          "speaker": "SPEAKER_01"
        },
        {
          "word": "were",
          "start": 58.256,
          "end": 58.376,
          "score": 0.871,
          "speaker": "SPEAKER_01"
        },
        {
          "word": "fair.",
          "start": 58.416,
          "end": 59.437,
          "score": 0.647,
          "speaker": "SPEAKER_01"
        }
      ],
      "speaker": "SPEAKER_01"
    },
    {
      "start": 59.798,
      "end": 61.259,
      "text": "63% say that about her attacks on Trump.",
      "words": [
        {
          "word": "63%"
        },
        {
          "word": "say",
          "start": 59.838,
          "end": 59.958,
          "score": 0.866,
          "speaker": "SPEAKER_01"
        },
        {
          "word": "that",
          "start": 59.978,
          "end": 60.098,
          "score": 0.964,
          "speaker": "SPEAKER_01"
        },
        {
          "word": "about",
          "start": 60.138,
          "end": 60.298,
          "score": 0.961,
          "speaker": "SPEAKER_01"
        },
        {
          "word": "her",
          "start": 60.338,
          "end": 60.459,
          "score": 0.822,
          "speaker": "SPEAKER_01"
        },
        {
          "word": "attacks",
          "start": 60.499,
          "end": 60.799,
          "score": 0.85,
          "speaker": "SPEAKER_01"
        },
        {
          "word": "on",
          "start": 60.859,
          "end": 60.959,
          "score": 0.748,
          "speaker": "SPEAKER_01"
        },
        {
          "word": "Trump.",
          "start": 61.019,
          "end": 61.259,
          "score": 0.939,
          "speaker": "SPEAKER_01"
        }
      ],
      "speaker": "SPEAKER_01"
    },
    {
      "start": 62.16,
      "end": 64.203,
      "text": "34% say, no, they were not fair.",
      "words": [
        {
          "word": "34%"
        },
        {
          "word": "say,",
          "start": 62.541,
          "end": 62.741,
          "score": 0.849,
          "speaker": "SPEAKER_01"
        },
        {
          "word": "no,",
          "start": 62.801,
          "end": 62.981,
          "score": 0.9,
          "speaker": "SPEAKER_01"
        },
        {
          "word": "they",
          "start": 63.342,
          "end": 63.502,
          "score": 0.887,
          "speaker": "SPEAKER_01"
        },
        {
          "word": "were",
          "start": 63.562,
          "end": 63.762,
          "score": 0.809,
          "speaker": "SPEAKER_01"
        },
        {
          "word": "not",
          "start": 63.822,
          "end": 63.963,
          "score": 0.883,
          "speaker": "SPEAKER_01"
        },
        {
          "word": "fair.",
          "start": 64.023,
          "end": 64.203,
          "score": 0.975,
          "speaker": "SPEAKER_01"
        }
      ],
      "speaker": "SPEAKER_01"
    },
    {
      "start": 64.443,
      "end": 72.893,
      "text": "So, David, all three of these presidential debates, according to our CNN-ORC poll, instant poll of people who watched the debates, believe Hillary Clinton won all three.",
      "words": [
        {
          "word": "So,",
          "start": 64.443,
          "end": 64.563,
          "score": 0.872,
          "speaker": "SPEAKER_00"
        },
        {
          "word": "David,",
          "start": 64.583,
          "end": 64.823,
          "score": 0.946,
          "speaker": "SPEAKER_00"
        },
        {
          "word": "all",
          "start": 64.924,
          "end": 65.064,
          "score": 0.926,
          "speaker": "SPEAKER_00"
        },
        {
          "word": "three",
          "start": 65.124,
          "end": 65.364,
          "score": 0.839,
          "speaker": "SPEAKER_00"
        },
        {
          "word": "of",
          "start": 65.404,
          "end": 65.444,
          "score": 0.998,
          "speaker": "SPEAKER_00"
        },
        {
          "word": "these",
          "start": 65.484,
          "end": 65.624,
          "score": 0.805,
          "speaker": "SPEAKER_00"
        },
        {
          "word": "presidential",
          "start": 65.684,
          "end": 66.205,
          "score": 0.937,
          "speaker": "SPEAKER_00"
        },
        {
          "word": "debates,",
          "start": 66.245,
          "end": 66.545,
          "score": 0.895,
          "speaker": "SPEAKER_00"
        },
        {
          "word": "according",
          "start": 66.565,
          "end": 66.866,
          "score": 0.965,
          "speaker": "SPEAKER_00"
        },
        {
          "word": "to",
          "start": 66.906,
          "end": 66.986,
          "score": 0.782,
          "speaker": "SPEAKER_00"
        },
        {
          "word": "our",
          "start": 67.046,
          "end": 67.126,
          "score": 0.938,
          "speaker": "SPEAKER_00"
        },
        {
          "word": "CNN-ORC",
          "start": 67.406,
          "end": 68.408,
          "score": 0.791,
          "speaker": "SPEAKER_00"
        },
        {
          "word": "poll,",
          "start": 68.628,
          "end": 68.988,
          "score": 0.915,
          "speaker": "SPEAKER_00"
        },
        {
          "word": "instant",
          "start": 69.108,
          "end": 69.469,
          "score": 0.889,
          "speaker": "SPEAKER_00"
        },
        {
          "word": "poll",
          "start": 69.489,
          "end": 69.729,
          "score": 0.741,
          "speaker": "SPEAKER_00"
        },
        {
          "word": "of",
          "start": 69.749,
          "end": 69.789,
          "score": 0.972,
          "speaker": "SPEAKER_00"
        },
        {
          "word": "people",
          "start": 70.089,
          "end": 70.31,
          "score": 0.969,
          "speaker": "SPEAKER_00"
        },
        {
          "word": "who",
          "start": 70.33,
          "end": 70.45,
          "score": 0.87,
          "speaker": "SPEAKER_00"
        },
        {
          "word": "watched",
          "start": 70.49,
          "end": 70.75,
          "score": 0.757,
          "speaker": "SPEAKER_00"
        },
        {
          "word": "the",
          "start": 70.77,
          "end": 70.85,
          "score": 0.831,
          "speaker": "SPEAKER_00"
        },
        {
          "word": "debates,",
          "start": 70.87,
          "end": 71.151,
          "score": 0.841,
          "speaker": "SPEAKER_00"
        },
        {
          "word": "believe",
          "start": 71.191,
          "end": 71.411,
          "score": 0.948,
          "speaker": "SPEAKER_00"
        },
        {
          "word": "Hillary",
          "start": 71.591,
          "end": 71.932,
          "score": 0.834,
          "speaker": "SPEAKER_00"
        },
        {
          "word": "Clinton",
          "start": 71.972,
          "end": 72.232,
          "score": 0.879,
          "speaker": "SPEAKER_00"
        },
        {
          "word": "won",
          "start": 72.272,
          "end": 72.432,
          "score": 0.785,
          "speaker": "SPEAKER_00"
        },
        {
          "word": "all",
          "start": 72.492,
          "end": 72.592,
          "score": 0.644,
          "speaker": "SPEAKER_00"
        },
        {
          "word": "three.",
          "start": 72.612,
          "end": 72.893,
          "score": 0.518,
          "speaker": "SPEAKER_00"
        }
      ],
      "speaker": "SPEAKER_00"
    },
    {
      "start": 72.973,
      "end": 74.554,
      "text": "She has gone 3-0 here.",
      "words": [
        {
          "word": "She",
          "start": 72.973,
          "end": 73.213,
          "score": 0.94,
          "speaker": "SPEAKER_01"
        },
        {
          "word": "has",
          "start": 73.293,
          "end": 73.473,
          "score": 0.851,
          "speaker": "SPEAKER_01"
        },
        {
          "word": "gone",
          "start": 73.513,
          "end": 73.714,
          "score": 0.871,
          "speaker": "SPEAKER_01"
        },
        {
          "word": "3-0",
          "start": 73.734,
          "end": 74.314,
          "score": 0.506,
          "speaker": "SPEAKER_01"
        },
        {
          "word": "here.",
          "start": 74.354,
          "end": 74.554,
          "score": 0.815,
          "speaker": "SPEAKER_01"
        }
      ],
      "speaker": "SPEAKER_01"
    },
    {
      "start": 74.675,
      "end": 75.656,
      "text": "It's a hat trick for her.",
      "words": [
        {
          "word": "It's",
          "start": 74.675,
          "end": 74.795,
          "score": 0.815,
          "speaker": "SPEAKER_01"
        },
        {
          "word": "a",
          "start": 74.815,
          "end": 74.855,
          "score": 0.49,
          "speaker": "SPEAKER_01"
        },
        {
          "word": "hat",
          "start": 74.915,
          "end": 75.075,
          "score": 0.92,
          "speaker": "SPEAKER_01"
        },
        {
          "word": "trick",
          "start": 75.095,
          "end": 75.295,
          "score": 0.837,
          "speaker": "SPEAKER_01"
        },
        {
          "word": "for",
          "start": 75.335,
          "end": 75.516,
          "score": 0.84,
          "speaker": "SPEAKER_01"
        },
        {
          "word": "her.",
          "start": 75.576,
          "end": 75.656,
          "score": 0.829,
          "speaker": "SPEAKER_01"
        }
      ],
      "speaker": "SPEAKER_01"
    }
  ],
  "word_segments": [
    {
      "word": "Just",
      "start": 0.049,
      "end": 0.189,
      "score": 0.983,
      "speaker": "SPEAKER_01"
    },
    {
      "word": "for",
      "start": 0.229,
      "end": 0.309,
      "score": 0.969,
      "speaker": "SPEAKER_01"
    },
    {
      "word": "a",
      "start": 0.329,
      "end": 0.349,
      "score": 0.01,
      "speaker": "SPEAKER_01"
    },
    {
      "word": "reminder,",
      "start": 0.369,
      "end": 0.769,
      "score": 0.756,
      "speaker": "SPEAKER_01"
    },
    {
      "word": "this",
      "start": 0.809,
      "end": 0.949,
      "score": 0.928,
      "speaker": "SPEAKER_01"
    },
    {
      "word": "is",
      "start": 1.029,
      "end": 1.109,
      "score": 0.683,
      "speaker": "SPEAKER_01"
    },
    {
      "word": "not",
      "start": 1.249,
      "end": 1.469,
      "score": 0.784,
      "speaker": "SPEAKER_01"
    },
    {
      "word": "a",
      "start": 1.489,
      "end": 1.509,
      "score": 0.0,
      "speaker": "SPEAKER_01"
    },
    {
      "word": "poll",
      "start": 1.649,
      "end": 1.969,
      "score": 0.889,
      "speaker": "SPEAKER_01"
    },
    {
      "word": "nationwide.",
      "start": 2.029,
      "end": 2.63,
      "score": 0.832,
      "speaker": "SPEAKER_01"
    },
    {
      "word": "As",
      "start": 2.67,
      "end": 2.73,
      "score": 0.862,
      "speaker": "SPEAKER_01"
    },
    {
      "word": "you",
      "start": 2.77,
      "end": 2.91,
      "score": 0.984,
      "speaker": "SPEAKER_01"
    },
    {
      "word": "said,",
      "start": 2.97,
      "end": 3.13,
      "score": 0.992,
      "speaker": "SPEAKER_01"
    },
    {
      "word": "this",
      "start": 3.19,
      "end": 3.31,
      "score": 0.988,
      "speaker": "SPEAKER_01"
    },
    {
      "word": "is",
      "start": 3.37,
      "end": 3.45,
      "score": 0.716,
      "speaker": "SPEAKER_01"
    },
    {
      "word": "a",
      "start": 3.49,
      "end": 3.51,
      "score": 0.995,
      "speaker": "SPEAKER_01"
    },
    {
      "word": "poll",
      "start": 3.59,
      "end": 3.85,
      "score": 0.78,
      "speaker": "SPEAKER_01"
    },
    {
      "word": "of",
      "start": 3.93,
      "end": 4.01,
      "score": 0.83,
      "speaker": "SPEAKER_01"
    },
    {
      "word": "debate",
      "start": 4.07,
      "end": 4.51,
      "score": 0.873,
      "speaker": "SPEAKER_01"
    },
    {
      "word": "watchers.",
      "start": 4.61,
      "end": 5.09,
      "score": 0.762,
      "speaker": "SPEAKER_01"
    },
    {
      "word": "That's",
      "start": 5.15,
      "end": 5.39,
      "score": 0.74,
      "speaker": "SPEAKER_01"
    },
    {
      "word": "key.",
      "start": 5.47,
      "end": 5.75,
      "score": 0.92,
      "speaker": "SPEAKER_01"
    },
    {
      "word": "Excuse",
      "start": 6.47,
      "end": 6.931,
      "score": 0.717,
      "speaker": "SPEAKER_01"
    },
    {
      "word": "slightly",
      "start": 7.151,
      "end": 7.631,
      "score": 0.725,
      "speaker": "SPEAKER_01"
    },
    {
      "word": "more",
      "start": 7.711,
      "end": 7.951,
      "score": 0.813,
      "speaker": "SPEAKER_01"
    },
    {
      "word": "Democratic",
      "start": 8.491,
      "end": 9.031,
      "score": 0.776,
      "speaker": "SPEAKER_01"
    },
    {
      "word": "here,",
      "start": 9.051,
      "end": 9.191,
      "score": 0.879,
      "speaker": "SPEAKER_01"
    },
    {
      "word": "but",
      "start": 9.211,
      "end": 9.331,
      "score": 0.854,
      "speaker": "SPEAKER_01"
    },
    {
      "word": "actually",
      "start": 9.431,
      "end": 9.731,
      "score": 0.822,
      "speaker": "SPEAKER_01"
    },
    {
      "word": "it's",
      "start": 9.791,
      "end": 9.911,
      "score": 0.773,
      "speaker": "SPEAKER_01"
    },
    {
      "word": "our",
      "start": 9.951,
      "end": 10.051,
      "score": 0.953,
      "speaker": "SPEAKER_01"
    },
    {
      "word": "most",
      "start": 10.151,
      "end": 10.391,
      "score": 0.851,
      "speaker": "SPEAKER_01"
    },
    {
      "word": "evenly",
      "start": 10.691,
      "end": 11.231,
      "score": 0.918,
      "speaker": "SPEAKER_01"
    },
    {
      "word": "divided",
      "start": 11.532,
      "end": 12.252,
      "score": 0.82,
      "speaker": "SPEAKER_01"
    },
    {
      "word": "audience",
      "start": 12.532,
      "end": 12.952,
      "score": 0.954,
      "speaker": "SPEAKER_01"
    },
    {
      "word": "of",
      "start": 13.132,
      "end": 13.192,
      "score": 0.79,
      "speaker": "SPEAKER_01"
    },
    {
      "word": "any",
      "start": 13.392,
      "end": 13.572,
      "score": 0.673,
      "speaker": "SPEAKER_01"
    },
    {
      "word": "of",
      "start": 13.592,
      "end": 13.652,
      "score": 0.748,
      "speaker": "SPEAKER_01"
    },
    {
      "word": "the",
      "start": 13.712,
      "end": 13.772,
      "score": 0.994,
      "speaker": "SPEAKER_01"
    },
    {
      "word": "debates",
      "start": 13.812,
      "end": 14.112,
      "score": 0.803,
      "speaker": "SPEAKER_01"
    },
    {
      "word": "so",
      "start": 14.152,
      "end": 14.272,
      "score": 1.0,
      "speaker": "SPEAKER_01"
    },
    {
      "word": "far",
      "start": 14.312,
      "end": 14.492,
      "score": 0.842,
      "speaker": "SPEAKER_01"
    },
    {
      "word": "this",
      "start": 14.552,
      "end": 14.652,
      "score": 0.813,
      "speaker": "SPEAKER_01"
    },
    {
      "word": "season.",
      "start": 14.692,
      "end": 15.012,
      "score": 0.934,
      "speaker": "SPEAKER_01"
    },
    {
      "word": "Let's",
      "start": 15.252,
      "end": 15.412,
      "score": 0.805,
      "speaker": "SPEAKER_01"
    },
    {
      "word": "get",
      "start": 15.432,
      "end": 15.552,
      "score": 0.831,
      "speaker": "SPEAKER_01"
    },
    {
      "word": "to",
      "start": 15.572,
      "end": 15.612,
      "score": 0.972,
      "speaker": "SPEAKER_01"
    },
    {
      "word": "the",
      "start": 15.652,
      "end": 15.712,
      "score": 0.995,
      "speaker": "SPEAKER_01"
    },
    {
      "word": "results.",
      "start": 15.752,
      "end": 16.053,
      "score": 0.716,
      "speaker": "SPEAKER_01"
    },
    {
      "word": "Who",
      "start": 16.293,
      "end": 16.433,
      "score": 0.839,
      "speaker": "SPEAKER_01"
    },
    {
      "word": "won",
      "start": 16.453,
      "end": 16.633,
      "score": 0.733,
      "speaker": "SPEAKER_01"
    },
    {
      "word": "the",
      "start": 16.653,
      "end": 16.733,
      "score": 0.837,
      "speaker": "SPEAKER_01"
    },
    {
      "word": "debate?",
      "start": 16.753,
      "end": 17.033,
      "score": 0.832,
      "speaker": "SPEAKER_01"
    },
    {
      "word": "Hillary",
      "start": 17.393,
      "end": 17.733,
      "score": 0.824,
      "speaker": "SPEAKER_01"
    },
    {
      "word": "Clinton.",
      "start": 17.773,
      "end": 19.033,
      "score": 0.679,
      "speaker": "SPEAKER_01"
    },
    {
      "word": "52%"
    },
    {
      "word": "of",
      "start": 19.073,
      "end": 19.133,
      "score": 0.748,
      "speaker": "SPEAKER_01"
    },
    {
      "word": "debate",
      "start": 19.153,
      "end": 19.413,
      "score": 0.736,
      "speaker": "SPEAKER_01"
    },
    {
      "word": "watchers",
      "start": 19.453,
      "end": 19.773,
      "score": 0.786,
      "speaker": "SPEAKER_01"
    },
    {
      "word": "say",
      "start": 19.793,
      "end": 19.953,
      "score": 0.735,
      "speaker": "SPEAKER_01"
    },
    {
      "word": "she",
      "start": 20.013,
      "end": 20.133,
      "score": 0.856,
      "speaker": "SPEAKER_01"
    },
    {
      "word": "was",
      "start": 20.173,
      "end": 20.273,
      "score": 0.85,
      "speaker": "SPEAKER_01"
    },
    {
      "word": "the",
      "start": 20.313,
      "end": 20.373,
      "score": 0.991,
      "speaker": "SPEAKER_01"
    },
    {
      "word": "winner.",
      "start": 20.413,
      "end": 21.734,
      "score": 0.572,
      "speaker": "SPEAKER_01"
    },
    {
      "word": "39%"
    },
    {
      "word": "say",
      "start": 22.254,
      "end": 22.434,
      "score": 0.923,
      "speaker": "SPEAKER_01"
    },
    {
      "word": "Donald",
      "start": 22.474,
      "end": 22.794,
      "score": 0.87,
      "speaker": "SPEAKER_01"
    },
    {
      "word": "Trump",
      "start": 22.834,
      "end": 23.054,
      "score": 0.953,
      "speaker": "SPEAKER_01"
    },
    {
      "word": "was",
      "start": 23.094,
      "end": 23.194,
      "score": 0.398,
      "speaker": "SPEAKER_01"
    },
    {
      "word": "the",
      "start": 23.214,
      "end": 23.274,
      "score": 0.955,
      "speaker": "SPEAKER_01"
    },
    {
      "word": "winner.",
      "start": 23.314,
      "end": 23.494,
      "score": 0.914,
      "speaker": "SPEAKER_01"
    },
    {
      "word": "That's",
      "start": 23.754,
      "end": 23.954,
      "score": 0.792,
      "speaker": "SPEAKER_01"
    },
    {
      "word": "a",
      "start": 23.994,
      "end": 24.054,
      "score": 0.718,
      "speaker": "SPEAKER_01"
    },
    {
      "word": "closer",
      "start": 24.154,
      "end": 24.554,
      "score": 0.834,
      "speaker": "SPEAKER_01"
    },
    {
      "word": "margin",
      "start": 24.594,
      "end": 24.834,
      "score": 0.869,
      "speaker": "SPEAKER_01"
    },
    {
      "word": "than",
      "start": 24.874,
      "end": 24.954,
      "score": 0.999,
      "speaker": "SPEAKER_01"
    },
    {
      "word": "we",
      "start": 24.994,
      "end": 25.074,
      "score": 0.996,
      "speaker": "SPEAKER_01"
    },
    {
      "word": "had",
      "start": 25.114,
      "end": 25.215,
      "score": 0.99,
      "speaker": "SPEAKER_01"
    },
    {
      "word": "seen",
      "start": 25.295,
      "end": 25.555,
      "score": 0.839,
      "speaker": "SPEAKER_01"
    },
    {
      "word": "in",
      "start": 25.915,
      "end": 25.995,
      "score": 0.953,
      "speaker": "SPEAKER_01"
    },
    {
      "word": "the",
      "start": 26.035,
      "end": 26.115,
      "score": 0.829,
      "speaker": "SPEAKER_01"
    },
    {
      "word": "previous",
      "start": 26.175,
      "end": 26.615,
      "score": 0.79,
      "speaker": "SPEAKER_01"
    },
    {
      "word": "debates",
      "start": 26.655,
      "end": 26.975,
      "score": 0.783,
      "speaker": "SPEAKER_01"
    },
    {
      "word": "there.",
      "start": 26.995,
      "end": 27.175,
      "score": 0.924,
      "speaker": "SPEAKER_01"
    },
    {
      "word": "How",
      "start": 27.535,
      "end": 27.615,
      "score": 0.998,
      "speaker": "SPEAKER_01"
    },
    {
      "word": "about",
      "start": 27.655,
      "end": 27.855,
      "score": 0.826,
      "speaker": "SPEAKER_01"
    },
    {
      "word": "who",
      "start": 27.975,
      "end": 28.095,
      "score": 0.914,
      "speaker": "SPEAKER_01"
    },
    {
      "word": "was",
      "start": 28.135,
      "end": 28.255,
      "score": 0.768,
      "speaker": "SPEAKER_01"
    },
    {
      "word": "on",
      "start": 28.316,
      "end": 28.376,
      "score": 0.794,
      "speaker": "SPEAKER_01"
    },
    {
      "word": "the",
      "start": 28.396,
      "end": 28.496,
      "score": 0.669,
      "speaker": "SPEAKER_01"
    },
    {
      "word": "attack",
      "start": 28.536,
      "end": 28.856,
      "score": 0.959,
      "speaker": "SPEAKER_01"
    },
    {
      "word": "more?",
      "start": 28.876,
      "end": 29.076,
      "score": 0.79,
      "speaker": "SPEAKER_01"
    },
    {
      "word": "Who",
      "start": 29.116,
      "end": 29.296,
      "score": 0.817,
      "speaker": "SPEAKER_01"
    },
    {
      "word": "spent",
      "start": 29.336,
      "end": 29.616,
      "score": 0.864,
      "speaker": "SPEAKER_01"
    },
    {
      "word": "more",
      "start": 29.956,
      "end": 30.197,
      "score": 0.832,
      "speaker": "SPEAKER_01"
    },
    {
      "word": "time",
      "start": 30.317,
      "end": 30.577,
      "score": 0.859,
      "speaker": "SPEAKER_01"
    },
    {
      "word": "attacking",
      "start": 30.637,
      "end": 30.997,
      "score": 0.925,
      "speaker": "SPEAKER_01"
    },
    {
      "word": "their",
      "start": 31.017,
      "end": 31.137,
      "score": 0.962,
      "speaker": "SPEAKER_01"
    },
    {
      "word": "opponent?",
      "start": 31.177,
      "end": 31.517,
      "score": 0.904,
      "speaker": "SPEAKER_01"
    },
    {
      "word": "Donald",
      "start": 31.938,
      "end": 32.338,
      "score": 0.867,
      "speaker": "SPEAKER_01"
    },
    {
      "word": "Trump,",
      "start": 32.418,
      "end": 34.379,
      "score": 0.684,
      "speaker": "SPEAKER_01"
    },
    {
      "word": "60%"
    },
    {
      "word": "of",
      "start": 34.499,
      "end": 34.559,
      "score": 0.75,
      "speaker": "SPEAKER_01"
    },
    {
      "word": "debate",
      "start": 34.599,
      "end": 34.839,
      "score": 0.949,
      "speaker": "SPEAKER_01"
    },
    {
      "word": "watchers",
      "start": 34.879,
      "end": 35.16,
      "score": 0.918,
      "speaker": "SPEAKER_01"
    },
    {
      "word": "say",
      "start": 35.2,
      "end": 35.34,
      "score": 0.996,
      "speaker": "SPEAKER_01"
    },
    {
      "word": "he",
      "start": 35.46,
      "end": 35.74,
      "score": 0.85,
      "speaker": "SPEAKER_01"
    },
    {
      "word": "was",
      "start": 36.08,
      "end": 36.22,
      "score": 0.704,
      "speaker": "SPEAKER_01"
    },
    {
      "word": "more",
      "start": 36.28,
      "end": 36.46,
      "score": 0.885,
      "speaker": "SPEAKER_01"
    },
    {
      "word": "on",
      "start": 36.52,
      "end": 36.58,
      "score": 0.75,
      "speaker": "SPEAKER_01"
    },
    {
      "word": "the",
      "start": 36.6,
      "end": 36.68,
      "score": 0.84,
      "speaker": "SPEAKER_01"
    },
    {
      "word": "attack,",
      "start": 36.72,
      "end": 37.041,
      "score": 0.802,
      "speaker": "SPEAKER_01"
    },
    {
      "word": "23%"
    },
    {
      "word": "say",
      "start": 38.201,
      "end": 38.321,
      "score": 0.995,
      "speaker": "SPEAKER_01"
    },
    {
      "word": "that",
      "start": 38.361,
      "end": 38.482,
      "score": 0.834,
      "speaker": "SPEAKER_01"
    },
    {
      "word": "of",
      "start": 38.502,
      "end": 38.542,
      "score": 0.999,
      "speaker": "SPEAKER_01"
    },
    {
      "word": "Clinton,",
      "start": 38.622,
      "end": 38.942,
      "score": 0.974,
      "speaker": "SPEAKER_01"
    },
    {
      "word": "and",
      "start": 39.202,
      "end": 39.302,
      "score": 0.786,
      "speaker": "SPEAKER_01"
    },
    {
      "word": "15%"
    },
    {
      "word": "say",
      "start": 40.523,
      "end": 40.663,
      "score": 0.888,
      "speaker": "SPEAKER_01"
    },
    {
      "word": "they",
      "start": 40.703,
      "end": 40.803,
      "score": 0.876,
      "speaker": "SPEAKER_01"
    },
    {
      "word": "were",
      "start": 40.843,
      "end": 40.983,
      "score": 0.805,
      "speaker": "SPEAKER_01"
    },
    {
      "word": "both",
      "start": 41.083,
      "end": 41.343,
      "score": 0.831,
      "speaker": "SPEAKER_01"
    },
    {
      "word": "attacking",
      "start": 41.603,
      "end": 41.984,
      "score": 0.948,
      "speaker": "SPEAKER_01"
    },
    {
      "word": "their",
      "start": 42.024,
      "end": 42.164,
      "score": 0.892,
      "speaker": "SPEAKER_01"
    },
    {
      "word": "opponents.",
      "start": 42.204,
      "end": 42.604,
      "score": 0.879,
      "speaker": "SPEAKER_01"
    },
    {
      "word": "And",
      "start": 42.904,
      "end": 42.984,
      "score": 0.865,
      "speaker": "SPEAKER_01"
    },
    {
      "word": "what",
      "start": 43.004,
      "end": 43.124,
      "score": 0.994,
      "speaker": "SPEAKER_01"
    },
    {
      "word": "about",
      "start": 43.164,
      "end": 43.324,
      "score": 0.781,
      "speaker": "SPEAKER_01"
    },
    {
      "word": "the",
      "start": 43.344,
      "end": 43.424,
      "score": 0.835,
      "speaker": "SPEAKER_01"
    },
    {
      "word": "fairness",
      "start": 43.484,
      "end": 43.865,
      "score": 0.792,
      "speaker": "SPEAKER_01"
    },
    {
      "word": "of",
      "start": 43.905,
      "end": 43.945,
      "score": 1.0,
      "speaker": "SPEAKER_01"
    },
    {
      "word": "those",
      "start": 44.005,
      "end": 44.185,
      "score": 0.864,
      "speaker": "SPEAKER_01"
    },
    {
      "word": "attacks?",
      "start": 44.225,
      "end": 44.585,
      "score": 0.794,
      "speaker": "SPEAKER_01"
    },
    {
      "word": "Were",
      "start": 44.625,
      "end": 44.785,
      "score": 0.816,
      "speaker": "SPEAKER_01"
    },
    {
      "word": "Trump's",
      "start": 44.885,
      "end": 45.225,
      "score": 0.765,
      "speaker": "SPEAKER_01"
    },
    {
      "word": "attacks",
      "start": 45.566,
      "end": 45.946,
      "score": 0.965,
      "speaker": "SPEAKER_01"
    },
    {
      "word": "fair?",
      "start": 46.006,
      "end": 46.306,
      "score": 0.794,
      "speaker": "SPEAKER_01"
    },
    {
      "word": "A",
      "start": 46.606,
      "end": 46.646,
      "score": 0.565,
      "speaker": "SPEAKER_01"
    },
    {
      "word": "majority",
      "start": 46.686,
      "end": 47.107,
      "score": 0.917,
      "speaker": "SPEAKER_01"
    },
    {
      "word": "of",
      "start": 47.147,
      "end": 47.207,
      "score": 0.75,
      "speaker": "SPEAKER_01"
    },
    {
      "word": "debate",
      "start": 47.247,
      "end": 47.487,
      "score": 0.862,
      "speaker": "SPEAKER_01"
    },
    {
      "word": "watchers,",
      "start": 47.527,
      "end": 47.867,
      "score": 0.86,
      "speaker": "SPEAKER_01"
    },
    {
      "word": "55%,"
    },
    {
      "word": "say",
      "start": 48.948,
      "end": 49.108,
      "score": 0.825,
      "speaker": "SPEAKER_01"
    },
    {
      "word": "yes,",
      "start": 49.148,
      "end": 49.408,
      "score": 0.838,
      "speaker": "SPEAKER_01"
    },
    {
      "word": "his",
      "start": 49.468,
      "end": 49.608,
      "score": 0.878,
      "speaker": "SPEAKER_01"
    },
    {
      "word": "attacks",
      "start": 49.648,
      "end": 50.008,
      "score": 0.855,
      "speaker": "SPEAKER_01"
    },
    {
      "word": "on",
      "start": 50.088,
      "end": 50.148,
      "score": 0.829,
      "speaker": "SPEAKER_01"
    },
    {
      "word": "Hillary",
      "start": 50.168,
      "end": 50.649,
      "score": 0.794,
      "speaker": "SPEAKER_01"
    },
    {
      "word": "Clinton",
      "start": 50.669,
      "end": 50.849,
      "score": 0.407,
      "speaker": "SPEAKER_01"
    },
    {
      "word": "were",
      "start": 50.869,
      "end": 50.989,
      "score": 0.652,
      "speaker": "SPEAKER_01"
    },
    {
      "word": "fair,",
      "start": 51.009,
      "end": 51.129,
      "score": 0.734,
      "speaker": "SPEAKER_01"
    },
    {
      "word": "43%"
    },
    {
      "word": "say",
      "start": 51.169,
      "end": 51.229,
      "score": 0.0,
      "speaker": "SPEAKER_01"
    },
    {
      "word": "no.",
      "start": 51.289,
      "end": 51.389,
      "score": 0.873,
      "speaker": "SPEAKER_01"
    },
    {
      "word": "And",
      "start": 53.15,
      "end": 53.27,
      "score": 0.76,
      "speaker": "SPEAKER_01"
    },
    {
      "word": "what",
      "start": 53.411,
      "end": 53.551,
      "score": 0.876,
      "speaker": "SPEAKER_01"
    },
    {
      "word": "about",
      "start": 53.591,
      "end": 53.771,
      "score": 0.796,
      "speaker": "SPEAKER_01"
    },
    {
      "word": "Hillary",
      "start": 53.871,
      "end": 54.131,
      "score": 0.757,
      "speaker": "SPEAKER_01"
    },
    {
      "word": "Clinton's",
      "start": 54.151,
      "end": 54.412,
      "score": 0.9,
      "speaker": "SPEAKER_01"
    },
    {
      "word": "attacks",
      "start": 54.452,
      "end": 54.792,
      "score": 0.9,
      "speaker": "SPEAKER_01"
    },
    {
      "word": "on",
      "start": 54.932,
      "end": 55.012,
      "score": 0.974,
      "speaker": "SPEAKER_01"
    },
    {
      "word": "Donald",
      "start": 55.072,
      "end": 55.373,
      "score": 0.938,
      "speaker": "SPEAKER_01"
    },
    {
      "word": "Trump?",
      "start": 55.393,
      "end": 55.633,
      "score": 0.873,
      "speaker": "SPEAKER_01"
    },
    {
      "word": "An",
      "start": 55.913,
      "end": 55.993,
      "score": 0.756,
      "speaker": "SPEAKER_01"
    },
    {
      "word": "even",
      "start": 56.054,
      "end": 56.234,
      "score": 0.83,
      "speaker": "SPEAKER_01"
    },
    {
      "word": "bigger",
      "start": 56.454,
      "end": 56.694,
      "score": 0.901,
      "speaker": "SPEAKER_01"
    },
    {
      "word": "majority",
      "start": 56.734,
      "end": 57.175,
      "score": 0.745,
      "speaker": "SPEAKER_01"
    },
    {
      "word": "say",
      "start": 57.475,
      "end": 57.655,
      "score": 0.858,
      "speaker": "SPEAKER_01"
    },
    {
      "word": "her",
      "start": 57.735,
      "end": 57.936,
      "score": 0.765,
      "speaker": "SPEAKER_01"
    },
    {
      "word": "attacks",
      "start": 57.976,
      "end": 58.236,
      "score": 0.904,
      "speaker": "SPEAKER_01"
    },
    {
      "word": "were",
      "start": 58.256,
      "end": 58.376,
      "score": 0.871,
      "speaker": "SPEAKER_01"
    },
    {
      "word": "fair.",
      "start": 58.416,
      "end": 59.437,
      "score": 0.647,
      "speaker": "SPEAKER_01"
    },
    {
      "word": "63%"
    },
    {
      "word": "say",
      "start": 59.838,
      "end": 59.958,
      "score": 0.866,
      "speaker": "SPEAKER_01"
    },
    {
      "word": "that",
      "start": 59.978,
      "end": 60.098,
      "score": 0.964,
      "speaker": "SPEAKER_01"
    },
    {
      "word": "about",
      "start": 60.138,
      "end": 60.298,
      "score": 0.961,
      "speaker": "SPEAKER_01"
    },
    {
      "word": "her",
      "start": 60.338,
      "end": 60.459,
      "score": 0.822,
      "speaker": "SPEAKER_01"
    },
    {
      "word": "attacks",
      "start": 60.499,
      "end": 60.799,
      "score": 0.85,
      "speaker": "SPEAKER_01"
    },
    {
      "word": "on",
      "start": 60.859,
      "end": 60.959,
      "score": 0.748,
      "speaker": "SPEAKER_01"
    },
    {
      "word": "Trump.",
      "start": 61.019,
      "end": 61.259,
      "score": 0.939,
      "speaker": "SPEAKER_01"
    },
    {
      "word": "34%"
    },
    {
      "word": "say,",
      "start": 62.541,
      "end": 62.741,
      "score": 0.849,
      "speaker": "SPEAKER_01"
    },
    {
      "word": "no,",
      "start": 62.801,
      "end": 62.981,
      "score": 0.9,
      "speaker": "SPEAKER_01"
    },
    {
      "word": "they",
      "start": 63.342,
      "end": 63.502,
      "score": 0.887,
      "speaker": "SPEAKER_01"
    },
    {
      "word": "were",
      "start": 63.562,
      "end": 63.762,
      "score": 0.809,
      "speaker": "SPEAKER_01"
    },
    {
      "word": "not",
      "start": 63.822,
      "end": 63.963,
      "score": 0.883,
      "speaker": "SPEAKER_01"
    },
    {
      "word": "fair.",
      "start": 64.023,
      "end": 64.203,
      "score": 0.975,
      "speaker": "SPEAKER_01"
    },
    {
      "word": "So,",
      "start": 64.443,
      "end": 64.563,
      "score": 0.872,
      "speaker": "SPEAKER_00"
    },
    {
      "word": "David,",
      "start": 64.583,
      "end": 64.823,
      "score": 0.946,
      "speaker": "SPEAKER_00"
    },
    {
      "word": "all",
      "start": 64.924,
      "end": 65.064,
      "score": 0.926,
      "speaker": "SPEAKER_00"
    },
    {
      "word": "three",
      "start": 65.124,
      "end": 65.364,
      "score": 0.839,
      "speaker": "SPEAKER_00"
    },
    {
      "word": "of",
      "start": 65.404,
      "end": 65.444,
      "score": 0.998,
      "speaker": "SPEAKER_00"
    },
    {
      "word": "these",
      "start": 65.484,
      "end": 65.624,
      "score": 0.805,
      "speaker": "SPEAKER_00"
    },
    {
      "word": "presidential",
      "start": 65.684,
      "end": 66.205,
      "score": 0.937,
      "speaker": "SPEAKER_00"
    },
    {
      "word": "debates,",
      "start": 66.245,
      "end": 66.545,
      "score": 0.895,
      "speaker": "SPEAKER_00"
    },
    {
      "word": "according",
      "start": 66.565,
      "end": 66.866,
      "score": 0.965,
      "speaker": "SPEAKER_00"
    },
    {
      "word": "to",
      "start": 66.906,
      "end": 66.986,
      "score": 0.782,
      "speaker": "SPEAKER_00"
    },
    {
      "word": "our",
      "start": 67.046,
      "end": 67.126,
      "score": 0.938,
      "speaker": "SPEAKER_00"
    },
    {
      "word": "CNN-ORC",
      "start": 67.406,
      "end": 68.408,
      "score": 0.791,
      "speaker": "SPEAKER_00"
    },
    {
      "word": "poll,",
      "start": 68.628,
      "end": 68.988,
      "score": 0.915,
      "speaker": "SPEAKER_00"
    },
    {
      "word": "instant",
      "start": 69.108,
      "end": 69.469,
      "score": 0.889,
      "speaker": "SPEAKER_00"
    },
    {
      "word": "poll",
      "start": 69.489,
      "end": 69.729,
      "score": 0.741,
      "speaker": "SPEAKER_00"
    },
    {
      "word": "of",
      "start": 69.749,
      "end": 69.789,
      "score": 0.972,
      "speaker": "SPEAKER_00"
    },
    {
      "word": "people",
      "start": 70.089,
      "end": 70.31,
      "score": 0.969,
      "speaker": "SPEAKER_00"
    },
    {
      "word": "who",
      "start": 70.33,
      "end": 70.45,
      "score": 0.87,
      "speaker": "SPEAKER_00"
    },
    {
      "word": "watched",
      "start": 70.49,
      "end": 70.75,
      "score": 0.757,
      "speaker": "SPEAKER_00"
    },
    {
      "word": "the",
      "start": 70.77,
      "end": 70.85,
      "score": 0.831,
      "speaker": "SPEAKER_00"
    },
    {
      "word": "debates,",
      "start": 70.87,
      "end": 71.151,
      "score": 0.841,
      "speaker": "SPEAKER_00"
    },
    {
      "word": "believe",
      "start": 71.191,
      "end": 71.411,
      "score": 0.948,
      "speaker": "SPEAKER_00"
    },
    {
      "word": "Hillary",
      "start": 71.591,
      "end": 71.932,
      "score": 0.834,
      "speaker": "SPEAKER_00"
    },
    {
      "word": "Clinton",
      "start": 71.972,
      "end": 72.232,
      "score": 0.879,
      "speaker": "SPEAKER_00"
    },
    {
      "word": "won",
      "start": 72.272,
      "end": 72.432,
      "score": 0.785,
      "speaker": "SPEAKER_00"
    },
    {
      "word": "all",
      "start": 72.492,
      "end": 72.592,
      "score": 0.644,
      "speaker": "SPEAKER_00"
    },
    {
      "word": "three.",
      "start": 72.612,
      "end": 72.893,
      "score": 0.518,
      "speaker": "SPEAKER_00"
    },
    {
      "word": "She",
      "start": 72.973,
      "end": 73.213,
      "score": 0.94,
      "speaker": "SPEAKER_01"
    },
    {
      "word": "has",
      "start": 73.293,
      "end": 73.473,
      "score": 0.851,
      "speaker": "SPEAKER_01"
    },
    {
      "word": "gone",
      "start": 73.513,
      "end": 73.714,
      "score": 0.871,
      "speaker": "SPEAKER_01"
    },
    {
      "word": "3-0",
      "start": 73.734,
      "end": 74.314,
      "score": 0.506,
      "speaker": "SPEAKER_01"
    },
    {
      "word": "here.",
      "start": 74.354,
      "end": 74.554,
      "score": 0.815,
      "speaker": "SPEAKER_01"
    },
    {
      "word": "It's",
      "start": 74.675,
      "end": 74.795,
      "score": 0.815,
      "speaker": "SPEAKER_01"
    },
    {
      "word": "a",
      "start": 74.815,
      "end": 74.855,
      "score": 0.49,
      "speaker": "SPEAKER_01"
    },
    {
      "word": "hat",
      "start": 74.915,
      "end": 75.075,
      "score": 0.92,
      "speaker": "SPEAKER_01"
    },
    {
      "word": "trick",
      "start": 75.095,
      "end": 75.295,
      "score": 0.837,
      "speaker": "SPEAKER_01"
    },
    {
      "word": "for",
      "start": 75.335,
      "end": 75.516,
      "score": 0.84,
      "speaker": "SPEAKER_01"
    },
    {
      "word": "her.",
      "start": 75.576,
      "end": 75.656,
      "score": 0.829,
      "speaker": "SPEAKER_01"
    }
  ],
  "language": "en"
}