{
  "segments": [
    {
      "start": 0.209,
      "end": 5.071,
      "text": " Tonight we ask is the United States moving too quickly or too slowly on gender rights?",
      "words": [
        {
          "word": "Tonight",
          "start": 0.209,
          "end": 0.509,
          "score": 0.8,
          "speaker": "SPEAKER_02"
        },
        {
          "word": "we",
          "start": 0.549,
          "end": 0.669,
          "score": 0.834,
          "speaker": "SPEAKER_02"
        },
        {
          "word": "ask",
          "start": 0.809,
          "end": 1.009,
          "score": 0.797,
          "speaker": "SPEAKER_02"
        },
        {
          "word": "is",
          "start": 1.129,
          "end": 1.209,
          "score": 0.715,
          "speaker": "SPEAKER_02"
        },
        {
          "word": "the",
          "start": 1.229,
          "end": 1.31,
          "score": 0.828,
          "speaker": "SPEAKER_02"
        },
        {
          "word": "United",
          "start": 1.37,
          "end": 1.69,
          "score": 0.737,
          "speaker": "SPEAKER_02"
        },
        {
          "word": "States",
          "start": 1.75,
          "end": 1.99,
          "score": 0.807,
          "speaker": "SPEAKER_02"
        },
        {
          "word": "moving",
          "start": 2.07,
          "end": 2.33,
          "score": 0.872,
          "speaker": "SPEAKER_02"
        },
        {
          "word": "too",
          "start": 2.37,
          "end": 2.51,
          "score": 0.886,
          "speaker": "SPEAKER_02"
        },
        {
          "word": "quickly",
          "start": 2.57,
          "end": 2.99,
          "score": 0.844,
          "speaker": "SPEAKER_02"
        },
        {
          "word": "or",
          "start": 3.17,
          "end": 3.27,
          "score": 0.578,
          "speaker": "SPEAKER_02"
        },
        {
          "word": "too",
          "start": 3.31,
          "end": 3.47,
          "score": 0.84,
          "speaker": "SPEAKER_02"
        },
        {
          "word": "slowly",
          "start": 3.55,
          "end": 4.011,
          "score": 0.77,
          "speaker": "SPEAKER_02"
        },
        {
          "word": "on",
          "start": 4.371,
          "end": 4.451,
          "score": 0.956,
          "speaker": "SPEAKER_02"
        },
        {
          "word": "gender",
          "start": 4.491,
          "end": 4.811,
          "score": 0.755,
          "speaker": "SPEAKER_02"
        },
        {
          "word": "rights?",
          "start": 4.851,
          "end": 5.071,
          "score": 0.767,
          "speaker": "SPEAKER_02"
        }
      ],
      "speaker": "SPEAKER_02"
    },
    {
      "start": 5.251,
      "end": 7.972,
      "text": "I'm Carlos Watson and this is Point Taken.",
      "words": [
        {
          "word": "I'm",
          "start": 5.251,
          "end": 5.351,
          "score": 0.562,
          "speaker": "SPEAKER_02"
        },
        {
          "word": "Carlos",
          "start": 5.371,
          "end": 5.731,
          "score": 0.86,
          "speaker": "SPEAKER_02"
        },
        {
          "word": "Watson",
          "start": 5.771,
          "end": 6.231,
          "score": 0.911,
          "speaker": "SPEAKER_02"
        },
        {
          "word": "and",
          "start": 6.532,
          "end": 6.632,
          "score": 0.895,
          "speaker": "SPEAKER_02"
        },
        {
          "word": "this",
          "start": 6.712,
          "end": 6.992,
          "score": 0.828,
          "speaker": "SPEAKER_02"
        },
        {
          "word": "is",
          "start": 7.212,
          "end": 7.292,
          "score": 0.67,
          "speaker": "SPEAKER_02"
        },
        {
          "word": "Point",
          "start": 7.352,
          "end": 7.592,
          "score": 0.844,
          "speaker": "SPEAKER_02"
        },
        {
          "word": "Taken.",
          "start": 7.612,
          "end": 7.972,
          "score": 0.91,
          "speaker": "SPEAKER_02"
        }
      ],
      "speaker": "SPEAKER_02"
    },
    {
      "start": 9.613,
      "end": 12.194,
      "text": "I'm not asking you for my permission to exist in my own body.",
      "words": [
        {
          "word": "I'm",
          "start": 9.613,
          "end": 9.713,
          "score": 0.934,
          "speaker": "SPEAKER_03"
        },
        {
          "word": "not",
          "start": 9.733,
          "end": 9.853,
          "score": 0.751,
          "speaker": "SPEAKER_03"
        },
        {
          "word": "asking",
          "start": 9.913,
          "end": 10.153,
          "score": 0.862,
          "speaker": "SPEAKER_03"
        },
        {
          "word": "you",
          "start": 10.173,
          "end": 10.273,
          "score": 0.986,
          "speaker": "SPEAKER_03"
        },
        {
          "word": "for",
          "start": 10.333,
          "end": 10.433,
          "score": 0.982,
          "speaker": "SPEAKER_03"
        },
        {
          "word": "my",
          "start": 10.473,
          "end": 10.593,
          "score": 0.874,
          "speaker": "SPEAKER_03"
        },
        {
          "word": "permission",
          "start": 10.613,
          "end": 11.033,
          "score": 0.839,
          "speaker": "SPEAKER_03"
        },
        {
          "word": "to",
          "start": 11.073,
          "end": 11.173,
          "score": 0.772,
          "speaker": "SPEAKER_03"
        },
        {
          "word": "exist",
          "start": 11.233,
          "end": 11.534,
          "score": 0.862,
          "speaker": "SPEAKER_03"
        },
        {
          "word": "in",
          "start": 11.574,
          "end": 11.634,
          "score": 0.768,
          "speaker": "SPEAKER_03"
        },
        {
          "word": "my",
          "start": 11.674,
          "end": 11.774,
          "score": 0.995,
          "speaker": "SPEAKER_03"
        },
        {
          "word": "own",
          "start": 11.814,
          "end": 11.914,
          "score": 0.981,
          "speaker": "SPEAKER_03"
        },
        {
          "word": "body.",
          "start": 11.954,
          "end": 12.194,
          "score": 0.957,
          "speaker": "SPEAKER_03"
        }
      ],
      "speaker": "SPEAKER_03"
    },
    {
      "start": 13.649,
      "end": 15.39,
      "text": " I don't need your permission to exist in my own body.",
      "words": [
        {
          "word": "I",
          "start": 13.649,
          "end": 13.689,
          "score": 0.996,
          "speaker": "SPEAKER_03"
        },
        {
          "word": "don't",
          "start": 13.729,
          "end": 13.869,
          "score": 0.802,
          "speaker": "SPEAKER_03"
        },
        {
          "word": "need",
          "start": 13.889,
          "end": 14.029,
          "score": 0.96,
          "speaker": "SPEAKER_03"
        },
        {
          "word": "your",
          "start": 14.049,
          "end": 14.169,
          "score": 0.759,
          "speaker": "SPEAKER_03"
        },
        {
          "word": "permission",
          "start": 14.209,
          "end": 14.49,
          "score": 0.95,
          "speaker": "SPEAKER_03"
        },
        {
          "word": "to",
          "start": 14.51,
          "end": 14.57,
          "score": 0.75,
          "speaker": "SPEAKER_03"
        },
        {
          "word": "exist",
          "start": 14.63,
          "end": 14.85,
          "score": 0.875,
          "speaker": "SPEAKER_03"
        },
        {
          "word": "in",
          "start": 14.89,
          "end": 14.93,
          "score": 0.976,
          "speaker": "SPEAKER_03"
        },
        {
          "word": "my",
          "start": 14.95,
          "end": 15.05,
          "score": 0.405,
          "speaker": "SPEAKER_03"
        },
        {
          "word": "own",
          "start": 15.07,
          "end": 15.17,
          "score": 0.696,
          "speaker": "SPEAKER_03"
        },
        {
          "word": "body.",
          "start": 15.19,
          "end": 15.39,
          "score": 0.796,
          "speaker": "SPEAKER_03"
        }
      ],
      "speaker": "SPEAKER_03"
    },
    {
      "start": 15.43,
      "end": 22.635,
      "text": "I think fundamentally, I agree with you in the sense that I don't think it's about being transgender or it's actually about transgender issues.",
      "words": [
        {
          "word": "I",
          "start": 15.43,
          "end": 15.47,
          "score": 0.576,
          "speaker": "SPEAKER_03"
        },
        {
          "word": "think",
          "start": 15.51,
          "end": 15.67,
          "score": 0.876,
          "speaker": "SPEAKER_03"
        },
        {
          "word": "fundamentally,",
          "start": 15.77,
          "end": 16.491,
          "score": 0.731,
          "speaker": "SPEAKER_03"
        },
        {
          "word": "I",
          "start": 16.511,
          "end": 16.531,
          "score": 0.0,
          "speaker": "SPEAKER_03"
        },
        {
          "word": "agree",
          "start": 17.652,
          "end": 17.892,
          "score": 0.828,
          "speaker": "SPEAKER_03"
        },
        {
          "word": "with",
          "start": 17.912,
          "end": 18.032,
          "score": 0.768,
          "speaker": "SPEAKER_03"
        },
        {
          "word": "you",
          "start": 18.072,
          "end": 18.252,
          "score": 0.837,
          "speaker": "SPEAKER_03"
        },
        {
          "word": "in",
          "start": 18.412,
          "end": 18.492,
          "score": 0.762,
          "speaker": "SPEAKER_03"
        },
        {
          "word": "the",
          "start": 18.532,
          "end": 18.612,
          "score": 0.836,
          "speaker": "SPEAKER_03"
        },
        {
          "word": "sense",
          "start": 18.632,
          "end": 18.853,
          "score": 0.855,
          "speaker": "SPEAKER_03"
        },
        {
          "word": "that",
          "start": 18.893,
          "end": 19.033,
          "score": 0.808,
          "speaker": "SPEAKER_03"
        },
        {
          "word": "I",
          "start": 19.093,
          "end": 19.133,
          "score": 0.993,
          "speaker": "SPEAKER_03"
        },
        {
          "word": "don't",
          "start": 19.193,
          "end": 19.333,
          "score": 0.873,
          "speaker": "SPEAKER_03"
        },
        {
          "word": "think",
          "start": 19.373,
          "end": 19.513,
          "score": 0.987,
          "speaker": "SPEAKER_03"
        },
        {
          "word": "it's",
          "start": 19.573,
          "end": 19.673,
          "score": 0.939,
          "speaker": "SPEAKER_03"
        },
        {
          "word": "about",
          "start": 19.733,
          "end": 19.973,
          "score": 0.866,
          "speaker": "SPEAKER_03"
        },
        {
          "word": "being",
          "start": 20.073,
          "end": 20.314,
          "score": 0.785,
          "speaker": "SPEAKER_03"
        },
        {
          "word": "transgender",
          "start": 20.354,
          "end": 20.974,
          "score": 0.793,
          "speaker": "SPEAKER_03"
        },
        {
          "word": "or",
          "start": 21.014,
          "end": 21.094,
          "score": 0.692,
          "speaker": "SPEAKER_03"
        },
        {
          "word": "it's",
          "start": 21.114,
          "end": 21.214,
          "score": 0.889,
          "speaker": "SPEAKER_03"
        },
        {
          "word": "actually",
          "start": 21.294,
          "end": 21.574,
          "score": 0.834,
          "speaker": "SPEAKER_03"
        },
        {
          "word": "about",
          "start": 21.614,
          "end": 21.835,
          "score": 0.777,
          "speaker": "SPEAKER_03"
        },
        {
          "word": "transgender",
          "start": 21.855,
          "end": 22.335,
          "score": 0.824,
          "speaker": "SPEAKER_03"
        },
        {
          "word": "issues.",
          "start": 22.375,
          "end": 22.635,
          "score": 0.913,
          "speaker": "SPEAKER_03"
        }
      ],
      "speaker": "SPEAKER_03"
    },
    {
      "start": 22.675,
      "end": 27.939,
      "text": "I think it's a fundamental issue of how we allow people to police other people.",
      "words": [
        {
          "word": "I",
          "start": 22.675,
          "end": 22.715,
          "score": 0.597,
          "speaker": "SPEAKER_03"
        },
        {
          "word": "think",
          "start": 22.755,
          "end": 22.875,
          "score": 0.909,
          "speaker": "SPEAKER_03"
        },
        {
          "word": "it's",
          "start": 22.895,
          "end": 22.995,
          "score": 0.918,
          "speaker": "SPEAKER_03"
        },
        {
          "word": "a",
          "start": 23.035,
          "end": 23.055,
          "score": 0.961,
          "speaker": "SPEAKER_03"
        },
        {
          "word": "fundamental",
          "start": 23.115,
          "end": 23.556,
          "score": 0.874,
          "speaker": "SPEAKER_03"
        },
        {
          "word": "issue",
          "start": 23.596,
          "end": 23.896,
          "score": 0.685,
          "speaker": "SPEAKER_03"
        },
        {
          "word": "of",
          "start": 24.036,
          "end": 24.116,
          "score": 0.906,
          "speaker": "SPEAKER_03"
        },
        {
          "word": "how",
          "start": 24.717,
          "end": 24.957,
          "score": 0.933,
          "speaker": "SPEAKER_03"
        },
        {
          "word": "we",
          "start": 25.077,
          "end": 25.257,
          "score": 0.894,
          "speaker": "SPEAKER_03"
        },
        {
          "word": "allow",
          "start": 25.357,
          "end": 25.857,
          "score": 0.793,
          "speaker": "SPEAKER_03"
        },
        {
          "word": "people",
          "start": 26.498,
          "end": 26.818,
          "score": 0.905,
          "speaker": "SPEAKER_03"
        },
        {
          "word": "to",
          "start": 26.878,
          "end": 26.998,
          "score": 0.669,
          "speaker": "SPEAKER_03"
        },
        {
          "word": "police",
          "start": 27.038,
          "end": 27.358,
          "score": 0.873,
          "speaker": "SPEAKER_03"
        },
        {
          "word": "other",
          "start": 27.438,
          "end": 27.619,
          "score": 0.855,
          "speaker": "SPEAKER_03"
        },
        {
          "word": "people.",
          "start": 27.679,
          "end": 27.939,
          "score": 0.811,
          "speaker": "SPEAKER_03"
        }
      ],
      "speaker": "SPEAKER_03"
    },
    {
      "start": 28.299,
      "end": 31.661,
      "text": "Any exclusionary law is absolutely abhorrent.",
      "words": [
        {
          "word": "Any",
          "start": 28.299,
          "end": 28.459,
          "score": 0.798,
          "speaker": "SPEAKER_02"
        },
        {
          "word": "exclusionary",
          "start": 28.539,
          "end": 29.3,
          "score": 0.779,
          "speaker": "SPEAKER_02"
        },
        {
          "word": "law",
          "start": 29.36,
          "end": 29.62,
          "score": 0.846,
          "speaker": "SPEAKER_02"
        },
        {
          "word": "is",
          "start": 29.82,
          "end": 29.9,
          "score": 0.538,
          "speaker": "SPEAKER_02"
        },
        {
          "word": "absolutely",
          "start": 30.16,
          "end": 30.881,
          "score": 0.756,
          "speaker": "SPEAKER_02"
        },
        {
          "word": "abhorrent.",
          "start": 31.241,
          "end": 31.661,
          "score": 0.834,
          "speaker": "SPEAKER_02"
        }
      ],
      "speaker": "SPEAKER_02"
    },
    {
      "start": 31.821,
      "end": 32.502,
      "text": "We all agree.",
      "words": [
        {
          "word": "We",
          "start": 31.821,
          "end": 31.922,
          "score": 0.999,
          "speaker": "SPEAKER_02"
        },
        {
          "word": "all",
          "start": 31.982,
          "end": 32.122,
          "score": 0.785,
          "speaker": "SPEAKER_02"
        },
        {
          "word": "agree.",
          "start": 32.162,
          "end": 32.502,
          "score": 0.714,
          "speaker": "SPEAKER_02"
        }
      ],
      "speaker": "SPEAKER_02"
    },
    {
      "start": 32.862,
      "end": 41.248,
      "text": "The real question here is whether or not we should have the federal government, for example, create a set of rules to try and govern an entire genre of",
      "words": [
        {
          "word": "The",
          "start": 32.862,
          "end": 32.942,
          "score": 0.848,
          "speaker": "SPEAKER_02"
        },
        {
          "word": "real",
          "start": 32.962,
          "end": 33.142,
          "score": 0.706,
          "speaker": "SPEAKER_02"
        },
        {
          "word": "question",
          "start": 33.182,
          "end": 33.523,
          "score": 0.81,
          "speaker": "SPEAKER_02"
        },
        {
          "word": "here",
          "start": 33.563,
          "end": 33.703,
          "score": 0.463,
          "speaker": "SPEAKER_02"
        },
        {
          "word": "is",
          "start": 33.743,
          "end": 33.803,
          "score": 0.392,
          "speaker": "SPEAKER_02"
        },
        {
          "word": "whether",
          "start": 33.843,
          "end": 34.043,
          "score": 0.871,
          "speaker": "SPEAKER_02"
        },
        {
          "word": "or",
          "start": 34.083,
          "end": 34.143,
          "score": 0.78,
          "speaker": "SPEAKER_02"
        },
        {
          "word": "not",
          "start": 34.163,
          "end": 34.283,
          "score": 0.76,
          "speaker": "SPEAKER_02"
        },
        {
          "word": "we",
          "start": 34.343,
          "end": 34.463,
          "score": 0.836,
          "speaker": "SPEAKER_02"
        },
        {
          "word": "should",
          "start": 34.483,
          "end": 34.703,
          "score": 0.806,
          "speaker": "SPEAKER_02"
        },
        {
          "word": "have",
          "start": 34.763,
          "end": 34.924,
          "score": 0.784,
          "speaker": "SPEAKER_02"
        },
        {
          "word": "the",
          "start": 34.964,
          "end": 35.024,
          "score": 0.968,
          "speaker": "SPEAKER_02"
        },
        {
          "word": "federal",
          "start": 35.084,
          "end": 35.384,
          "score": 0.869,
          "speaker": "SPEAKER_02"
        },
        {
          "word": "government,",
          "start": 35.424,
          "end": 35.704,
          "score": 0.85,
          "speaker": "SPEAKER_02"
        },
        {
          "word": "for",
          "start": 35.724,
          "end": 35.844,
          "score": 0.741,
          "speaker": "SPEAKER_02"
        },
        {
          "word": "example,",
          "start": 35.904,
          "end": 36.305,
          "score": 0.845,
          "speaker": "SPEAKER_02"
        },
        {
          "word": "create",
          "start": 36.605,
          "end": 36.865,
          "score": 0.836,
          "speaker": "SPEAKER_02"
        },
        {
          "word": "a",
          "start": 37.065,
          "end": 37.165,
          "score": 0.804,
          "speaker": "SPEAKER_02"
        },
        {
          "word": "set",
          "start": 37.245,
          "end": 37.425,
          "score": 0.993,
          "speaker": "SPEAKER_02"
        },
        {
          "word": "of",
          "start": 37.465,
          "end": 37.525,
          "score": 0.749,
          "speaker": "SPEAKER_02"
        },
        {
          "word": "rules",
          "start": 37.605,
          "end": 38.006,
          "score": 0.718,
          "speaker": "SPEAKER_02"
        },
        {
          "word": "to",
          "start": 38.246,
          "end": 38.326,
          "score": 0.998,
          "speaker": "SPEAKER_02"
        },
        {
          "word": "try",
          "start": 38.386,
          "end": 38.606,
          "score": 0.756,
          "speaker": "SPEAKER_02"
        },
        {
          "word": "and",
          "start": 38.666,
          "end": 38.746,
          "score": 0.932,
          "speaker": "SPEAKER_02"
        },
        {
          "word": "govern",
          "start": 38.806,
          "end": 39.146,
          "score": 0.747,
          "speaker": "SPEAKER_02"
        },
        {
          "word": "an",
          "start": 39.587,
          "end": 39.647,
          "score": 0.956,
          "speaker": "SPEAKER_02"
        },
        {
          "word": "entire",
          "start": 39.707,
          "end": 40.287,
          "score": 0.824,
          "speaker": "SPEAKER_02"
        },
        {
          "word": "genre",
          "start": 40.487,
          "end": 41.028,
          "score": 0.883,
          "speaker": "SPEAKER_02"
        },
        {
          "word": "of",
          "start": 41.208,
          "end": 41.248,
          "score": 0.994,
          "speaker": "SPEAKER_02"
        }
      ],
      "speaker": "SPEAKER_02"
    },
    {
      "start": 41.508,
      "end": 41.968,
      "text": " humanity.",
      "words": [
        {
          "word": "humanity.",
          "start": 41.508,
          "end": 41.968,
          "score": 0.946,
          "speaker": "SPEAKER_00"
        }
      ],
      "speaker": "SPEAKER_00"
    },
    {
      "start": 42.168,
      "end": 48.93,
      "text": "And I think that the, you know, the bathroom bill and the language that has been set up around this has been really hideous and dehumanizing.",
      "words": [
        {
          "word": "And",
          "start": 42.168,
          "end": 42.248,
          "score": 0.942,
          "speaker": "SPEAKER_00"
        },
        {
          "word": "I",
          "start": 42.288,
          "end": 42.328,
          "score": 0.5,
          "speaker": "SPEAKER_00"
        },
        {
          "word": "think",
          "start": 42.368,
          "end": 42.528,
          "score": 0.837,
          "speaker": "SPEAKER_00"
        },
        {
          "word": "that",
          "start": 42.548,
          "end": 42.668,
          "score": 0.748,
          "speaker": "SPEAKER_00"
        },
        {
          "word": "the,",
          "start": 42.728,
          "end": 42.948,
          "score": 0.875,
          "speaker": "SPEAKER_00"
        },
        {
          "word": "you",
          "start": 43.029,
          "end": 43.089,
          "score": 0.995,
          "speaker": "SPEAKER_00"
        },
        {
          "word": "know,",
          "start": 43.129,
          "end": 43.249,
          "score": 0.904,
          "speaker": "SPEAKER_00"
        },
        {
          "word": "the",
          "start": 43.269,
          "end": 43.349,
          "score": 0.83,
          "speaker": "SPEAKER_00"
        },
        {
          "word": "bathroom",
          "start": 43.409,
          "end": 43.909,
          "score": 0.839,
          "speaker": "SPEAKER_00"
        },
        {
          "word": "bill",
          "start": 43.949,
          "end": 44.209,
          "score": 0.879,
          "speaker": "SPEAKER_00"
        },
        {
          "word": "and",
          "start": 44.229,
          "end": 44.309,
          "score": 0.438,
          "speaker": "SPEAKER_00"
        },
        {
          "word": "the",
          "start": 44.349,
          "end": 44.429,
          "score": 0.819,
          "speaker": "SPEAKER_00"
        },
        {
          "word": "language",
          "start": 44.449,
          "end": 44.789,
          "score": 0.767,
          "speaker": "SPEAKER_00"
        },
        {
          "word": "that",
          "start": 44.829,
          "end": 44.969,
          "score": 0.989,
          "speaker": "SPEAKER_00"
        },
        {
          "word": "has",
          "start": 45.009,
          "end": 45.149,
          "score": 0.936,
          "speaker": "SPEAKER_00"
        },
        {
          "word": "been",
          "start": 45.189,
          "end": 45.429,
          "score": 0.921,
          "speaker": "SPEAKER_00"
        },
        {
          "word": "set",
          "start": 46.069,
          "end": 46.23,
          "score": 0.986,
          "speaker": "SPEAKER_00"
        },
        {
          "word": "up",
          "start": 46.27,
          "end": 46.35,
          "score": 0.973,
          "speaker": "SPEAKER_00"
        },
        {
          "word": "around",
          "start": 46.39,
          "end": 46.57,
          "score": 0.982,
          "speaker": "SPEAKER_00"
        },
        {
          "word": "this",
          "start": 46.61,
          "end": 46.75,
          "score": 0.456,
          "speaker": "SPEAKER_00"
        },
        {
          "word": "has",
          "start": 46.77,
          "end": 46.87,
          "score": 0.793,
          "speaker": "SPEAKER_00"
        },
        {
          "word": "been",
          "start": 46.91,
          "end": 47.05,
          "score": 0.892,
          "speaker": "SPEAKER_00"
        },
        {
          "word": "really",
          "start": 47.13,
          "end": 47.43,
          "score": 0.876,
          "speaker": "SPEAKER_00"
        },
        {
          "word": "hideous",
          "start": 47.67,
          "end": 48.11,
          "score": 0.917,
          "speaker": "SPEAKER_00"
        },
        {
          "word": "and",
          "start": 48.17,
          "end": 48.23,
          "score": 0.774,
          "speaker": "SPEAKER_00"
        },
        {
          "word": "dehumanizing.",
          "start": 48.25,
          "end": 48.93,
          "score": 0.84,
          "speaker": "SPEAKER_00"
        }
      ],
      "speaker": "SPEAKER_00"
    },
    {
      "start": 49.15,
      "end": 56.853,
      "text": "The durability of it does suggest that within a certain strand of the population that there is some education that needs to be done.",
      "words": [
        {
          "word": "The",
          "start": 49.15,
          "end": 49.25,
          "score": 0.949,
          "speaker": "SPEAKER_00"
        },
        {
          "word": "durability",
          "start": 49.531,
          "end": 50.331,
          "score": 0.929,
          "speaker": "SPEAKER_00"
        },
        {
          "word": "of",
          "start": 50.511,
          "end": 50.571,
          "score": 0.998,
          "speaker": "SPEAKER_00"
        },
        {
          "word": "it",
          "start": 50.671,
          "end": 50.731,
          "score": 0.766,
          "speaker": "SPEAKER_00"
        },
        {
          "word": "does",
          "start": 50.831,
          "end": 51.111,
          "score": 0.784,
          "speaker": "SPEAKER_00"
        },
        {
          "word": "suggest",
          "start": 51.631,
          "end": 52.011,
          "score": 0.923,
          "speaker": "SPEAKER_00"
        },
        {
          "word": "that",
          "start": 52.051,
          "end": 52.171,
          "score": 0.856,
          "speaker": "SPEAKER_00"
        },
        {
          "word": "within",
          "start": 52.231,
          "end": 52.511,
          "score": 0.915,
          "speaker": "SPEAKER_00"
        },
        {
          "word": "a",
          "start": 52.531,
          "end": 52.551,
          "score": 0.982,
          "speaker": "SPEAKER_00"
        },
        {
          "word": "certain",
          "start": 52.632,
          "end": 53.032,
          "score": 0.776,
          "speaker": "SPEAKER_00"
        },
        {
          "word": "strand",
          "start": 53.132,
          "end": 53.632,
          "score": 0.892,
          "speaker": "SPEAKER_00"
        },
        {
          "word": "of",
          "start": 53.672,
          "end": 53.732,
          "score": 0.754,
          "speaker": "SPEAKER_00"
        },
        {
          "word": "the",
          "start": 53.772,
          "end": 53.832,
          "score": 0.836,
          "speaker": "SPEAKER_00"
        },
        {
          "word": "population",
          "start": 53.892,
          "end": 54.572,
          "score": 0.956,
          "speaker": "SPEAKER_00"
        },
        {
          "word": "that",
          "start": 54.832,
          "end": 54.972,
          "score": 0.819,
          "speaker": "SPEAKER_00"
        },
        {
          "word": "there",
          "start": 54.992,
          "end": 55.132,
          "score": 0.914,
          "speaker": "SPEAKER_00"
        },
        {
          "word": "is",
          "start": 55.212,
          "end": 55.292,
          "score": 0.744,
          "speaker": "SPEAKER_00"
        },
        {
          "word": "some",
          "start": 55.312,
          "end": 55.452,
          "score": 0.799,
          "speaker": "SPEAKER_00"
        },
        {
          "word": "education",
          "start": 55.492,
          "end": 55.933,
          "score": 0.98,
          "speaker": "SPEAKER_00"
        },
        {
          "word": "that",
          "start": 55.973,
          "end": 56.073,
          "score": 0.962,
          "speaker": "SPEAKER_00"
        },
        {
          "word": "needs",
          "start": 56.113,
          "end": 56.313,
          "score": 0.784,
          "speaker": "SPEAKER_00"
        },
        {
          "word": "to",
          "start": 56.353,
          "end": 56.413,
          "score": 0.918,
          "speaker": "SPEAKER_00"
        },
        {
          "word": "be",
          "start": 56.453,
          "end": 56.533,
          "score": 0.522,
          "speaker": "SPEAKER_00"
        },
        {
          "word": "done.",
          "start": 56.553,
          "end": 56.853,
          "score": 0.908,
          "speaker": "SPEAKER_00"
        }
      ],
      "speaker": "SPEAKER_00"
    },
    {
      "start": 57.093,
      "end": 62.875,
      "text": "Bathrooms and locker rooms are places where we publicly expose ourselves and that makes many people uncomfortable.",
      "words": [
        {
          "word": "Bathrooms",
          "start": 57.093,
          "end": 57.453,
          "score": 0.848,
          "speaker": "SPEAKER_00"
        },
        {
          "word": "and",
          "start": 57.493,
          "end": 57.573,
          "score": 0.814,
          "speaker": "SPEAKER_00"
        },
        {
          "word": "locker",
          "start": 57.593,
          "end": 57.773,
          "score": 0.521,
          "speaker": "SPEAKER_00"
        },
        {
          "word": "rooms",
          "start": 57.793,
          "end": 57.953,
          "score": 0.674,
          "speaker": "SPEAKER_00"
        },
        {
          "word": "are",
          "start": 57.993,
          "end": 58.073,
          "score": 0.277,
          "speaker": "SPEAKER_01"
        },
        {
          "word": "places",
          "start": 58.093,
          "end": 58.393,
          "score": 0.827,
          "speaker": "SPEAKER_01"
        },
        {
          "word": "where",
          "start": 58.453,
          "end": 58.633,
          "score": 0.918,
          "speaker": "SPEAKER_01"
        },
        {
          "word": "we",
          "start": 58.673,
          "end": 58.793,
          "score": 0.986,
          "speaker": "SPEAKER_01"
        },
        {
          "word": "publicly",
          "start": 58.913,
          "end": 59.414,
          "score": 0.871,
          "speaker": "SPEAKER_01"
        },
        {
          "word": "expose",
          "start": 59.794,
          "end": 60.214,
          "score": 0.933,
          "speaker": "SPEAKER_01"
        },
        {
          "word": "ourselves",
          "start": 60.274,
          "end": 60.694,
          "score": 0.781,
          "speaker": "SPEAKER_01"
        },
        {
          "word": "and",
          "start": 61.314,
          "end": 61.414,
          "score": 0.835,
          "speaker": "SPEAKER_01"
        },
        {
          "word": "that",
          "start": 61.454,
          "end": 61.574,
          "score": 0.973,
          "speaker": "SPEAKER_01"
        },
        {
          "word": "makes",
          "start": 61.614,
          "end": 61.814,
          "score": 0.801,
          "speaker": "SPEAKER_01"
        },
        {
          "word": "many",
          "start": 61.894,
          "end": 62.094,
          "score": 0.846,
          "speaker": "SPEAKER_01"
        },
        {
          "word": "people",
          "start": 62.135,
          "end": 62.355,
          "score": 0.81,
          "speaker": "SPEAKER_01"
        },
        {
          "word": "uncomfortable.",
          "start": 62.415,
          "end": 62.875,
          "score": 0.882,
          "speaker": "SPEAKER_01"
        }
      ],
      "speaker": "SPEAKER_01"
    },
    {
      "start": 63.195,
      "end": 68.577,
      "text": "They were discussed when people were first referencing homosexuality and gay people using locker rooms.",
      "words": [
        {
          "word": "They",
          "start": 63.195,
          "end": 63.315,
          "score": 0.995,
          "speaker": "SPEAKER_01"
        },
        {
          "word": "were",
          "start": 63.355,
          "end": 63.455,
          "score": 0.979,
          "speaker": "SPEAKER_01"
        },
        {
          "word": "discussed",
          "start": 63.495,
          "end": 63.855,
          "score": 0.846,
          "speaker": "SPEAKER_01"
        },
        {
          "word": "when",
          "start": 63.895,
          "end": 64.015,
          "score": 0.992,
          "speaker": "SPEAKER_01"
        },
        {
          "word": "people",
          "start": 64.055,
          "end": 64.375,
          "score": 0.743,
          "speaker": "SPEAKER_01"
        },
        {
          "word": "were",
          "start": 64.895,
          "end": 65.075,
          "score": 0.771,
          "speaker": "SPEAKER_01"
        },
        {
          "word": "first",
          "start": 65.095,
          "end": 65.336,
          "score": 0.951,
          "speaker": "SPEAKER_01"
        },
        {
          "word": "referencing",
          "start": 65.556,
          "end": 66.036,
          "score": 0.901,
          "speaker": "SPEAKER_01"
        },
        {
          "word": "homosexuality",
          "start": 66.076,
          "end": 66.896,
          "score": 0.862,
          "speaker": "SPEAKER_01"
        },
        {
          "word": "and",
          "start": 67.196,
          "end": 67.296,
          "score": 0.734,
          "speaker": "SPEAKER_01"
        },
        {
          "word": "gay",
          "start": 67.336,
          "end": 67.536,
          "score": 0.98,
          "speaker": "SPEAKER_01"
        },
        {
          "word": "people",
          "start": 67.576,
          "end": 67.796,
          "score": 0.861,
          "speaker": "SPEAKER_01"
        },
        {
          "word": "using",
          "start": 67.876,
          "end": 68.096,
          "score": 0.84,
          "speaker": "SPEAKER_01"
        },
        {
          "word": "locker",
          "start": 68.136,
          "end": 68.376,
          "score": 0.622,
          "speaker": "SPEAKER_01"
        },
        {
          "word": "rooms.",
          "start": 68.396,
          "end": 68.577,
          "score": 0.392,
          "speaker": "SPEAKER_01"
        }
      ],
      "speaker": "SPEAKER_01"
    },
    {
      "start": 68.617,
      "end": 69.837,
      "text": "That made people uncomfortable.",
      "words": [
        {
          "word": "That",
          "start": 68.617,
          "end": 68.837,
          "score": 0.774,
          "speaker": "SPEAKER_01"
        },
        {
          "word": "made",
          "start": 68.857,
          "end": 69.017,
          "score": 0.956,
          "speaker": "SPEAKER_01"
        },
        {
          "word": "people",
          "start": 69.057,
          "end": 69.297,
          "score": 0.816,
          "speaker": "SPEAKER_01"
        },
        {
          "word": "uncomfortable.",
          "start": 69.357,
          "end": 69.837,
          "score": 0.883,
          "speaker": "SPEAKER_01"
        }
      ],
      "speaker": "SPEAKER_01"
    },
    {
      "start": 70.157,
      "end": 72.659,
      "text": " So again, I can understand the hesitation.",
      "words": [
        {
          "word": "So",
          "start": 70.157,
          "end": 70.297,
          "score": 0.73,
          "speaker": "SPEAKER_01"
        },
        {
          "word": "again,",
          "start": 70.337,
          "end": 70.517,
          "score": 0.829,
          "speaker": "SPEAKER_01"
        },
        {
          "word": "I",
          "start": 70.537,
          "end": 70.557,
          "score": 0.0,
          "speaker": "SPEAKER_01"
        },
        {
          "word": "can",
          "start": 71.158,
          "end": 71.278,
          "score": 0.902,
          "speaker": "SPEAKER_01"
        },
        {
          "word": "understand",
          "start": 71.318,
          "end": 71.878,
          "score": 0.808,
          "speaker": "SPEAKER_01"
        },
        {
          "word": "the",
          "start": 71.898,
          "end": 71.959,
          "score": 0.0,
          "speaker": "SPEAKER_01"
        },
        {
          "word": "hesitation.",
          "start": 72.139,
          "end": 72.659,
          "score": 0.957,
          "speaker": "SPEAKER_01"
        }
      ],
      "speaker": "SPEAKER_01"
    },
    {
      "start": 72.999,
      "end": 83.628,
      "text": "They are special spaces in our public sphere, but I think there are very easy and meaningful ways that we can accommodate transgender people, as well as people who are uncomfortable with transgender people in the same space.",
      "words": [
        {
          "word": "They",
          "start": 72.999,
          "end": 73.119,
          "score": 0.877,
          "speaker": "SPEAKER_01"
        },
        {
          "word": "are",
          "start": 73.16,
          "end": 73.24,
          "score": 0.829,
          "speaker": "SPEAKER_01"
        },
        {
          "word": "special",
          "start": 73.3,
          "end": 73.66,
          "score": 0.904,
          "speaker": "SPEAKER_01"
        },
        {
          "word": "spaces",
          "start": 73.72,
          "end": 74.12,
          "score": 0.875,
          "speaker": "SPEAKER_01"
        },
        {
          "word": "in",
          "start": 74.16,
          "end": 74.24,
          "score": 0.488,
          "speaker": "SPEAKER_01"
        },
        {
          "word": "our",
          "start": 74.26,
          "end": 74.361,
          "score": 0.719,
          "speaker": "SPEAKER_01"
        },
        {
          "word": "public",
          "start": 74.401,
          "end": 74.641,
          "score": 0.866,
          "speaker": "SPEAKER_01"
        },
        {
          "word": "sphere,",
          "start": 74.661,
          "end": 74.941,
          "score": 0.799,
          "speaker": "SPEAKER_01"
        },
        {
          "word": "but",
          "start": 75.441,
          "end": 75.562,
          "score": 0.899,
          "speaker": "SPEAKER_01"
        },
        {
          "word": "I",
          "start": 75.582,
          "end": 75.622,
          "score": 0.5,
          "speaker": "SPEAKER_01"
        },
        {
          "word": "think",
          "start": 75.662,
          "end": 75.802,
          "score": 0.814,
          "speaker": "SPEAKER_01"
        },
        {
          "word": "there",
          "start": 75.822,
          "end": 75.962,
          "score": 0.868,
          "speaker": "SPEAKER_01"
        },
        {
          "word": "are",
          "start": 75.982,
          "end": 76.082,
          "score": 0.671,
          "speaker": "SPEAKER_01"
        },
        {
          "word": "very",
          "start": 76.142,
          "end": 76.342,
          "score": 0.751,
          "speaker": "SPEAKER_01"
        },
        {
          "word": "easy",
          "start": 76.462,
          "end": 76.742,
          "score": 0.691,
          "speaker": "SPEAKER_01"
        },
        {
          "word": "and",
          "start": 76.823,
          "end": 76.903,
          "score": 0.841,
          "speaker": "SPEAKER_01"
        },
        {
          "word": "meaningful",
          "start": 76.943,
          "end": 77.343,
          "score": 0.897,
          "speaker": "SPEAKER_01"
        },
        {
          "word": "ways",
          "start": 77.363,
          "end": 77.583,
          "score": 0.651,
          "speaker": "SPEAKER_01"
        },
        {
          "word": "that",
          "start": 77.623,
          "end": 77.743,
          "score": 0.924,
          "speaker": "SPEAKER_01"
        },
        {
          "word": "we",
          "start": 77.763,
          "end": 77.863,
          "score": 0.823,
          "speaker": "SPEAKER_01"
        },
        {
          "word": "can",
          "start": 77.883,
          "end": 78.004,
          "score": 0.872,
          "speaker": "SPEAKER_01"
        },
        {
          "word": "accommodate",
          "start": 78.044,
          "end": 78.484,
          "score": 0.875,
          "speaker": "SPEAKER_01"
        },
        {
          "word": "transgender",
          "start": 78.504,
          "end": 79.004,
          "score": 0.772,
          "speaker": "SPEAKER_01"
        },
        {
          "word": "people,",
          "start": 79.024,
          "end": 79.285,
          "score": 0.734,
          "speaker": "SPEAKER_01"
        },
        {
          "word": "as",
          "start": 79.605,
          "end": 79.685,
          "score": 0.946,
          "speaker": "SPEAKER_01"
        },
        {
          "word": "well",
          "start": 79.785,
          "end": 79.965,
          "score": 0.88,
          "speaker": "SPEAKER_01"
        },
        {
          "word": "as",
          "start": 80.005,
          "end": 80.065,
          "score": 0.821,
          "speaker": "SPEAKER_01"
        },
        {
          "word": "people",
          "start": 80.105,
          "end": 80.325,
          "score": 0.908,
          "speaker": "SPEAKER_01"
        },
        {
          "word": "who",
          "start": 80.345,
          "end": 80.425,
          "score": 0.999,
          "speaker": "SPEAKER_01"
        },
        {
          "word": "are",
          "start": 80.466,
          "end": 80.566,
          "score": 0.766,
          "speaker": "SPEAKER_01"
        },
        {
          "word": "uncomfortable",
          "start": 80.646,
          "end": 81.667,
          "score": 0.831,
          "speaker": "SPEAKER_01"
        },
        {
          "word": "with",
          "start": 81.707,
          "end": 81.827,
          "score": 0.927,
          "speaker": "SPEAKER_01"
        },
        {
          "word": "transgender",
          "start": 81.867,
          "end": 82.327,
          "score": 0.882,
          "speaker": "SPEAKER_01"
        },
        {
          "word": "people",
          "start": 82.347,
          "end": 82.587,
          "score": 0.835,
          "speaker": "SPEAKER_01"
        },
        {
          "word": "in",
          "start": 82.928,
          "end": 83.008,
          "score": 0.84,
          "speaker": "SPEAKER_01"
        },
        {
          "word": "the",
          "start": 83.028,
          "end": 83.128,
          "score": 0.668,
          "speaker": "SPEAKER_01"
        },
        {
          "word": "same",
          "start": 83.148,
          "end": 83.328,
          "score": 0.909,
          "speaker": "SPEAKER_01"
        },
        {
          "word": "space.",
          "start": 83.348,
          "end": 83.628,
          "score": 0.799,
          "speaker": "SPEAKER_01"
        }
      ],
      "speaker": "SPEAKER_01"
    },
    {
      "start": 83.928,
      "end": 86.09,
      "text": "I go to the bathroom, let me tell you what I do.",
      "words": [
        {
          "word": "I",
          "start": 83.928,
          "end": 84.008,
          "score": 0.762,
          "speaker": "SPEAKER_03"
        },
        {
          "word": "go",
          "start": 84.028,
          "end": 84.109,
          "score": 0.889,
          "speaker": "SPEAKER_03"
        },
        {
          "word": "to",
          "start": 84.149,
          "end": 84.209,
          "score": 0.75,
          "speaker": "SPEAKER_03"
        },
        {
          "word": "the",
          "start": 84.249,
          "end": 84.309,
          "score": 0.992,
          "speaker": "SPEAKER_03"
        },
        {
          "word": "bathroom,",
          "start": 84.349,
          "end": 84.789,
          "score": 0.824,
          "speaker": "SPEAKER_03"
        },
        {
          "word": "let",
          "start": 85.229,
          "end": 85.33,
          "score": 0.985,
          "speaker": "SPEAKER_03"
        },
        {
          "word": "me",
          "start": 85.37,
          "end": 85.43,
          "score": 0.965,
          "speaker": "SPEAKER_03"
        },
        {
          "word": "tell",
          "start": 85.47,
          "end": 85.59,
          "score": 0.875,
          "speaker": "SPEAKER_03"
        },
        {
          "word": "you",
          "start": 85.61,
          "end": 85.69,
          "score": 0.833,
          "speaker": "SPEAKER_03"
        },
        {
          "word": "what",
          "start": 85.71,
          "end": 85.79,
          "score": 0.996,
          "speaker": "SPEAKER_03"
        },
        {
          "word": "I",
          "start": 85.81,
          "end": 85.87,
          "score": 0.408,
          "speaker": "SPEAKER_03"
        },
        {
          "word": "do.",
          "start": 85.91,
          "end": 86.09,
          "score": 0.851,
          "speaker": "SPEAKER_03"
        }
      ],
      "speaker": "SPEAKER_03"
    },
    {
      "start": 86.811,
      "end": 90.614,
      "text": "I pee, and then I wash my hands, and then I leave.",
      "words": [
        {
          "word": "I",
          "start": 86.811,
          "end": 86.891,
          "score": 0.984,
          "speaker": "SPEAKER_03"
        },
        {
          "word": "pee,",
          "start": 86.971,
          "end": 87.331,
          "score": 0.594,
          "speaker": "SPEAKER_03"
        },
        {
          "word": "and",
          "start": 88.132,
          "end": 88.232,
          "score": 0.741,
          "speaker": "SPEAKER_03"
        },
        {
          "word": "then",
          "start": 88.272,
          "end": 88.392,
          "score": 0.921,
          "speaker": "SPEAKER_03"
        },
        {
          "word": "I",
          "start": 88.432,
          "end": 88.492,
          "score": 0.989,
          "speaker": "SPEAKER_03"
        },
        {
          "word": "wash",
          "start": 88.572,
          "end": 88.832,
          "score": 0.92,
          "speaker": "SPEAKER_03"
        },
        {
          "word": "my",
          "start": 88.892,
          "end": 89.013,
          "score": 0.833,
          "speaker": "SPEAKER_03"
        },
        {
          "word": "hands,",
          "start": 89.073,
          "end": 89.493,
          "score": 0.801,
          "speaker": "SPEAKER_03"
        },
        {
          "word": "and",
          "start": 89.893,
          "end": 89.973,
          "score": 0.896,
          "speaker": "SPEAKER_03"
        },
        {
          "word": "then",
          "start": 89.993,
          "end": 90.133,
          "score": 0.863,
          "speaker": "SPEAKER_03"
        },
        {
          "word": "I",
          "start": 90.194,
          "end": 90.274,
          "score": 0.775,
          "speaker": "SPEAKER_03"
        },
        {
          "word": "leave.",
          "start": 90.354,
          "end": 90.614,
          "score": 0.687,
          "speaker": "SPEAKER_03"
        }
      ],
      "speaker": "SPEAKER_03"
    }
  ],
  "word_segments": [
    {
      "word": "Tonight",
      "start": 0.209,
      "end": 0.509,
      "score": 0.8,
      "speaker": "SPEAKER_02"
    },
    {
      "word": "we",
      "start": 0.549,
      "end": 0.669,
      "score": 0.834,
      "speaker": "SPEAKER_02"
    },
    {
      "word": "ask",
      "start": 0.809,
      "end": 1.009,
      "score": 0.797,
      "speaker": "SPEAKER_02"
    },
    {
      "word": "is",
      "start": 1.129,
      "end": 1.209,
      "score": 0.715,
      "speaker": "SPEAKER_02"
    },
    {
      "word": "the",
      "start": 1.229,
      "end": 1.31,
      "score": 0.828,
      "speaker": "SPEAKER_02"
    },
    {
      "word": "United",
      "start": 1.37,
      "end": 1.69,
      "score": 0.737,
      "speaker": "SPEAKER_02"
    },
    {
      "word": "States",
      "start": 1.75,
      "end": 1.99,
      "score": 0.807,
      "speaker": "SPEAKER_02"
    },
    {
      "word": "moving",
      "start": 2.07,
      "end": 2.33,
      "score": 0.872,
      "speaker": "SPEAKER_02"
    },
    {
      "word": "too",
      "start": 2.37,
      "end": 2.51,
      "score": 0.886,
      "speaker": "SPEAKER_02"
    },
    {
      "word": "quickly",
      "start": 2.57,
      "end": 2.99,
      "score": 0.844,
      "speaker": "SPEAKER_02"
    },
    {
      "word": "or",
      "start": 3.17,
      "end": 3.27,
      "score": 0.578,
      "speaker": "SPEAKER_02"
    },
    {
      "word": "too",
      "start": 3.31,
      "end": 3.47,
      "score": 0.84,
      "speaker": "SPEAKER_02"
    },
    {
      "word": "slowly",
      "start": 3.55,
      "end": 4.011,
      "score": 0.77,
      "speaker": "SPEAKER_02"
    },
    {
      "word": "on",
      "start": 4.371,
      "end": 4.451,
      "score": 0.956,
      "speaker": "SPEAKER_02"
    },
    {
      "word": "gender",
      "start": 4.491,
      "end": 4.811,
      "score": 0.755,
      "speaker": "SPEAKER_02"
    },
    {
      "word": "rights?",
      "start": 4.851,
      "end": 5.071,
      "score": 0.767,
      "speaker": "SPEAKER_02"
    },
    {
      "word": "I'm",
      "start": 5.251,
      "end": 5.351,
      "score": 0.562,
      "speaker": "SPEAKER_02"
    },
    {
      "word": "Carlos",
      "start": 5.371,
      "end": 5.731,
      "score": 0.86,
      "speaker": "SPEAKER_02"
    },
    {
      "word": "Watson",
      "start": 5.771,
      "end": 6.231,
      "score": 0.911,
      "speaker": "SPEAKER_02"
    },
    {
      "word": "and",
      "start": 6.532,
      "end": 6.632,
      "score": 0.895,
      "speaker": "SPEAKER_02"
    },
    {
      "word": "this",
      "start": 6.712,
      "end": 6.992,
      "score": 0.828,
      "speaker": "SPEAKER_02"
    },
    {
      "word": "is",
      "start": 7.212,
      "end": 7.292,
      "score": 0.67,
      "speaker": "SPEAKER_02"
    },
    {
      "word": "Point",
      "start": 7.352,
      "end": 7.592,
      "score": 0.844,
      "speaker": "SPEAKER_02"
    },
    {
      "word": "Taken.",
      "start": 7.612,
      "end": 7.972,
      "score": 0.91,
      "speaker": "SPEAKER_02"
    },
    {
      "word": "I'm",
      "start": 9.613,
      "end": 9.713,
      "score": 0.934,
      "speaker": "SPEAKER_03"
    },
    {
      "word": "not",
      "start": 9.733,
      "end": 9.853,
      "score": 0.751,
      "speaker": "SPEAKER_03"
    },
    {
      "word": "asking",
      "start": 9.913,
      "end": 10.153,
      "score": 0.862,
      "speaker": "SPEAKER_03"
    },
    {
      "word": "you",
      "start": 10.173,
      "end": 10.273,
      "score": 0.986,
      "speaker": "SPEAKER_03"
    },
    {
      "word": "for",
      "start": 10.333,
      "end": 10.433,
      "score": 0.982,
      "speaker": "SPEAKER_03"
    },
    {
      "word": "my",
      "start": 10.473,
      "end": 10.593,
      "score": 0.874,
      "speaker": "SPEAKER_03"
    },
    {
      "word": "permission",
      "start": 10.613,
      "end": 11.033,
      "score": 0.839,
      "speaker": "SPEAKER_03"
    },
    {
      "word": "to",
      "start": 11.073,
      "end": 11.173,
      "score": 0.772,
      "speaker": "SPEAKER_03"
    },
    {
      "word": "exist",
      "start": 11.233,
      "end": 11.534,
      "score": 0.862,
      "speaker": "SPEAKER_03"
    },
    {
      "word": "in",
      "start": 11.574,
      "end": 11.634,
      "score": 0.768,
      "speaker": "SPEAKER_03"
    },
    {
      "word": "my",
      "start": 11.674,
      "end": 11.774,
      "score": 0.995,
      "speaker": "SPEAKER_03"
    },
    {
      "word": "own",
      "start": 11.814,
      "end": 11.914,
      "score": 0.981,
      "speaker": "SPEAKER_03"
    },
    {
      "word": "body.",
      "start": 11.954,
      "end": 12.194,
      "score": 0.957,
      "speaker": "SPEAKER_03"
    },
    {
      "word": "I",
      "start": 13.649,
      "end": 13.689,
      "score": 0.996,
      "speaker": "SPEAKER_03"
    },
    {
      "word": "don't",
      "start": 13.729,
      "end": 13.869,
      "score": 0.802,
      "speaker": "SPEAKER_03"
    },
    {
      "word": "need",
      "start": 13.889,
      "end": 14.029,
      "score": 0.96,
      "speaker": "SPEAKER_03"
    },
    {
      "word": "your",
      "start": 14.049,
      "end": 14.169,
      "score": 0.759,
      "speaker": "SPEAKER_03"
    },
    {
      "word": "permission",
      "start": 14.209,
      "end": 14.49,
      "score": 0.95,
      "speaker": "SPEAKER_03"
    },
    {
      "word": "to",
      "start": 14.51,
      "end": 14.57,
      "score": 0.75,
      "speaker": "SPEAKER_03"
    },
    {
      "word": "exist",
      "start": 14.63,
      "end": 14.85,
      "score": 0.875,
      "speaker": "SPEAKER_03"
    },
    {
      "word": "in",
      "start": 14.89,
      "end": 14.93,
      "score": 0.976,
      "speaker": "SPEAKER_03"
    },
    {
      "word": "my",
      "start": 14.95,
      "end": 15.05,
      "score": 0.405,
      "speaker": "SPEAKER_03"
    },
    {
      "word": "own",
      "start": 15.07,
      "end": 15.17,
      "score": 0.696,
      "speaker": "SPEAKER_03"
    },
    {
      "word": "body.",
      "start": 15.19,
      "end": 15.39,
      "score": 0.796,
      "speaker": "SPEAKER_03"
    },
    {
      "word": "I",
      "start": 15.43,
      "end": 15.47,
      "score": 0.576,
      "speaker": "SPEAKER_03"
    },
    {
      "word": "think",
      "start": 15.51,
      "end": 15.67,
      "score": 0.876,
      "speaker": "SPEAKER_03"
    },
    {
      "word": "fundamentally,",
      "start": 15.77,
      "end": 16.491,
      "score": 0.731,
      "speaker": "SPEAKER_03"
    },
    {
      "word": "I",
      "start": 16.511,
      "end": 16.531,
      "score": 0.0,
      "speaker": "SPEAKER_03"
    },
    {
      "word": "agree",
      "start": 17.652,
      "end": 17.892,
      "score": 0.828,
      "speaker": "SPEAKER_03"
    },
    {
      "word": "with",
      "start": 17.912,
      "end": 18.032,
      "score": 0.768,
      "speaker": "SPEAKER_03"
    },
    {
      "word": "you",
      "start": 18.072,
      "end": 18.252,
      "score": 0.837,
      "speaker": "SPEAKER_03"
    },
    {
      "word": "in",
      "start": 18.412,
      "end": 18.492,
      "score": 0.762,
      "speaker": "SPEAKER_03"
    },
    {
      "word": "the",
      "start": 18.532,
      "end": 18.612,
      "score": 0.836,
      "speaker": "SPEAKER_03"
    },
    {
      "word": "sense",
      "start": 18.632,
      "end": 18.853,
      "score": 0.855,
      "speaker": "SPEAKER_03"
    },
    {
      "word": "that",
      "start": 18.893,
      "end": 19.033,
      "score": 0.808,
      "speaker": "SPEAKER_03"
    },
    {
      "word": "I",
      "start": 19.093,
      "end": 19.133,
      "score": 0.993,
      "speaker": "SPEAKER_03"
    },
    {
      "word": "don't",
      "start": 19.193,
      "end": 19.333,
      "score": 0.873,
      "speaker": "SPEAKER_03"
    },
    {
      "word": "think",
      "start": 19.373,
      "end": 19.513,
      "score": 0.987,
      "speaker": "SPEAKER_03"
    },
    {
      "word": "it's",
      "start": 19.573,
      "end": 19.673,
      "score": 0.939,
      "speaker": "SPEAKER_03"
    },
    {
      "word": "about",
      "start": 19.733,
      "end": 19.973,
      "score": 0.866,
      "speaker": "SPEAKER_03"
    },
    {
      "word": "being",
      "start": 20.073,
      "end": 20.314,
      "score": 0.785,
      "speaker": "SPEAKER_03"
    },
    {
      "word": "transgender",
      "start": 20.354,
      "end": 20.974,
      "score": 0.793,
      "speaker": "SPEAKER_03"
    },
    {
      "word": "or",
      "start": 21.014,
      "end": 21.094,
      "score": 0.692,
      "speaker": "SPEAKER_03"
    },
    {
      "word": "it's",
      "start": 21.114,
      "end": 21.214,
      "score": 0.889,
      "speaker": "SPEAKER_03"
    },
    {
      "word": "actually",
      "start": 21.294,
      "end": 21.574,
      "score": 0.834,
      "speaker": "SPEAKER_03"
    },
    {
      "word": "about",
      "start": 21.614,
      "end": 21.835,
      "score": 0.777,
      "speaker": "SPEAKER_03"
    },
    {
      "word": "transgender",
      "start": 21.855,
      "end": 22.335,
      "score": 0.824,
      "speaker": "SPEAKER_03"
    },
    {
      "word": "issues.",
      "start": 22.375,
      "end": 22.635,
      "score": 0.913,
      "speaker": "SPEAKER_03"
    },
    {
      "word": "I",
      "start": 22.675,
      "end": 22.715,
      "score": 0.597,
      "speaker": "SPEAKER_03"
    },
    {
      "word": "think",
      "start": 22.755,
      "end": 22.875,
      "score": 0.909,
      "speaker": "SPEAKER_03"
    },
    {
      "word": "it's",
      "start": 22.895,
      "end": 22.995,
      "score": 0.918,
      "speaker": "SPEAKER_03"
    },
    {
      "word": "a",
      "start": 23.035,
      "end": 23.055,
      "score": 0.961,
      "speaker": "SPEAKER_03"
    },
    {
      "word": "fundamental",
      "start": 23.115,
      "end": 23.556,
      "score": 0.874,
      "speaker": "SPEAKER_03"
    },
    {
      "word": "issue",
      "start": 23.596,
      "end": 23.896,
      "score": 0.685,
      "speaker": "SPEAKER_03"
    },
    {
      "word": "of",
      "start": 24.036,
      "end": 24.116,
      "score": 0.906,
      "speaker": "SPEAKER_03"
    },
    {
      "word": "how",
      "start": 24.717,
      "end": 24.957,
      "score": 0.933,
      "speaker": "SPEAKER_03"
    },
    {
      "word": "we",
      "start": 25.077,
      "end": 25.257,
      "score": 0.894,
      "speaker": "SPEAKER_03"
    },
    {
      "word": "allow",
      "start": 25.357,
      "end": 25.857,
      "score": 0.793,
      "speaker": "SPEAKER_03"
    },
    {
      "word": "people",
      "start": 26.498,
      "end": 26.818,
      "score": 0.905,
      "speaker": "SPEAKER_03"
    },
    {
      "word": "to",
      "start": 26.878,
      "end": 26.998,
      "score": 0.669,
      "speaker": "SPEAKER_03"
    },
    {
      "word": "police",
      "start": 27.038,
      "end": 27.358,
      "score": 0.873,
      "speaker": "SPEAKER_03"
    },
    {
      "word": "other",
      "start": 27.438,
      "end": 27.619,
      "score": 0.855,
      "speaker": "SPEAKER_03"
    },
    {
      "word": "people.",
      "start": 27.679,
      "end": 27.939,
      "score": 0.811,
      "speaker": "SPEAKER_03"
    },
    {
      "word": "Any",
      "start": 28.299,
      "end": 28.459,
      "score": 0.798,
      "speaker": "SPEAKER_02"
    },
    {
      "word": "exclusionary",
      "start": 28.539,
      "end": 29.3,
      "score": 0.779,
      "speaker": "SPEAKER_02"
    },
    {
      "word": "law",
      "start": 29.36,
      "end": 29.62,
      "score": 0.846,
      "speaker": "SPEAKER_02"
    },
    {
      "word": "is",
      "start": 29.82,
      "end": 29.9,
      "score": 0.538,
      "speaker": "SPEAKER_02"
    },
    {
      "word": "absolutely",
      "start": 30.16,
      "end": 30.881,
      "score": 0.756,
      "speaker": "SPEAKER_02"
    },
    {
      "word": "abhorrent.",
      "start": 31.241,
      "end": 31.661,
      "score": 0.834,
      "speaker": "SPEAKER_02"
    },
    {
      "word": "We",
      "start": 31.821,
      "end": 31.922,
      "score": 0.999,
      "speaker": "SPEAKER_02"
    },
    {
      "word": "all",
      "start": 31.982,
      "end": 32.122,
      "score": 0.785,
      "speaker": "SPEAKER_02"
    },
    {
      "word": "agree.",
      "start": 32.162,
      "end": 32.502,
      "score": 0.714,
      "speaker": "SPEAKER_02"
    },
    {
      "word": "The",
      "start": 32.862,
      "end": 32.942,
      "score": 0.848,
      "speaker": "SPEAKER_02"
    },
    {
      "word": "real",
      "start": 32.962,
      "end": 33.142,
      "score": 0.706,
      "speaker": "SPEAKER_02"
    },
    {
      "word": "question",
      "start": 33.182,
      "end": 33.523,
      "score": 0.81,
      "speaker": "SPEAKER_02"
    },
    {
      "word": "here",
      "start": 33.563,
      "end": 33.703,
      "score": 0.463,
      "speaker": "SPEAKER_02"
    },
    {
      "word": "is",
      "start": 33.743,
      "end": 33.803,
      "score": 0.392,
      "speaker": "SPEAKER_02"
    },
    {
      "word": "whether",
      "start": 33.843,
      "end": 34.043,
      "score": 0.871,
      "speaker": "SPEAKER_02"
    },
    {
      "word": "or",
      "start": 34.083,
      "end": 34.143,
      "score": 0.78,
      "speaker": "SPEAKER_02"
    },
    {
      "word": "not",
      "start": 34.163,
      "end": 34.283,
      "score": 0.76,
      "speaker": "SPEAKER_02"
    },
    {
      "word": "we",
      "start": 34.343,
      "end": 34.463,
      "score": 0.836,
      "speaker": "SPEAKER_02"
    },
    {
      "word": "should",
      "start": 34.483,
      "end": 34.703,
      "score": 0.806,
      "speaker": "SPEAKER_02"
    },
    {
      "word": "have",
      "start": 34.763,
      "end": 34.924,
      "score": 0.784,
      "speaker": "SPEAKER_02"
    },
    {
      "word": "the",
      "start": 34.964,
      "end": 35.024,
      "score": 0.968,
      "speaker": "SPEAKER_02"
    },
    {
      "word": "federal",
      "start": 35.084,
      "end": 35.384,
      "score": 0.869,
      "speaker": "SPEAKER_02"
    },
    {
      "word": "government,",
      "start": 35.424,
      "end": 35.704,
      "score": 0.85,
      "speaker": "SPEAKER_02"
    },
    {
      "word": "for",
      "start": 35.724,
      "end": 35.844,
      "score": 0.741,
      "speaker": "SPEAKER_02"
    },
    {
      "word": "example,",
      "start": 35.904,
      "end": 36.305,
      "score": 0.845,
      "speaker": "SPEAKER_02"
    },
    {
      "word": "create",
      "start": 36.605,
      "end": 36.865,
      "score": 0.836,
      "speaker": "SPEAKER_02"
    },
    {
      "word": "a",
      "start": 37.065,
      "end": 37.165,
      "score": 0.804,
      "speaker": "SPEAKER_02"
    },
    {
      "word": "set",
      "start": 37.245,
      "end": 37.425,
      "score": 0.993,
      "speaker": "SPEAKER_02"
    },
    {
      "word": "of",
      "start": 37.465,
      "end": 37.525,
      "score": 0.749,
      "speaker": "SPEAKER_02"
    },
    {
      "word": "rules",
      "start": 37.605,
      "end": 38.006,
      "score": 0.718,
      "speaker": "SPEAKER_02"
    },
    {
      "word": "to",
      "start": 38.246,
      "end": 38.326,
      "score": 0.998,
      "speaker": "SPEAKER_02"
    },
    {
      "word": "try",
      "start": 38.386,
      "end": 38.606,
      "score": 0.756,
      "speaker": "SPEAKER_02"
    },
    {
      "word": "and",
      "start": 38.666,
      "end": 38.746,
      "score": 0.932,
      "speaker": "SPEAKER_02"
    },
    {
      "word": "govern",
      "start": 38.806,
      "end": 39.146,
      "score": 0.747,
      "speaker": "SPEAKER_02"
    },
    {
      "word": "an",
      "start": 39.587,
      "end": 39.647,
      "score": 0.956,
      "speaker": "SPEAKER_02"
    },
    {
      "word": "entire",
      "start": 39.707,
      "end": 40.287,
      "score": 0.824,
      "speaker": "SPEAKER_02"
    },
    {
      "word": "genre",
      "start": 40.487,
      "end": 41.028,
      "score": 0.883,
      "speaker": "SPEAKER_02"
    },
    {
      "word": "of",
      "start": 41.208,
      "end": 41.248,
      "score": 0.994,
      "speaker": "SPEAKER_02"
    },
    {
      "word": "humanity.",
      "start": 41.508,
      "end": 41.968,
      "score": 0.946,
      "speaker": "SPEAKER_00"
    },
    {
      "word": "And",
      "start": 42.168,
      "end": 42.248,
      "score": 0.942,
      "speaker": "SPEAKER_00"
    },
    {
      "word": "I",
      "start": 42.288,
      "end": 42.328,
      "score": 0.5,
      "speaker": "SPEAKER_00"
    },
    {
      "word": "think",
      "start": 42.368,
      "end": 42.528,
      "score": 0.837,
      "speaker": "SPEAKER_00"
    },
    {
      "word": "that",
      "start": 42.548,
      "end": 42.668,
      "score": 0.748,
      "speaker": "SPEAKER_00"
    },
    {
      "word": "the,",
      "start": 42.728,
      "end": 42.948,
      "score": 0.875,
      "speaker": "SPEAKER_00"
    },
    {
      "word": "you",
      "start": 43.029,
      "end": 43.089,
      "score": 0.995,
      "speaker": "SPEAKER_00"
    },
    {
      "word": "know,",
      "start": 43.129,
      "end": 43.249,
      "score": 0.904,
      "speaker": "SPEAKER_00"
    },
    {
      "word": "the",
      "start": 43.269,
      "end": 43.349,
      "score": 0.83,
      "speaker": "SPEAKER_00"
    },
    {
      "word": "bathroom",
      "start": 43.409,
      "end": 43.909,
      "score": 0.839,
      "speaker": "SPEAKER_00"
    },
    {
      "word": "bill",
      "start": 43.949,
      "end": 44.209,
      "score": 0.879,
      "speaker": "SPEAKER_00"
    },
    {
      "word": "and",
      "start": 44.229,
      "end": 44.309,
      "score": 0.438,
      "speaker": "SPEAKER_00"
    },
    {
      "word": "the",
      "start": 44.349,
      "end": 44.429,
      "score": 0.819,
      "speaker": "SPEAKER_00"
    },
    {
      "word": "language",
      "start": 44.449,
      "end": 44.789,
      "score": 0.767,
      "speaker": "SPEAKER_00"
    },
    {
      "word": "that",
      "start": 44.829,
      "end": 44.969,
      "score": 0.989,
      "speaker": "SPEAKER_00"
    },
    {
      "word": "has",
      "start": 45.009,
      "end": 45.149,
      "score": 0.936,
      "speaker": "SPEAKER_00"
    },
    {
      "word": "been",
      "start": 45.189,
      "end": 45.429,
      "score": 0.921,
      "speaker": "SPEAKER_00"
    },
    {
      "word": "set",
      "start": 46.069,
      "end": 46.23,
      "score": 0.986,
      "speaker": "SPEAKER_00"
    },
    {
      "word": "up",
      "start": 46.27,
      "end": 46.35,
      "score": 0.973,
      "speaker": "SPEAKER_00"
    },
    {
      "word": "around",
      "start": 46.39,
      "end": 46.57,
      "score": 0.982,
      "speaker": "SPEAKER_00"
    },
    {
      "word": "this",
      "start": 46.61,
      "end": 46.75,
      "score": 0.456,
      "speaker": "SPEAKER_00"
    },
    {
      "word": "has",
      "start": 46.77,
      "end": 46.87,
      "score": 0.793,
      "speaker": "SPEAKER_00"
    },
    {
      "word": "been",
      "start": 46.91,
      "end": 47.05,
      "score": 0.892,
      "speaker": "SPEAKER_00"
    },
    {
      "word": "really",
      "start": 47.13,
      "end": 47.43,
      "score": 0.876,
      "speaker": "SPEAKER_00"
    },
    {
      "word": "hideous",
      "start": 47.67,
      "end": 48.11,
      "score": 0.917,
      "speaker": "SPEAKER_00"
    },
    {
      "word": "and",
      "start": 48.17,
      "end": 48.23,
      "score": 0.774,
      "speaker": "SPEAKER_00"
    },
    {
      "word": "dehumanizing.",
      "start": 48.25,
      "end": 48.93,
      "score": 0.84,
      "speaker": "SPEAKER_00"
    },
    {
      "word": "The",
      "start": 49.15,
      "end": 49.25,
      "score": 0.949,
      "speaker": "SPEAKER_00"
    },
    {
      "word": "durability",
      "start": 49.531,
      "end": 50.331,
      "score": 0.929,
      "speaker": "SPEAKER_00"
    },
    {
      "word": "of",
      "start": 50.511,
      "end": 50.571,
      "score": 0.998,
      "speaker": "SPEAKER_00"
    },
    {
      "word": "it",
      "start": 50.671,
      "end": 50.731,
      "score": 0.766,
      "speaker": "SPEAKER_00"
    },
    {
      "word": "does",
      "start": 50.831,
      "end": 51.111,
      "score": 0.784,
      "speaker": "SPEAKER_00"
    },
    {
      "word": "suggest",
      "start": 51.631,
      "end": 52.011,
      "score": 0.923,
      "speaker": "SPEAKER_00"
    },
    {
      "word": "that",
      "start": 52.051,
      "end": 52.171,
      "score": 0.856,
      "speaker": "SPEAKER_00"
    },
    {
      "word": "within",
      "start": 52.231,
      "end": 52.511,
      "score": 0.915,
      "speaker": "SPEAKER_00"
    },
    {
      "word": "a",
      "start": 52.531,
      "end": 52.551,
      "score": 0.982,
      "speaker": "SPEAKER_00"
    },
    {
      "word": "certain",
      "start": 52.632,
      "end": 53.032,
      "score": 0.776,
      "speaker": "SPEAKER_00"
    },
    {
      "word": "strand",
      "start": 53.132,
      "end": 53.632,
      "score": 0.892,
      "speaker": "SPEAKER_00"
    },
    {
      "word": "of",
      "start": 53.672,
      "end": 53.732,
      "score": 0.754,
      "speaker": "SPEAKER_00"
    },
    {
      "word": "the",
      "start": 53.772,
      "end": 53.832,
      "score": 0.836,
      "speaker": "SPEAKER_00"
    },
    {
      "word": "population",
      "start": 53.892,
      "end": 54.572,
      "score": 0.956,
      "speaker": "SPEAKER_00"
    },
    {
      "word": "that",
      "start": 54.832,
      "end": 54.972,
      "score": 0.819,
      "speaker": "SPEAKER_00"
    },
    {
      "word": "there",
      "start": 54.992,
      "end": 55.132,
      "score": 0.914,
      "speaker": "SPEAKER_00"
    },
    {
      "word": "is",
      "start": 55.212,
      "end": 55.292,
      "score": 0.744,
      "speaker": "SPEAKER_00"
    },
    {
      "word": "some",
      "start": 55.312,
      "end": 55.452,
      "score": 0.799,
      "speaker": "SPEAKER_00"
    },
    {
      "word": "education",
      "start": 55.492,
      "end": 55.933,
      "score": 0.98,
      "speaker": "SPEAKER_00"
    },
    {
      "word": "that",
      "start": 55.973,
      "end": 56.073,
      "score": 0.962,
      "speaker": "SPEAKER_00"
    },
    {
      "word": "needs",
      "start": 56.113,
      "end": 56.313,
      "score": 0.784,
      "speaker": "SPEAKER_00"
    },
    {
      "word": "to",
      "start": 56.353,
      "end": 56.413,
      "score": 0.918,
      "speaker": "SPEAKER_00"
    },
    {
      "word": "be",
      "start": 56.453,
      "end": 56.533,
      "score": 0.522,
      "speaker": "SPEAKER_00"
    },
    {
      "word": "done.",
      "start": 56.553,
      "end": 56.853,
      "score": 0.908,
      "speaker": "SPEAKER_00"
    },
    {
      "word": "Bathrooms",
      "start": 57.093,
      "end": 57.453,
      "score": 0.848,
      "speaker": "SPEAKER_00"
    },
    {
      "word": "and",
      "start": 57.493,
      "end": 57.573,
      "score": 0.814,
      "speaker": "SPEAKER_00"
    },
    {
      "word": "locker",
      "start": 57.593,
      "end": 57.773,
      "score": 0.521,
      "speaker": "SPEAKER_00"
    },
    {
      "word": "rooms",
      "start": 57.793,
      "end": 57.953,
      "score": 0.674,
      "speaker": "SPEAKER_00"
    },
    {
      "word": "are",
      "start": 57.993,
      "end": 58.073,
      "score": 0.277,
      "speaker": "SPEAKER_01"
    },
    {
      "word": "places",
      "start": 58.093,
      "end": 58.393,
      "score": 0.827,
      "speaker": "SPEAKER_01"
    },
    {
      "word": "where",
      "start": 58.453,
      "end": 58.633,
      "score": 0.918,
      "speaker": "SPEAKER_01"
    },
    {
      "word": "we",
      "start": 58.673,
      "end": 58.793,
      "score": 0.986,
      "speaker": "SPEAKER_01"
    },
    {
      "word": "publicly",
      "start": 58.913,
      "end": 59.414,
      "score": 0.871,
      "speaker": "SPEAKER_01"
    },
    {
      "word": "expose",
      "start": 59.794,
      "end": 60.214,
      "score": 0.933,
      "speaker": "SPEAKER_01"
    },
    {
      "word": "ourselves",
      "start": 60.274,
      "end": 60.694,
      "score": 0.781,
      "speaker": "SPEAKER_01"
    },
    {
      "word": "and",
      "start": 61.314,
      "end": 61.414,
      "score": 0.835,
      "speaker": "SPEAKER_01"
    },
    {
      "word": "that",
      "start": 61.454,
      "end": 61.574,
      "score": 0.973,
      "speaker": "SPEAKER_01"
    },
    {
      "word": "makes",
      "start": 61.614,
      "end": 61.814,
      "score": 0.801,
      "speaker": "SPEAKER_01"
    },
    {
      "word": "many",
      "start": 61.894,
      "end": 62.094,
      "score": 0.846,
      "speaker": "SPEAKER_01"
    },
    {
      "word": "people",
      "start": 62.135,
      "end": 62.355,
      "score": 0.81,
      "speaker": "SPEAKER_01"
    },
    {
      "word": "uncomfortable.",
      "start": 62.415,
      "end": 62.875,
      "score": 0.882,
      "speaker": "SPEAKER_01"
    },
    {
      "word": "They",
      "start": 63.195,
      "end": 63.315,
      "score": 0.995,
      "speaker": "SPEAKER_01"
    },
    {
      "word": "were",
      "start": 63.355,
      "end": 63.455,
      "score": 0.979,
      "speaker": "SPEAKER_01"
    },
    {
      "word": "discussed",
      "start": 63.495,
      "end": 63.855,
      "score": 0.846,
      "speaker": "SPEAKER_01"
    },
    {
      "word": "when",
      "start": 63.895,
      "end": 64.015,
      "score": 0.992,
      "speaker": "SPEAKER_01"
    },
    {
      "word": "people",
      "start": 64.055,
      "end": 64.375,
      "score": 0.743,
      "speaker": "SPEAKER_01"
    },
    {
      "word": "were",
      "start": 64.895,
      "end": 65.075,
      "score": 0.771,
      "speaker": "SPEAKER_01"
    },
    {
      "word": "first",
      "start": 65.095,
      "end": 65.336,
      "score": 0.951,
      "speaker": "SPEAKER_01"
    },
    {
      "word": "referencing",
      "start": 65.556,
      "end": 66.036,
      "score": 0.901,
      "speaker": "SPEAKER_01"
    },
    {
      "word": "homosexuality",
      "start": 66.076,
      "end": 66.896,
      "score": 0.862,
      "speaker": "SPEAKER_01"
    },
    {
      "word": "and",
      "start": 67.196,
      "end": 67.296,
      "score": 0.734,
      "speaker": "SPEAKER_01"
    },
    {
      "word": "gay",
      "start": 67.336,
      "end": 67.536,
      "score": 0.98,
      "speaker": "SPEAKER_01"
    },
    {
      "word": "people",
      "start": 67.576,
      "end": 67.796,
      "score": 0.861,
      "speaker": "SPEAKER_01"
    },
    {
      "word": "using",
      "start": 67.876,
      "end": 68.096,
      "score": 0.84,
      "speaker": "SPEAKER_01"
    },
    {
      "word": "locker",
      "start": 68.136,
      "end": 68.376,
      "score": 0.622,
      "speaker": "SPEAKER_01"
    },
    {
      "word": "rooms.",
      "start": 68.396,
      "end": 68.577,
      "score": 0.392,
      "speaker": "SPEAKER_01"
    },
    {
      "word": "That",
      "start": 68.617,
      "end": 68.837,
      "score": 0.774,
      "speaker": "SPEAKER_01"
    },
    {
      "word": "made",
      "start": 68.857,
      "end": 69.017,
      "score": 0.956,
      "speaker": "SPEAKER_01"
    },
    {
      "word": "people",
      "start": 69.057,
      "end": 69.297,
      "score": 0.816,
      "speaker": "SPEAKER_01"
    },
    {
      "word": "uncomfortable.",
      "start": 69.357,
      "end": 69.837,
      "score": 0.883,
      "speaker": "SPEAKER_01"
    },
    {
      "word": "So",
      "start": 70.157,
      "end": 70.297,
      "score": 0.73,
      "speaker": "SPEAKER_01"
    },
    {
      "word": "again,",
      "start": 70.337,
      "end": 70.517,
      "score": 0.829,
      "speaker": "SPEAKER_01"
    },
    {
      "word": "I",
      "start": 70.537,
      "end": 70.557,
      "score": 0.0,
      "speaker": "SPEAKER_01"
    },
    {
      "word": "can",
      "start": 71.158,
      "end": 71.278,
      "score": 0.902,
      "speaker": "SPEAKER_01"
    },
    {
      "word": "understand",
      "start": 71.318,
      "end": 71.878,
      "score": 0.808,
      "speaker": "SPEAKER_01"
    },
    {
      "word": "the",
      "start": 71.898,
      "end": 71.959,
      "score": 0.0,
      "speaker": "SPEAKER_01"
    },
    {
      "word": "hesitation.",
      "start": 72.139,
      "end": 72.659,
      "score": 0.957,
      "speaker": "SPEAKER_01"
    },
    {
      "word": "They",
      "start": 72.999,
      "end": 73.119,
      "score": 0.877,
      "speaker": "SPEAKER_01"
    },
    {
      "word": "are",
      "start": 73.16,
      "end": 73.24,
      "score": 0.829,
      "speaker": "SPEAKER_01"
    },
    {
      "word": "special",
      "start": 73.3,
      "end": 73.66,
      "score": 0.904,
      "speaker": "SPEAKER_01"
    },
    {
      "word": "spaces",
      "start": 73.72,
      "end": 74.12,
      "score": 0.875,
      "speaker": "SPEAKER_01"
    },
    {
      "word": "in",
      "start": 74.16,
      "end": 74.24,
      "score": 0.488,
      "speaker": "SPEAKER_01"
    },
    {
      "word": "our",
      "start": 74.26,
      "end": 74.361,
      "score": 0.719,
      "speaker": "SPEAKER_01"
    },
    {
      "word": "public",
      "start": 74.401,
      "end": 74.641,
      "score": 0.866,
      "speaker": "SPEAKER_01"
    },
    {
      "word": "sphere,",
      "start": 74.661,
      "end": 74.941,
      "score": 0.799,
      "speaker": "SPEAKER_01"
    },
    {
      "word": "but",
      "start": 75.441,
      "end": 75.562,
      "score": 0.899,
      "speaker": "SPEAKER_01"
    },
    {
      "word": "I",
      "start": 75.582,
      "end": 75.622,
      "score": 0.5,
      "speaker": "SPEAKER_01"
    },
    {
      "word": "think",
      "start": 75.662,
      "end": 75.802,
      "score": 0.814,
      "speaker": "SPEAKER_01"
    },
    {
      "word": "there",
      "start": 75.822,
      "end": 75.962,
      "score": 0.868,
      "speaker": "SPEAKER_01"
    },
    {
      "word": "are",
      "start": 75.982,
      "end": 76.082,
      "score": 0.671,
      "speaker": "SPEAKER_01"
    },
    {
      "word": "very",
      "start": 76.142,
      "end": 76.342,
      "score": 0.751,
      "speaker": "SPEAKER_01"
    },
    {
      "word": "easy",
      "start": 76.462,
      "end": 76.742,
      "score": 0.691,
      "speaker": "SPEAKER_01"
    },
    {
      "word": "and",
      "start": 76.823,
      "end": 76.903,
      "score": 0.841,
      "speaker": "SPEAKER_01"
    },
    {
      "word": "meaningful",
      "start": 76.943,
      "end": 77.343,
      "score": 0.897,
      "speaker": "SPEAKER_01"
    },
    {
      "word": "ways",
      "start": 77.363,
      "end": 77.583,
      "score": 0.651,
      "speaker": "SPEAKER_01"
    },
    {
      "word": "that",
      "start": 77.623,
      "end": 77.743,
      "score": 0.924,
      "speaker": "SPEAKER_01"
    },
    {
      "word": "we",
      "start": 77.763,
      "end": 77.863,
      "score": 0.823,
      "speaker": "SPEAKER_01"
    },
    {
      "word": "can",
      "start": 77.883,
      "end": 78.004,
      "score": 0.872,
      "speaker": "SPEAKER_01"
    },
    {
      "word": "accommodate",
      "start": 78.044,
      "end": 78.484,
      "score": 0.875,
      "speaker": "SPEAKER_01"
    },
    {
      "word": "transgender",
      "start": 78.504,
      "end": 79.004,
      "score": 0.772,
      "speaker": "SPEAKER_01"
    },
    {
      "word": "people,",
      "start": 79.024,
      "end": 79.285,
      "score": 0.734,
      "speaker": "SPEAKER_01"
    },
    {
      "word": "as",
      "start": 79.605,
      "end": 79.685,
      "score": 0.946,
      "speaker": "SPEAKER_01"
    },
    {
      "word": "well",
      "start": 79.785,
      "end": 79.965,
      "score": 0.88,
      "speaker": "SPEAKER_01"
    },
    {
      "word": "as",
      "start": 80.005,
      "end": 80.065,
      "score": 0.821,
      "speaker": "SPEAKER_01"
    },
    {
      "word": "people",
      "start": 80.105,
      "end": 80.325,
      "score": 0.908,
      "speaker": "SPEAKER_01"
    },
    {
      "word": "who",
      "start": 80.345,
      "end": 80.425,
      "score": 0.999,
      "speaker": "SPEAKER_01"
    },
    {
      "word": "are",
      "start": 80.466,
      "end": 80.566,
      "score": 0.766,
      "speaker": "SPEAKER_01"
    },
    {
      "word": "uncomfortable",
      "start": 80.646,
      "end": 81.667,
      "score": 0.831,
      "speaker": "SPEAKER_01"
    },
    {
      "word": "with",
      "start": 81.707,
      "end": 81.827,
      "score": 0.927,
      "speaker": "SPEAKER_01"
    },
    {
      "word": "transgender",
      "start": 81.867,
      "end": 82.327,
      "score": 0.882,
      "speaker": "SPEAKER_01"
    },
    {
      "word": "people",
      "start": 82.347,
      "end": 82.587,
      "score": 0.835,
      "speaker": "SPEAKER_01"
    },
    {
      "word": "in",
      "start": 82.928,
      "end": 83.008,
      "score": 0.84,
      "speaker": "SPEAKER_01"
    },
    {
      "word": "the",
      "start": 83.028,
      "end": 83.128,
      "score": 0.668,
      "speaker": "SPEAKER_01"
    },
    {
      "word": "same",
      "start": 83.148,
      "end": 83.328,
      "score": 0.909,
      "speaker": "SPEAKER_01"
    },
    {
      "word": "space.",
      "start": 83.348,
      "end": 83.628,
      "score": 0.799,
      "speaker": "SPEAKER_01"
    },
    {
      "word": "I",
      "start": 83.928,
      "end": 84.008,
      "score": 0.762,
      "speaker": "SPEAKER_03"
    },
    {
      "word": "go",
      "start": 84.028,
      "end": 84.109,
      "score": 0.889,
      "speaker": "SPEAKER_03"
    },
    {
      "word": "to",
      "start": 84.149,
      "end": 84.209,
      "score": 0.75,
      "speaker": "SPEAKER_03"
    },
    {
      "word": "the",
      "start": 84.249,
      "end": 84.309,
      "score": 0.992,
      "speaker": "SPEAKER_03"
    },
    {
      "word": "bathroom,",
      "start": 84.349,
      "end": 84.789,
      "score": 0.824,
      "speaker": "SPEAKER_03"
    },
    {
      "word": "let",
      "start": 85.229,
      "end": 85.33,
      "score": 0.985,
      "speaker": "SPEAKER_03"
    },
    {
      "word": "me",
      "start": 85.37,
      "end": 85.43,
      "score": 0.965,
      "speaker": "SPEAKER_03"
    },
    {
      "word": "tell",
      "start": 85.47,
      "end": 85.59,
      "score": 0.875,
      "speaker": "SPEAKER_03"
    },
    {
      "word": "you",
      "start": 85.61,
      "end": 85.69,
      "score": 0.833,
      "speaker": "SPEAKER_03"
    },
    {
      "word": "what",
      "start": 85.71,
      "end": 85.79,
      "score": 0.996,
      "speaker": "SPEAKER_03"
    },
    {
      "word": "I",
      "start": 85.81,
      "end": 85.87,
      "score": 0.408,
      "speaker": "SPEAKER_03"
    },
    {
      "word": "do.",
      "start": 85.91,
      "end": 86.09,
      "score": 0.851,
      "speaker": "SPEAKER_03"
    },
    {
      "word": "I",
      "start": 86.811,
      "end": 86.891,
      "score": 0.984,
      "speaker": "SPEAKER_03"
    },
    {
      "word": "pee,",
      "start": 86.971,
      "end": 87.331,
      "score": 0.594,
      "speaker": "SPEAKER_03"
    },
    {
      "word": "and",
      "start": 88.132,
      "end": 88.232,
      "score": 0.741,
      "speaker": "SPEAKER_03"
    },
    {
      "word": "then",
      "start": 88.272,
      "end": 88.392,
      "score": 0.921,
      "speaker": "SPEAKER_03"
    },
    {
      "word": "I",
      "start": 88.432,
      "end": 88.492,
      "score": 0.989,
      "speaker": "SPEAKER_03"
    },
    {
      "word": "wash",
      "start": 88.572,
      "end": 88.832,
      "score": 0.92,
      "speaker": "SPEAKER_03"
    },
    {
      "word": "my",
      "start": 88.892,
      "end": 89.013,
      "score": 0.833,
      "speaker": "SPEAKER_03"
    },
    {
      "word": "hands,",
      "start": 89.073,
      "end": 89.493,
      "score": 0.801,
      "speaker": "SPEAKER_03"
    },
    {
      "word": "and",
      "start": 89.893,
      "end": 89.973,
      "score": 0.896,
      "speaker": "SPEAKER_03"
    },
    {
      "word": "then",
      "start": 89.993,
      "end": 90.133,
      "score": 0.863,
      "speaker": "SPEAKER_03"
    },
    {
      "word": "I",
      "start": 90.194,
      "end": 90.274,
      "score": 0.775,
      "speaker": "SPEAKER_03"
    },
    {
      "word": "leave.",
      "start": 90.354,
      "end": 90.614,
      "score": 0.687,
      "speaker": "SPEAKER_03"
    }
  ],
  "language": "en"
}