{
  "segments": [
    {
      "start": 0.349,
      "end": 2.392,
      "text": " Mr Corbyn, I'm sure, is very well-intentioned.",
      "words": [
        {
          "word": "Mr",
          "start": 0.349,
          "end": 0.53,
          "score": 0.672,
          "speaker": "SPEAKER_00"
        },
        {
          "word": "Corbyn,",
          "start": 0.55,
          "end": 0.71,
          "score": 0.373,
          "speaker": "SPEAKER_00"
        },
        {
          "word": "I'm",
          "start": 0.73,
          "end": 0.81,
          "score": 0.155,
          "speaker": "SPEAKER_00"
        },
        {
          "word": "sure,",
          "start": 0.83,
          "end": 1.27,
          "score": 0.492,
          "speaker": "SPEAKER_00"
        },
        {
          "word": "is",
          "start": 1.471,
          "end": 1.551,
          "score": 0.744,
          "speaker": "SPEAKER_00"
        },
        {
          "word": "very",
          "start": 1.571,
          "end": 1.731,
          "score": 0.799,
          "speaker": "SPEAKER_00"
        },
        {
          "word": "well-intentioned.",
          "start": 1.751,
          "end": 2.392,
          "score": 0.934,
          "speaker": "SPEAKER_00"
        }
      ],
      "speaker": "SPEAKER_00"
    },
    {
      "start": 2.772,
      "end": 18.17,
      "text": "But I think in his handling of this particular issue, his unwillingness to take a stand, to stand up for Jewish people in the Labour Party, his unwillingness to protect them, to put an arm round them, is it, in my view, a failure of leadership.",
      "words": [
        {
          "word": "But",
          "start": 2.772,
          "end": 2.872,
          "score": 0.941,
          "speaker": "SPEAKER_00"
        },
        {
          "word": "I",
          "start": 2.912,
          "end": 2.972,
          "score": 0.81,
          "speaker": "SPEAKER_00"
        },
        {
          "word": "think",
          "start": 3.012,
          "end": 3.153,
          "score": 0.996,
          "speaker": "SPEAKER_00"
        },
        {
          "word": "in",
          "start": 3.293,
          "end": 3.373,
          "score": 0.568,
          "speaker": "SPEAKER_00"
        },
        {
          "word": "his",
          "start": 3.413,
          "end": 3.573,
          "score": 0.865,
          "speaker": "SPEAKER_00"
        },
        {
          "word": "handling",
          "start": 3.633,
          "end": 3.994,
          "score": 0.845,
          "speaker": "SPEAKER_00"
        },
        {
          "word": "of",
          "start": 4.014,
          "end": 4.054,
          "score": 0.998,
          "speaker": "SPEAKER_00"
        },
        {
          "word": "this",
          "start": 4.094,
          "end": 4.234,
          "score": 0.837,
          "speaker": "SPEAKER_00"
        },
        {
          "word": "particular",
          "start": 4.294,
          "end": 4.754,
          "score": 0.927,
          "speaker": "SPEAKER_00"
        },
        {
          "word": "issue,",
          "start": 4.834,
          "end": 5.115,
          "score": 0.937,
          "speaker": "SPEAKER_00"
        },
        {
          "word": "his",
          "start": 5.695,
          "end": 5.916,
          "score": 0.788,
          "speaker": "SPEAKER_00"
        },
        {
          "word": "unwillingness",
          "start": 6.777,
          "end": 7.437,
          "score": 0.865,
          "speaker": "SPEAKER_00"
        },
        {
          "word": "to",
          "start": 7.778,
          "end": 7.858,
          "score": 0.998,
          "speaker": "SPEAKER_00"
        },
        {
          "word": "take",
          "start": 7.898,
          "end": 8.078,
          "score": 0.859,
          "speaker": "SPEAKER_00"
        },
        {
          "word": "a",
          "start": 8.138,
          "end": 8.178,
          "score": 0.584,
          "speaker": "SPEAKER_00"
        },
        {
          "word": "stand,",
          "start": 8.218,
          "end": 8.659,
          "score": 0.86,
          "speaker": "SPEAKER_00"
        },
        {
          "word": "to",
          "start": 9.3,
          "end": 9.38,
          "score": 0.989,
          "speaker": "SPEAKER_00"
        },
        {
          "word": "stand",
          "start": 9.44,
          "end": 9.8,
          "score": 0.764,
          "speaker": "SPEAKER_00"
        },
        {
          "word": "up",
          "start": 9.96,
          "end": 10.04,
          "score": 0.786,
          "speaker": "SPEAKER_00"
        },
        {
          "word": "for",
          "start": 11.562,
          "end": 11.702,
          "score": 0.942,
          "speaker": "SPEAKER_00"
        },
        {
          "word": "Jewish",
          "start": 11.762,
          "end": 12.043,
          "score": 0.908,
          "speaker": "SPEAKER_00"
        },
        {
          "word": "people",
          "start": 12.083,
          "end": 12.343,
          "score": 0.959,
          "speaker": "SPEAKER_00"
        },
        {
          "word": "in",
          "start": 12.383,
          "end": 12.443,
          "score": 0.888,
          "speaker": "SPEAKER_00"
        },
        {
          "word": "the",
          "start": 12.483,
          "end": 12.543,
          "score": 0.998,
          "speaker": "SPEAKER_00"
        },
        {
          "word": "Labour",
          "start": 12.583,
          "end": 12.804,
          "score": 0.778,
          "speaker": "SPEAKER_00"
        },
        {
          "word": "Party,",
          "start": 12.844,
          "end": 13.124,
          "score": 0.986,
          "speaker": "SPEAKER_00"
        },
        {
          "word": "his",
          "start": 13.424,
          "end": 13.544,
          "score": 0.811,
          "speaker": "SPEAKER_00"
        },
        {
          "word": "unwillingness",
          "start": 13.624,
          "end": 14.205,
          "score": 0.846,
          "speaker": "SPEAKER_00"
        },
        {
          "word": "to",
          "start": 14.305,
          "end": 14.425,
          "score": 0.84,
          "speaker": "SPEAKER_00"
        },
        {
          "word": "protect",
          "start": 14.485,
          "end": 14.786,
          "score": 0.896,
          "speaker": "SPEAKER_00"
        },
        {
          "word": "them,",
          "start": 14.806,
          "end": 14.906,
          "score": 0.805,
          "speaker": "SPEAKER_00"
        },
        {
          "word": "to",
          "start": 14.926,
          "end": 14.986,
          "score": 0.745,
          "speaker": "SPEAKER_00"
        },
        {
          "word": "put",
          "start": 15.006,
          "end": 15.146,
          "score": 0.74,
          "speaker": "SPEAKER_00"
        },
        {
          "word": "an",
          "start": 15.166,
          "end": 15.226,
          "score": 0.8,
          "speaker": "SPEAKER_00"
        },
        {
          "word": "arm",
          "start": 15.346,
          "end": 15.487,
          "score": 0.931,
          "speaker": "SPEAKER_00"
        },
        {
          "word": "round",
          "start": 15.527,
          "end": 15.707,
          "score": 0.894,
          "speaker": "SPEAKER_00"
        },
        {
          "word": "them,",
          "start": 15.747,
          "end": 15.867,
          "score": 0.311,
          "speaker": "SPEAKER_00"
        },
        {
          "word": "is",
          "start": 16.207,
          "end": 16.308,
          "score": 0.859,
          "speaker": "SPEAKER_00"
        },
        {
          "word": "it,",
          "start": 16.368,
          "end": 16.448,
          "score": 0.871,
          "speaker": "SPEAKER_00"
        },
        {
          "word": "in",
          "start": 16.548,
          "end": 16.608,
          "score": 0.756,
          "speaker": "SPEAKER_00"
        },
        {
          "word": "my",
          "start": 16.628,
          "end": 16.748,
          "score": 0.968,
          "speaker": "SPEAKER_00"
        },
        {
          "word": "view,",
          "start": 16.788,
          "end": 16.928,
          "score": 0.772,
          "speaker": "SPEAKER_00"
        },
        {
          "word": "a",
          "start": 16.948,
          "end": 17.008,
          "score": 0.076,
          "speaker": "SPEAKER_00"
        },
        {
          "word": "failure",
          "start": 17.048,
          "end": 17.389,
          "score": 0.841,
          "speaker": "SPEAKER_00"
        },
        {
          "word": "of",
          "start": 17.669,
          "end": 17.749,
          "score": 0.7,
          "speaker": "SPEAKER_00"
        },
        {
          "word": "leadership.",
          "start": 17.789,
          "end": 18.17,
          "score": 0.898,
          "speaker": "SPEAKER_00"
        }
      ],
      "speaker": "SPEAKER_00"
    },
    {
      "start": 18.61,
      "end": 21.734,
      "text": " You cannot be neutral on questions like this.",
      "words": [
        {
          "word": "You",
          "start": 18.61,
          "end": 18.73,
          "score": 0.999,
          "speaker": "SPEAKER_00"
        },
        {
          "word": "cannot",
          "start": 18.85,
          "end": 19.211,
          "score": 0.852,
          "speaker": "SPEAKER_00"
        },
        {
          "word": "be",
          "start": 19.291,
          "end": 19.431,
          "score": 0.834,
          "speaker": "SPEAKER_00"
        },
        {
          "word": "neutral",
          "start": 19.571,
          "end": 20.052,
          "score": 0.934,
          "speaker": "SPEAKER_00"
        },
        {
          "word": "on",
          "start": 20.412,
          "end": 20.492,
          "score": 0.833,
          "speaker": "SPEAKER_00"
        },
        {
          "word": "questions",
          "start": 20.553,
          "end": 20.993,
          "score": 0.748,
          "speaker": "SPEAKER_00"
        },
        {
          "word": "like",
          "start": 21.313,
          "end": 21.494,
          "score": 0.917,
          "speaker": "SPEAKER_00"
        },
        {
          "word": "this.",
          "start": 21.554,
          "end": 21.734,
          "score": 0.936,
          "speaker": "SPEAKER_00"
        }
      ],
      "speaker": "SPEAKER_00"
    },
    {
      "start": 22.154,
      "end": 27.481,
      "text": "A failure of leadership is when you use racist remarks to describe people in different countries or in our society.",
      "words": [
        {
          "word": "A",
          "start": 22.154,
          "end": 22.215,
          "score": 0.596,
          "speaker": "SPEAKER_00"
        },
        {
          "word": "failure",
          "start": 22.235,
          "end": 22.595,
          "score": 0.713,
          "speaker": "SPEAKER_00"
        },
        {
          "word": "of",
          "start": 22.655,
          "end": 22.695,
          "score": 0.006,
          "speaker": "SPEAKER_00"
        },
        {
          "word": "leadership",
          "start": 22.735,
          "end": 23.196,
          "score": 0.891,
          "speaker": "SPEAKER_02"
        },
        {
          "word": "is",
          "start": 23.256,
          "end": 23.336,
          "score": 0.52,
          "speaker": "SPEAKER_02"
        },
        {
          "word": "when",
          "start": 23.376,
          "end": 23.496,
          "score": 0.996,
          "speaker": "SPEAKER_02"
        },
        {
          "word": "you",
          "start": 23.536,
          "end": 23.636,
          "score": 0.976,
          "speaker": "SPEAKER_02"
        },
        {
          "word": "use",
          "start": 23.756,
          "end": 23.897,
          "score": 0.866,
          "speaker": "SPEAKER_02"
        },
        {
          "word": "racist",
          "start": 23.957,
          "end": 24.277,
          "score": 0.732,
          "speaker": "SPEAKER_02"
        },
        {
          "word": "remarks",
          "start": 24.337,
          "end": 24.738,
          "score": 0.894,
          "speaker": "SPEAKER_02"
        },
        {
          "word": "to",
          "start": 24.758,
          "end": 24.858,
          "score": 0.816,
          "speaker": "SPEAKER_02"
        },
        {
          "word": "describe",
          "start": 24.898,
          "end": 25.318,
          "score": 0.809,
          "speaker": "SPEAKER_02"
        },
        {
          "word": "people",
          "start": 25.358,
          "end": 25.599,
          "score": 0.866,
          "speaker": "SPEAKER_02"
        },
        {
          "word": "in",
          "start": 25.619,
          "end": 25.699,
          "score": 0.695,
          "speaker": "SPEAKER_02"
        },
        {
          "word": "different",
          "start": 25.739,
          "end": 26.019,
          "score": 0.884,
          "speaker": "SPEAKER_02"
        },
        {
          "word": "countries",
          "start": 26.059,
          "end": 26.42,
          "score": 0.854,
          "speaker": "SPEAKER_02"
        },
        {
          "word": "or",
          "start": 26.5,
          "end": 26.58,
          "score": 0.896,
          "speaker": "SPEAKER_02"
        },
        {
          "word": "in",
          "start": 26.64,
          "end": 26.7,
          "score": 0.766,
          "speaker": "SPEAKER_02"
        },
        {
          "word": "our",
          "start": 26.76,
          "end": 26.88,
          "score": 0.807,
          "speaker": "SPEAKER_02"
        },
        {
          "word": "society.",
          "start": 26.92,
          "end": 27.481,
          "score": 0.822,
          "speaker": "SPEAKER_02"
        }
      ],
      "speaker": "SPEAKER_02"
    },
    {
      "start": 27.861,
      "end": 30.344,
      "text": "I will never do that and my party will never do that.",
      "words": [
        {
          "word": "I",
          "start": 27.861,
          "end": 27.901,
          "score": 1.0,
          "speaker": "SPEAKER_02"
        },
        {
          "word": "will",
          "start": 27.941,
          "end": 28.102,
          "score": 0.853,
          "speaker": "SPEAKER_02"
        },
        {
          "word": "never",
          "start": 28.162,
          "end": 28.322,
          "score": 0.98,
          "speaker": "SPEAKER_02"
        },
        {
          "word": "do",
          "start": 28.362,
          "end": 28.482,
          "score": 0.997,
          "speaker": "SPEAKER_02"
        },
        {
          "word": "that",
          "start": 28.542,
          "end": 28.682,
          "score": 0.938,
          "speaker": "SPEAKER_02"
        },
        {
          "word": "and",
          "start": 28.702,
          "end": 28.762,
          "score": 0.002,
          "speaker": "SPEAKER_02"
        },
        {
          "word": "my",
          "start": 28.783,
          "end": 28.923,
          "score": 0.68,
          "speaker": "SPEAKER_02"
        },
        {
          "word": "party",
          "start": 28.983,
          "end": 29.383,
          "score": 0.705,
          "speaker": "SPEAKER_02"
        },
        {
          "word": "will",
          "start": 29.583,
          "end": 29.724,
          "score": 0.268,
          "speaker": "SPEAKER_02"
        },
        {
          "word": "never",
          "start": 29.764,
          "end": 29.984,
          "score": 0.813,
          "speaker": "SPEAKER_02"
        },
        {
          "word": "do",
          "start": 30.004,
          "end": 30.144,
          "score": 0.8,
          "speaker": "SPEAKER_02"
        },
        {
          "word": "that.",
          "start": 30.184,
          "end": 30.344,
          "score": 0.74,
          "speaker": "SPEAKER_02"
        }
      ],
      "speaker": "SPEAKER_02"
    },
    {
      "start": 31.085,
      "end": 38.054,
      "text": "I hope the Prime Minister understands the hurt that people feel when they hear remarks and articles that he's written in the past.",
      "words": [
        {
          "word": "I",
          "start": 31.085,
          "end": 31.165,
          "score": 0.508,
          "speaker": "SPEAKER_02"
        },
        {
          "word": "hope",
          "start": 31.225,
          "end": 31.406,
          "score": 0.871,
          "speaker": "SPEAKER_02"
        },
        {
          "word": "the",
          "start": 31.466,
          "end": 31.566,
          "score": 0.838,
          "speaker": "SPEAKER_02"
        },
        {
          "word": "Prime",
          "start": 31.606,
          "end": 31.826,
          "score": 0.886,
          "speaker": "SPEAKER_02"
        },
        {
          "word": "Minister",
          "start": 31.846,
          "end": 32.207,
          "score": 0.861,
          "speaker": "SPEAKER_02"
        },
        {
          "word": "understands",
          "start": 32.327,
          "end": 32.968,
          "score": 0.804,
          "speaker": "SPEAKER_02"
        },
        {
          "word": "the",
          "start": 33.288,
          "end": 33.408,
          "score": 0.773,
          "speaker": "SPEAKER_02"
        },
        {
          "word": "hurt",
          "start": 33.448,
          "end": 33.688,
          "score": 0.777,
          "speaker": "SPEAKER_02"
        },
        {
          "word": "that",
          "start": 33.729,
          "end": 33.869,
          "score": 0.822,
          "speaker": "SPEAKER_02"
        },
        {
          "word": "people",
          "start": 33.929,
          "end": 34.249,
          "score": 0.679,
          "speaker": "SPEAKER_02"
        },
        {
          "word": "feel",
          "start": 34.329,
          "end": 34.63,
          "score": 0.826,
          "speaker": "SPEAKER_02"
        },
        {
          "word": "when",
          "start": 34.93,
          "end": 35.03,
          "score": 1.0,
          "speaker": "SPEAKER_02"
        },
        {
          "word": "they",
          "start": 35.07,
          "end": 35.17,
          "score": 0.931,
          "speaker": "SPEAKER_02"
        },
        {
          "word": "hear",
          "start": 35.21,
          "end": 35.391,
          "score": 0.76,
          "speaker": "SPEAKER_02"
        },
        {
          "word": "remarks",
          "start": 35.471,
          "end": 35.891,
          "score": 0.932,
          "speaker": "SPEAKER_02"
        },
        {
          "word": "and",
          "start": 35.931,
          "end": 36.031,
          "score": 0.763,
          "speaker": "SPEAKER_02"
        },
        {
          "word": "articles",
          "start": 36.091,
          "end": 36.432,
          "score": 0.879,
          "speaker": "SPEAKER_02"
        },
        {
          "word": "that",
          "start": 36.452,
          "end": 36.572,
          "score": 0.836,
          "speaker": "SPEAKER_02"
        },
        {
          "word": "he's",
          "start": 36.612,
          "end": 36.772,
          "score": 0.586,
          "speaker": "SPEAKER_02"
        },
        {
          "word": "written",
          "start": 36.812,
          "end": 37.073,
          "score": 0.861,
          "speaker": "SPEAKER_02"
        },
        {
          "word": "in",
          "start": 37.393,
          "end": 37.493,
          "score": 0.76,
          "speaker": "SPEAKER_02"
        },
        {
          "word": "the",
          "start": 37.533,
          "end": 37.653,
          "score": 0.721,
          "speaker": "SPEAKER_02"
        },
        {
          "word": "past.",
          "start": 37.693,
          "end": 38.054,
          "score": 0.949,
          "speaker": "SPEAKER_02"
        }
      ],
      "speaker": "SPEAKER_02"
    },
    {
      "start": 38.514,
      "end": 51.862,
      "text": " I hope he will regret those and I hope he will understand the importance of all of us using respectful language of all faiths, all religions and all languages in what is a multicultural society which I'm proud to live in.",
      "words": [
        {
          "word": "I",
          "start": 38.514,
          "end": 38.594,
          "score": 0.67,
          "speaker": "SPEAKER_02"
        },
        {
          "word": "hope",
          "start": 38.654,
          "end": 38.854,
          "score": 0.827,
          "speaker": "SPEAKER_02"
        },
        {
          "word": "he",
          "start": 39.355,
          "end": 39.455,
          "score": 0.806,
          "speaker": "SPEAKER_02"
        },
        {
          "word": "will",
          "start": 39.495,
          "end": 39.655,
          "score": 0.885,
          "speaker": "SPEAKER_02"
        },
        {
          "word": "regret",
          "start": 39.695,
          "end": 40.055,
          "score": 0.773,
          "speaker": "SPEAKER_02"
        },
        {
          "word": "those",
          "start": 40.135,
          "end": 40.435,
          "score": 0.786,
          "speaker": "SPEAKER_02"
        },
        {
          "word": "and",
          "start": 40.595,
          "end": 40.695,
          "score": 0.792,
          "speaker": "SPEAKER_02"
        },
        {
          "word": "I",
          "start": 40.735,
          "end": 40.795,
          "score": 0.667,
          "speaker": "SPEAKER_02"
        },
        {
          "word": "hope",
          "start": 40.835,
          "end": 41.016,
          "score": 0.822,
          "speaker": "SPEAKER_02"
        },
        {
          "word": "he",
          "start": 41.456,
          "end": 41.556,
          "score": 0.913,
          "speaker": "SPEAKER_02"
        },
        {
          "word": "will",
          "start": 41.576,
          "end": 41.756,
          "score": 0.756,
          "speaker": "SPEAKER_02"
        },
        {
          "word": "understand",
          "start": 41.776,
          "end": 42.196,
          "score": 0.763,
          "speaker": "SPEAKER_02"
        },
        {
          "word": "the",
          "start": 42.236,
          "end": 42.316,
          "score": 0.833,
          "speaker": "SPEAKER_02"
        },
        {
          "word": "importance",
          "start": 42.356,
          "end": 42.757,
          "score": 0.934,
          "speaker": "SPEAKER_02"
        },
        {
          "word": "of",
          "start": 42.797,
          "end": 42.857,
          "score": 0.752,
          "speaker": "SPEAKER_02"
        },
        {
          "word": "all",
          "start": 43.057,
          "end": 43.237,
          "score": 0.548,
          "speaker": "SPEAKER_02"
        },
        {
          "word": "of",
          "start": 43.257,
          "end": 43.317,
          "score": 0.737,
          "speaker": "SPEAKER_02"
        },
        {
          "word": "us",
          "start": 43.417,
          "end": 43.497,
          "score": 0.556,
          "speaker": "SPEAKER_02"
        },
        {
          "word": "using",
          "start": 43.897,
          "end": 44.137,
          "score": 0.822,
          "speaker": "SPEAKER_02"
        },
        {
          "word": "respectful",
          "start": 44.177,
          "end": 44.858,
          "score": 0.866,
          "speaker": "SPEAKER_02"
        },
        {
          "word": "language",
          "start": 44.918,
          "end": 45.338,
          "score": 0.853,
          "speaker": "SPEAKER_02"
        },
        {
          "word": "of",
          "start": 45.638,
          "end": 45.718,
          "score": 0.833,
          "speaker": "SPEAKER_02"
        },
        {
          "word": "all",
          "start": 45.878,
          "end": 46.038,
          "score": 0.868,
          "speaker": "SPEAKER_02"
        },
        {
          "word": "faiths,",
          "start": 46.119,
          "end": 46.439,
          "score": 0.89,
          "speaker": "SPEAKER_02"
        },
        {
          "word": "all",
          "start": 46.819,
          "end": 46.959,
          "score": 0.666,
          "speaker": "SPEAKER_02"
        },
        {
          "word": "religions",
          "start": 46.999,
          "end": 47.439,
          "score": 0.893,
          "speaker": "SPEAKER_02"
        },
        {
          "word": "and",
          "start": 47.579,
          "end": 47.659,
          "score": 0.885,
          "speaker": "SPEAKER_02"
        },
        {
          "word": "all",
          "start": 47.739,
          "end": 47.86,
          "score": 0.863,
          "speaker": "SPEAKER_02"
        },
        {
          "word": "languages",
          "start": 47.9,
          "end": 48.3,
          "score": 0.757,
          "speaker": "SPEAKER_02"
        },
        {
          "word": "in",
          "start": 48.56,
          "end": 48.74,
          "score": 0.456,
          "speaker": "SPEAKER_01"
        },
        {
          "word": "what",
          "start": 48.78,
          "end": 48.96,
          "score": 0.595,
          "speaker": "SPEAKER_01"
        },
        {
          "word": "is",
          "start": 49.06,
          "end": 49.16,
          "score": 0.68,
          "speaker": "SPEAKER_01"
        },
        {
          "word": "a",
          "start": 49.44,
          "end": 49.5,
          "score": 0.664,
          "speaker": "SPEAKER_02"
        },
        {
          "word": "multicultural",
          "start": 49.541,
          "end": 50.221,
          "score": 0.911,
          "speaker": "SPEAKER_02"
        },
        {
          "word": "society",
          "start": 50.241,
          "end": 50.741,
          "score": 0.862,
          "speaker": "SPEAKER_02"
        },
        {
          "word": "which",
          "start": 50.941,
          "end": 51.061,
          "score": 0.953,
          "speaker": "SPEAKER_02"
        },
        {
          "word": "I'm",
          "start": 51.121,
          "end": 51.261,
          "score": 0.451,
          "speaker": "SPEAKER_02"
        },
        {
          "word": "proud",
          "start": 51.282,
          "end": 51.522,
          "score": 0.911,
          "speaker": "SPEAKER_02"
        },
        {
          "word": "to",
          "start": 51.542,
          "end": 51.622,
          "score": 0.966,
          "speaker": "SPEAKER_02"
        },
        {
          "word": "live",
          "start": 51.662,
          "end": 51.802,
          "score": 0.504,
          "speaker": "SPEAKER_02"
        },
        {
          "word": "in.",
          "start": 51.822,
          "end": 51.862,
          "score": 0.107,
          "speaker": "SPEAKER_02"
        }
      ],
      "speaker": "SPEAKER_02"
    }
  ],
  "word_segments": [
    {
      "word": "Mr",
      "start": 0.349,
      "end": 0.53,
      "score": 0.672,
      "speaker": "SPEAKER_00"
    },
    {
      "word": "Corbyn,",
      "start": 0.55,
      "end": 0.71,
      "score": 0.373,
      "speaker": "SPEAKER_00"
    },
    {
      "word": "I'm",
      "start": 0.73,
      "end": 0.81,
      "score": 0.155,
      "speaker": "SPEAKER_00"
    },
    {
      "word": "sure,",
      "start": 0.83,
      "end": 1.27,
      "score": 0.492,
      "speaker": "SPEAKER_00"
    },
    {
      "word": "is",
      "start": 1.471,
      "end": 1.551,
      "score": 0.744,
      "speaker": "SPEAKER_00"
    },
    {
      "word": "very",
      "start": 1.571,
      "end": 1.731,
      "score": 0.799,
      "speaker": "SPEAKER_00"
    },
    {
      "word": "well-intentioned.",
      "start": 1.751,
      "end": 2.392,
      "score": 0.934,
      "speaker": "SPEAKER_00"
    },
    {
      "word": "But",
      "start": 2.772,
      "end": 2.872,
      "score": 0.941,
      "speaker": "SPEAKER_00"
    },
    {
      "word": "I",
      "start": 2.912,
      "end": 2.972,
      "score": 0.81,
      "speaker": "SPEAKER_00"
    },
    {
      "word": "think",
      "start": 3.012,
      "end": 3.153,
      "score": 0.996,
      "speaker": "SPEAKER_00"
    },
    {
      "word": "in",
      "start": 3.293,
      "end": 3.373,
      "score": 0.568,
      "speaker": "SPEAKER_00"
    },
    {
      "word": "his",
      "start": 3.413,
      "end": 3.573,
      "score": 0.865,
      "speaker": "SPEAKER_00"
    },
    {
      "word": "handling",
      "start": 3.633,
      "end": 3.994,
      "score": 0.845,
      "speaker": "SPEAKER_00"
    },
    {
      "word": "of",
      "start": 4.014,
      "end": 4.054,
      "score": 0.998,
      "speaker": "SPEAKER_00"
    },
    {
      "word": "this",
      "start": 4.094,
      "end": 4.234,
      "score": 0.837,
      "speaker": "SPEAKER_00"
    },
    {
      "word": "particular",
      "start": 4.294,
      "end": 4.754,
      "score": 0.927,
      "speaker": "SPEAKER_00"
    },
    {
      "word": "issue,",
      "start": 4.834,
      "end": 5.115,
      "score": 0.937,
      "speaker": "SPEAKER_00"
    },
    {
      "word": "his",
      "start": 5.695,
      "end": 5.916,
      "score": 0.788,
      "speaker": "SPEAKER_00"
    },
    {
      "word": "unwillingness",
      "start": 6.777,
      "end": 7.437,
      "score": 0.865,
      "speaker": "SPEAKER_00"
    },
    {
      "word": "to",
      "start": 7.778,
      "end": 7.858,
      "score": 0.998,
      "speaker": "SPEAKER_00"
    },
    {
      "word": "take",
      "start": 7.898,
      "end": 8.078,
      "score": 0.859,
      "speaker": "SPEAKER_00"
    },
    {
      "word": "a",
      "start": 8.138,
      "end": 8.178,
      "score": 0.584,
      "speaker": "SPEAKER_00"
    },
    {
      "word": "stand,",
      "start": 8.218,
      "end": 8.659,
      "score": 0.86,
      "speaker": "SPEAKER_00"
    },
    {
      "word": "to",
      "start": 9.3,
      "end": 9.38,
      "score": 0.989,
      "speaker": "SPEAKER_00"
    },
    {
      "word": "stand",
      "start": 9.44,
      "end": 9.8,
      "score": 0.764,
      "speaker": "SPEAKER_00"
    },
    {
      "word": "up",
      "start": 9.96,
      "end": 10.04,
      "score": 0.786,
      "speaker": "SPEAKER_00"
    },
    {
      "word": "for",
      "start": 11.562,
      "end": 11.702,
      "score": 0.942,
      "speaker": "SPEAKER_00"
    },
    {
      "word": "Jewish",
      "start": 11.762,
      "end": 12.043,
      "score": 0.908,
      "speaker": "SPEAKER_00"
    },
    {
      "word": "people",
      "start": 12.083,
      "end": 12.343,
      "score": 0.959,
      "speaker": "SPEAKER_00"
    },
    {
      "word": "in",
      "start": 12.383,
      "end": 12.443,
      "score": 0.888,
      "speaker": "SPEAKER_00"
    },
    {
      "word": "the",
      "start": 12.483,
      "end": 12.543,
      "score": 0.998,
      "speaker": "SPEAKER_00"
    },
    {
      "word": "Labour",
      "start": 12.583,
      "end": 12.804,
      "score": 0.778,
      "speaker": "SPEAKER_00"
    },
    {
      "word": "Party,",
      "start": 12.844,
      "end": 13.124,
      "score": 0.986,
      "speaker": "SPEAKER_00"
    },
    {
      "word": "his",
      "start": 13.424,
      "end": 13.544,
      "score": 0.811,
      "speaker": "SPEAKER_00"
    },
    {
      "word": "unwillingness",
      "start": 13.624,
      "end": 14.205,
      "score": 0.846,
      "speaker": "SPEAKER_00"
    },
    {
      "word": "to",
      "start": 14.305,
      "end": 14.425,
      "score": 0.84,
      "speaker": "SPEAKER_00"
    },
    {
      "word": "protect",
      "start": 14.485,
      "end": 14.786,
      "score": 0.896,
      "speaker": "SPEAKER_00"
    },
    {
      "word": "them,",
      "start": 14.806,
      "end": 14.906,
      "score": 0.805,
      "speaker": "SPEAKER_00"
    },
    {
      "word": "to",
      "start": 14.926,
      "end": 14.986,
      "score": 0.745,
      "speaker": "SPEAKER_00"
    },
    {
      "word": "put",
      "start": 15.006,
      "end": 15.146,
      "score": 0.74,
      "speaker": "SPEAKER_00"
    },
    {
      "word": "an",
      "start": 15.166,
      "end": 15.226,
      "score": 0.8,
      "speaker": "SPEAKER_00"
    },
    {
      "word": "arm",
      "start": 15.346,
      "end": 15.487,
      "score": 0.931,
      "speaker": "SPEAKER_00"
    },
    {
      "word": "round",
      "start": 15.527,
      "end": 15.707,
      "score": 0.894,
      "speaker": "SPEAKER_00"
    },
    {
      "word": "them,",
      "start": 15.747,
      "end": 15.867,
      "score": 0.311,
      "speaker": "SPEAKER_00"
    },
    {
      "word": "is",
      "start": 16.207,
      "end": 16.308,
      "score": 0.859,
      "speaker": "SPEAKER_00"
    },
    {
      "word": "it,",
      "start": 16.368,
      "end": 16.448,
      "score": 0.871,
      "speaker": "SPEAKER_00"
    },
    {
      "word": "in",
      "start": 16.548,
      "end": 16.608,
      "score": 0.756,
      "speaker": "SPEAKER_00"
    },
    {
      "word": "my",
      "start": 16.628,
      "end": 16.748,
      "score": 0.968,
      "speaker": "SPEAKER_00"
    },
    {
      "word": "view,",
      "start": 16.788,
      "end": 16.928,
      "score": 0.772,
      "speaker": "SPEAKER_00"
    },
    {
      "word": "a",
      "start": 16.948,
      "end": 17.008,
      "score": 0.076,
      "speaker": "SPEAKER_00"
    },
    {
      "word": "failure",
      "start": 17.048,
      "end": 17.389,
      "score": 0.841,
      "speaker": "SPEAKER_00"
    },
    {
      "word": "of",
      "start": 17.669,
      "end": 17.749,
      "score": 0.7,
      "speaker": "SPEAKER_00"
    },
    {
      "word": "leadership.",
      "start": 17.789,
      "end": 18.17,
      "score": 0.898,
      "speaker": "SPEAKER_00"
    },
    {
      "word": "You",
      "start": 18.61,
      "end": 18.73,
      "score": 0.999,
      "speaker": "SPEAKER_00"
    },
    {
      "word": "cannot",
      "start": 18.85,
      "end": 19.211,
      "score": 0.852,
      "speaker": "SPEAKER_00"
    },
    {
      "word": "be",
      "start": 19.291,
      "end": 19.431,
      "score": 0.834,
      "speaker": "SPEAKER_00"
    },
    {
      "word": "neutral",
      "start": 19.571,
      "end": 20.052,
      "score": 0.934,
      "speaker": "SPEAKER_00"
    },
    {
      "word": "on",
      "start": 20.412,
      "end": 20.492,
      "score": 0.833,
      "speaker": "SPEAKER_00"
    },
    {
      "word": "questions",
      "start": 20.553,
      "end": 20.993,
      "score": 0.748,
      "speaker": "SPEAKER_00"
    },
    {
      "word": "like",
      "start": 21.313,
      "end": 21.494,
      "score": 0.917,
      "speaker": "SPEAKER_00"
    },
    {
      "word": "this.",
      "start": 21.554,
      "end": 21.734,
      "score": 0.936,
      "speaker": "SPEAKER_00"
    },
    {
      "word": "A",
      "start": 22.154,
      "end": 22.215,
      "score": 0.596,
      "speaker": "SPEAKER_00"
    },
    {
      "word": "failure",
      "start": 22.235,
      "end": 22.595,
      "score": 0.713,
      "speaker": "SPEAKER_00"
    },
    {
      "word": "of",
      "start": 22.655,
      "end": 22.695,
      "score": 0.006,
      "speaker": "SPEAKER_00"
    },
    {
      "word": "leadership",
      "start": 22.735,
      "end": 23.196,
      "score": 0.891,
      "speaker": "SPEAKER_02"
    },
    {
      "word": "is",
      "start": 23.256,
      "end": 23.336,
      "score": 0.52,
      "speaker": "SPEAKER_02"
    },
    {
      "word": "when",
      "start": 23.376,
      "end": 23.496,
      "score": 0.996,
      "speaker": "SPEAKER_02"
    },
    {
      "word": "you",
      "start": 23.536,
      "end": 23.636,
      "score": 0.976,
      "speaker": "SPEAKER_02"
    },
    {
      "word": "use",
      "start": 23.756,
      "end": 23.897,
      "score": 0.866,
      "speaker": "SPEAKER_02"
    },
    {
      "word": "racist",
      "start": 23.957,
      "end": 24.277,
      "score": 0.732,
      "speaker": "SPEAKER_02"
    },
    {
      "word": "remarks",
      "start": 24.337,
      "end": 24.738,
      "score": 0.894,
      "speaker": "SPEAKER_02"
    },
    {
      "word": "to",
      "start": 24.758,
      "end": 24.858,
      "score": 0.816,
      "speaker": "SPEAKER_02"
    },
    {
      "word": "describe",
      "start": 24.898,
      "end": 25.318,
      "score": 0.809,
      "speaker": "SPEAKER_02"
    },
    {
      "word": "people",
      "start": 25.358,
      "end": 25.599,
      "score": 0.866,
      "speaker": "SPEAKER_02"
    },
    {
      "word": "in",
      "start": 25.619,
      "end": 25.699,
      "score": 0.695,
      "speaker": "SPEAKER_02"
    },
    {
      "word": "different",
      "start": 25.739,
      "end": 26.019,
      "score": 0.884,
      "speaker": "SPEAKER_02"
    },
    {
      "word": "countries",
      "start": 26.059,
      "end": 26.42,
      "score": 0.854,
      "speaker": "SPEAKER_02"
    },
    {
      "word": "or",
      "start": 26.5,
      "end": 26.58,
      "score": 0.896,
      "speaker": "SPEAKER_02"
    },
    {
      "word": "in",
      "start": 26.64,
      "end": 26.7,
      "score": 0.766,
      "speaker": "SPEAKER_02"
    },
    {
      "word": "our",
      "start": 26.76,
      "end": 26.88,
      "score": 0.807,
      "speaker": "SPEAKER_02"
    },
    {
      "word": "society.",
      "start": 26.92,
      "end": 27.481,
      "score": 0.822,
      "speaker": "SPEAKER_02"
    },
    {
      "word": "I",
      "start": 27.861,
      "end": 27.901,
      "score": 1.0,
      "speaker": "SPEAKER_02"
    },
    {
      "word": "will",
      "start": 27.941,
      "end": 28.102,
      "score": 0.853,
      "speaker": "SPEAKER_02"
    },
    {
      "word": "never",
      "start": 28.162,
      "end": 28.322,
      "score": 0.98,
      "speaker": "SPEAKER_02"
    },
    {
      "word": "do",
      "start": 28.362,
      "end": 28.482,
      "score": 0.997,
      "speaker": "SPEAKER_02"
    },
    {
      "word": "that",
      "start": 28.542,
      "end": 28.682,
      "score": 0.938,
      "speaker": "SPEAKER_02"
    },
    {
      "word": "and",
      "start": 28.702,
      "end": 28.762,
      "score": 0.002,
      "speaker": "SPEAKER_02"
    },
    {
      "word": "my",
      "start": 28.783,
      "end": 28.923,
      "score": 0.68,
      "speaker": "SPEAKER_02"
    },
    {
      "word": "party",
      "start": 28.983,
      "end": 29.383,
      "score": 0.705,
      "speaker": "SPEAKER_02"
    },
    {
      "word": "will",
      "start": 29.583,
      "end": 29.724,
      "score": 0.268,
      "speaker": "SPEAKER_02"
    },
    {
      "word": "never",
      "start": 29.764,
      "end": 29.984,
      "score": 0.813,
      "speaker": "SPEAKER_02"
    },
    {
      "word": "do",
      "start": 30.004,
      "end": 30.144,
      "score": 0.8,
      "speaker": "SPEAKER_02"
    },
    {
      "word": "that.",
      "start": 30.184,
      "end": 30.344,
      "score": 0.74,
      "speaker": "SPEAKER_02"
    },
    {
      "word": "I",
      "start": 31.085,
      "end": 31.165,
      "score": 0.508,
      "speaker": "SPEAKER_02"
    },
    {
      "word": "hope",
      "start": 31.225,
      "end": 31.406,
      "score": 0.871,
      "speaker": "SPEAKER_02"
    },
    {
      "word": "the",
      "start": 31.466,
      "end": 31.566,
      "score": 0.838,
      "speaker": "SPEAKER_02"
    },
    {
      "word": "Prime",
      "start": 31.606,
      "end": 31.826,
      "score": 0.886,
      "speaker": "SPEAKER_02"
    },
    {
      "word": "Minister",
      "start": 31.846,
      "end": 32.207,
      "score": 0.861,
      "speaker": "SPEAKER_02"
    },
    {
      "word": "understands",
      "start": 32.327,
      "end": 32.968,
      "score": 0.804,
      "speaker": "SPEAKER_02"
    },
    {
      "word": "the",
      "start": 33.288,
      "end": 33.408,
      "score": 0.773,
      "speaker": "SPEAKER_02"
    },
    {
      "word": "hurt",
      "start": 33.448,
      "end": 33.688,
      "score": 0.777,
      "speaker": "SPEAKER_02"
    },
    {
      "word": "that",
      "start": 33.729,
      "end": 33.869,
      "score": 0.822,
      "speaker": "SPEAKER_02"
    },
    {
      "word": "people",
      "start": 33.929,
      "end": 34.249,
      "score": 0.679,
      "speaker": "SPEAKER_02"
    },
    {
      "word": "feel",
      "start": 34.329,
      "end": 34.63,
      "score": 0.826,
      "speaker": "SPEAKER_02"
    },
    {
      "word": "when",
      "start": 34.93,
      "end": 35.03,
      "score": 1.0,
      "speaker": "SPEAKER_02"
    },
    {
      "word": "they",
      "start": 35.07,
      "end": 35.17,
      "score": 0.931,
      "speaker": "SPEAKER_02"
    },
    {
      "word": "hear",
      "start": 35.21,
      "end": 35.391,
      "score": 0.76,
      "speaker": "SPEAKER_02"
    },
    {
      "word": "remarks",
      "start": 35.471,
      "end": 35.891,
      "score": 0.932,
      "speaker": "SPEAKER_02"
    },
    {
      "word": "and",
      "start": 35.931,
      "end": 36.031,
      "score": 0.763,
      "speaker": "SPEAKER_02"
    },
    {
      "word": "articles",
      "start": 36.091,
      "end": 36.432,
      "score": 0.879,
      "speaker": "SPEAKER_02"
    },
    {
      "word": "that",
      "start": 36.452,
      "end": 36.572,
      "score": 0.836,
      "speaker": "SPEAKER_02"
    },
    {
      "word": "he's",
      "start": 36.612,
      "end": 36.772,
      "score": 0.586,
      "speaker": "SPEAKER_02"
    },
    {
      "word": "written",
      "start": 36.812,
      "end": 37.073,
      "score": 0.861,
      "speaker": "SPEAKER_02"
    },
    {
      "word": "in",
      "start": 37.393,
      "end": 37.493,
      "score": 0.76,
      "speaker": "SPEAKER_02"
    },
    {
      "word": "the",
      "start": 37.533,
      "end": 37.653,
      "score": 0.721,
      "speaker": "SPEAKER_02"
    },
    {
      "word": "past.",
      "start": 37.693,
      "end": 38.054,
      "score": 0.949,
      "speaker": "SPEAKER_02"
    },
    {
      "word": "I",
      "start": 38.514,
      "end": 38.594,
      "score": 0.67,
      "speaker": "SPEAKER_02"
    },
    {
      "word": "hope",
      "start": 38.654,
      "end": 38.854,
      "score": 0.827,
      "speaker": "SPEAKER_02"
    },
    {
      "word": "he",
      "start": 39.355,
      "end": 39.455,
      "score": 0.806,
      "speaker": "SPEAKER_02"
    },
    {
      "word": "will",
      "start": 39.495,
      "end": 39.655,
      "score": 0.885,
      "speaker": "SPEAKER_02"
    },
    {
      "word": "regret",
      "start": 39.695,
      "end": 40.055,
      "score": 0.773,
      "speaker": "SPEAKER_02"
    },
    {
      "word": "those",
      "start": 40.135,
      "end": 40.435,
      "score": 0.786,
      "speaker": "SPEAKER_02"
    },
    {
      "word": "and",
      "start": 40.595,
      "end": 40.695,
      "score": 0.792,
      "speaker": "SPEAKER_02"
    },
    {
      "word": "I",
      "start": 40.735,
      "end": 40.795,
      "score": 0.667,
      "speaker": "SPEAKER_02"
    },
    {
      "word": "hope",
      "start": 40.835,
      "end": 41.016,
      "score": 0.822,
      "speaker": "SPEAKER_02"
    },
    {
      "word": "he",
      "start": 41.456,
      "end": 41.556,
      "score": 0.913,
      "speaker": "SPEAKER_02"
    },
    {
      "word": "will",
      "start": 41.576,
      "end": 41.756,
      "score": 0.756,
      "speaker": "SPEAKER_02"
    },
    {
      "word": "understand",
      "start": 41.776,
      "end": 42.196,
      "score": 0.763,
      "speaker": "SPEAKER_02"
    },
    {
      "word": "the",
      "start": 42.236,
      "end": 42.316,
      "score": 0.833,
      "speaker": "SPEAKER_02"
    },
    {
      "word": "importance",
      "start": 42.356,
      "end": 42.757,
      "score": 0.934,
      "speaker": "SPEAKER_02"
    },
    {
      "word": "of",
      "start": 42.797,
      "end": 42.857,
      "score": 0.752,
      "speaker": "SPEAKER_02"
    },
    {
      "word": "all",
      "start": 43.057,
      "end": 43.237,
      "score": 0.548,
      "speaker": "SPEAKER_02"
    },
    {
      "word": "of",
      "start": 43.257,
      "end": 43.317,
      "score": 0.737,
      "speaker": "SPEAKER_02"
    },
    {
      "word": "us",
      "start": 43.417,
      "end": 43.497,
      "score": 0.556,
      "speaker": "SPEAKER_02"
    },
    {
      "word": "using",
      "start": 43.897,
      "end": 44.137,
      "score": 0.822,
      "speaker": "SPEAKER_02"
    },
    {
      "word": "respectful",
      "start": 44.177,
      "end": 44.858,
      "score": 0.866,
      "speaker": "SPEAKER_02"
    },
    {
      "word": "language",
      "start": 44.918,
      "end": 45.338,
      "score": 0.853,
      "speaker": "SPEAKER_02"
    },
    {
      "word": "of",
      "start": 45.638,
      "end": 45.718,
      "score": 0.833,
      "speaker": "SPEAKER_02"
    },
    {
      "word": "all",
      "start": 45.878,
      "end": 46.038,
      "score": 0.868,
      "speaker": "SPEAKER_02"
    },
    {
      "word": "faiths,",
      "start": 46.119,
      "end": 46.439,
      "score": 0.89,
      "speaker": "SPEAKER_02"
    },
    {
      "word": "all",
      "start": 46.819,
      "end": 46.959,
      "score": 0.666,
      "speaker": "SPEAKER_02"
    },
    {
      "word": "religions",
      "start": 46.999,
      "end": 47.439,
      "score": 0.893,
      "speaker": "SPEAKER_02"
    },
    {
      "word": "and",
      "start": 47.579,
      "end": 47.659,
      "score": 0.885,
      "speaker": "SPEAKER_02"
    },
    {
      "word": "all",
      "start": 47.739,
      "end": 47.86,
      "score": 0.863,
      "speaker": "SPEAKER_02"
    },
    {
      "word": "languages",
      "start": 47.9,
      "end": 48.3,
      "score": 0.757,
      "speaker": "SPEAKER_02"
    },
    {
      "word": "in",
      "start": 48.56,
      "end": 48.74,
      "score": 0.456,
      "speaker": "SPEAKER_01"
    },
    {
      "word": "what",
      "start": 48.78,
      "end": 48.96,
      "score": 0.595,
      "speaker": "SPEAKER_01"
    },
    {
      "word": "is",
      "start": 49.06,
      "end": 49.16,
      "score": 0.68,
      "speaker": "SPEAKER_01"
    },
    {
      "word": "a",
      "start": 49.44,
      "end": 49.5,
      "score": 0.664,
      "speaker": "SPEAKER_02"
    },
    {
      "word": "multicultural",
      "start": 49.541,
      "end": 50.221,
      "score": 0.911,
      "speaker": "SPEAKER_02"
    },
    {
      "word": "society",
      "start": 50.241,
      "end": 50.741,
      "score": 0.862,
      "speaker": "SPEAKER_02"
    },
    {
      "word": "which",
      "start": 50.941,
      "end": 51.061,
      "score": 0.953,
      "speaker": "SPEAKER_02"
    },
    {
      "word": "I'm",
      "start": 51.121,
      "end": 51.261,
      "score": 0.451,
      "speaker": "SPEAKER_02"
    },
    {
      "word": "proud",
      "start": 51.282,
      "end": 51.522,
      "score": 0.911,
      "speaker": "SPEAKER_02"
    },
    {
      "word": "to",
      "start": 51.542,
      "end": 51.622,
      "score": 0.966,
      "speaker": "SPEAKER_02"
    },
    {
      "word": "live",
      "start": 51.662,
      "end": 51.802,
      "score": 0.504,
      "speaker": "SPEAKER_02"
    },
    {
      "word": "in.",
      "start": 51.822,
      "end": 51.862,
      "score": 0.107,
      "speaker": "SPEAKER_02"
    }
  ],
  "language": "en"
}