{
  "segments": [
    {
      "start": 0.129,
      "end": 5.072,
      "text": " He didn't say, you look hot or anything inappropriate.",
      "words": [
        {
          "word": "He",
          "start": 0.129,
          "end": 0.209,
          "score": 0.994,
          "speaker": "SPEAKER_01"
        },
        {
          "word": "didn't",
          "start": 0.249,
          "end": 0.489,
          "score": 0.735,
          "speaker": "SPEAKER_01"
        },
        {
          "word": "say,",
          "start": 0.97,
          "end": 1.37,
          "score": 0.798,
          "speaker": "SPEAKER_01"
        },
        {
          "word": "you",
          "start": 1.51,
          "end": 1.71,
          "score": 0.831,
          "speaker": "SPEAKER_01"
        },
        {
          "word": "look",
          "start": 1.75,
          "end": 1.97,
          "score": 0.966,
          "speaker": "SPEAKER_01"
        },
        {
          "word": "hot",
          "start": 2.09,
          "end": 2.57,
          "score": 0.83,
          "speaker": "SPEAKER_01"
        },
        {
          "word": "or",
          "start": 3.171,
          "end": 3.291,
          "score": 0.472,
          "speaker": "SPEAKER_01"
        },
        {
          "word": "anything",
          "start": 3.471,
          "end": 4.031,
          "score": 0.835,
          "speaker": "SPEAKER_01"
        },
        {
          "word": "inappropriate.",
          "start": 4.371,
          "end": 5.072,
          "score": 0.605,
          "speaker": "SPEAKER_01"
        }
      ],
      "speaker": "SPEAKER_01"
    },
    {
      "start": 5.752,
      "end": 13.096,
      "text": "At some point, like the speech police, you literally can't compliment somebody on that summary blouse, Don.",
      "words": [
        {
          "word": "At",
          "start": 5.752,
          "end": 5.832,
          "score": 0.97,
          "speaker": "SPEAKER_01"
        },
        {
          "word": "some",
          "start": 5.892,
          "end": 6.092,
          "score": 0.708,
          "speaker": "SPEAKER_01"
        },
        {
          "word": "point,",
          "start": 6.172,
          "end": 6.492,
          "score": 0.769,
          "speaker": "SPEAKER_01"
        },
        {
          "word": "like",
          "start": 6.552,
          "end": 6.713,
          "score": 0.986,
          "speaker": "SPEAKER_01"
        },
        {
          "word": "the",
          "start": 6.773,
          "end": 6.873,
          "score": 0.963,
          "speaker": "SPEAKER_01"
        },
        {
          "word": "speech",
          "start": 6.913,
          "end": 7.213,
          "score": 0.84,
          "speaker": "SPEAKER_01"
        },
        {
          "word": "police,",
          "start": 7.313,
          "end": 7.713,
          "score": 0.734,
          "speaker": "SPEAKER_01"
        },
        {
          "word": "you",
          "start": 8.053,
          "end": 8.233,
          "score": 0.891,
          "speaker": "SPEAKER_01"
        },
        {
          "word": "literally",
          "start": 8.293,
          "end": 8.734,
          "score": 0.9,
          "speaker": "SPEAKER_01"
        },
        {
          "word": "can't",
          "start": 8.814,
          "end": 9.094,
          "score": 0.777,
          "speaker": "SPEAKER_01"
        },
        {
          "word": "compliment",
          "start": 10.114,
          "end": 10.615,
          "score": 0.902,
          "speaker": "SPEAKER_01"
        },
        {
          "word": "somebody",
          "start": 10.655,
          "end": 11.075,
          "score": 0.906,
          "speaker": "SPEAKER_01"
        },
        {
          "word": "on",
          "start": 11.615,
          "end": 11.695,
          "score": 0.752,
          "speaker": "SPEAKER_01"
        },
        {
          "word": "that",
          "start": 11.735,
          "end": 11.895,
          "score": 0.967,
          "speaker": "SPEAKER_01"
        },
        {
          "word": "summary",
          "start": 11.995,
          "end": 12.375,
          "score": 0.935,
          "speaker": "SPEAKER_01"
        },
        {
          "word": "blouse,",
          "start": 12.416,
          "end": 12.736,
          "score": 0.73,
          "speaker": "SPEAKER_01"
        },
        {
          "word": "Don.",
          "start": 12.776,
          "end": 13.096,
          "score": 0.824,
          "speaker": "SPEAKER_01"
        }
      ],
      "speaker": "SPEAKER_01"
    },
    {
      "start": 13.176,
      "end": 14.477,
      "text": "And you know what?",
      "words": [
        {
          "word": "And",
          "start": 13.176,
          "end": 13.836,
          "score": 0.349,
          "speaker": "SPEAKER_04"
        },
        {
          "word": "you",
          "start": 13.916,
          "end": 14.096,
          "score": 0.917,
          "speaker": "SPEAKER_04"
        },
        {
          "word": "know",
          "start": 14.156,
          "end": 14.317,
          "score": 0.445,
          "speaker": "SPEAKER_01"
        },
        {
          "word": "what?",
          "start": 14.357,
          "end": 14.477,
          "score": 0.216,
          "speaker": "SPEAKER_01"
        }
      ],
      "speaker": "SPEAKER_04"
    },
    {
      "start": 14.497,
      "end": 15.137,
      "text": "No, no, no.",
      "words": [
        {
          "word": "No,",
          "start": 14.497,
          "end": 14.717,
          "score": 0.493,
          "speaker": "SPEAKER_01"
        },
        {
          "word": "no,",
          "start": 14.777,
          "end": 14.957,
          "score": 0.66,
          "speaker": "SPEAKER_01"
        },
        {
          "word": "no.",
          "start": 14.997,
          "end": 15.137,
          "score": 0.544,
          "speaker": "SPEAKER_01"
        }
      ],
      "speaker": "SPEAKER_01"
    },
    {
      "start": 15.177,
      "end": 15.777,
      "text": "You shouldn't.",
      "words": [
        {
          "word": "You",
          "start": 15.177,
          "end": 15.297,
          "score": 0.264,
          "speaker": "SPEAKER_01"
        },
        {
          "word": "shouldn't.",
          "start": 15.337,
          "end": 15.777,
          "score": 0.787,
          "speaker": "SPEAKER_04"
        }
      ],
      "speaker": "SPEAKER_04"
    },
    {
      "start": 16.057,
      "end": 20.58,
      "text": "You shouldn't compliment somebody when you are the leader of the free world.",
      "words": [
        {
          "word": "You",
          "start": 16.057,
          "end": 16.258,
          "score": 0.888,
          "speaker": "SPEAKER_04"
        },
        {
          "word": "shouldn't",
          "start": 16.358,
          "end": 16.798,
          "score": 0.782,
          "speaker": "SPEAKER_04"
        },
        {
          "word": "compliment",
          "start": 16.938,
          "end": 17.618,
          "score": 0.898,
          "speaker": "SPEAKER_04"
        },
        {
          "word": "somebody",
          "start": 17.778,
          "end": 18.279,
          "score": 0.867,
          "speaker": "SPEAKER_04"
        },
        {
          "word": "when",
          "start": 18.339,
          "end": 18.519,
          "score": 0.943,
          "speaker": "SPEAKER_04"
        },
        {
          "word": "you",
          "start": 18.559,
          "end": 18.759,
          "score": 0.777,
          "speaker": "SPEAKER_04"
        },
        {
          "word": "are",
          "start": 18.979,
          "end": 19.099,
          "score": 0.772,
          "speaker": "SPEAKER_04"
        },
        {
          "word": "the",
          "start": 19.159,
          "end": 19.259,
          "score": 0.846,
          "speaker": "SPEAKER_04"
        },
        {
          "word": "leader",
          "start": 19.319,
          "end": 19.599,
          "score": 0.876,
          "speaker": "SPEAKER_04"
        },
        {
          "word": "of",
          "start": 19.639,
          "end": 19.679,
          "score": 0.992,
          "speaker": "SPEAKER_04"
        },
        {
          "word": "the",
          "start": 19.719,
          "end": 19.839,
          "score": 0.778,
          "speaker": "SPEAKER_04"
        },
        {
          "word": "free",
          "start": 19.879,
          "end": 20.1,
          "score": 0.872,
          "speaker": "SPEAKER_04"
        },
        {
          "word": "world.",
          "start": 20.16,
          "end": 20.58,
          "score": 0.792,
          "speaker": "SPEAKER_04"
        }
      ],
      "speaker": "SPEAKER_04"
    },
    {
      "start": 20.88,
      "end": 22.721,
      "text": "What about when you're a television host?",
      "words": [
        {
          "word": "What",
          "start": 20.88,
          "end": 21.0,
          "score": 0.556,
          "speaker": "SPEAKER_02"
        },
        {
          "word": "about",
          "start": 21.02,
          "end": 21.2,
          "score": 0.394,
          "speaker": "SPEAKER_02"
        },
        {
          "word": "when",
          "start": 21.22,
          "end": 21.34,
          "score": 0.306,
          "speaker": "SPEAKER_02"
        },
        {
          "word": "you're",
          "start": 21.38,
          "end": 21.54,
          "score": 0.225,
          "speaker": "SPEAKER_02"
        },
        {
          "word": "a",
          "start": 21.56,
          "end": 21.58,
          "score": 0.004,
          "speaker": "SPEAKER_02"
        },
        {
          "word": "television",
          "start": 21.6,
          "end": 22.401,
          "score": 0.43,
          "speaker": "SPEAKER_02"
        },
        {
          "word": "host?",
          "start": 22.481,
          "end": 22.721,
          "score": 0.5,
          "speaker": "SPEAKER_04"
        }
      ],
      "speaker": "SPEAKER_04"
    },
    {
      "start": 22.941,
      "end": 36.05,
      "text": " You know, when you are representing the United States and you are talking to a woman journalist from another country, you know, even so, and calling her out because she has a nice smile.",
      "words": [
        {
          "word": "You",
          "start": 22.941,
          "end": 23.021,
          "score": 0.69,
          "speaker": "SPEAKER_00"
        },
        {
          "word": "know,",
          "start": 23.041,
          "end": 23.662,
          "score": 0.507,
          "speaker": "SPEAKER_04"
        },
        {
          "word": "when",
          "start": 23.722,
          "end": 23.862,
          "score": 0.925,
          "speaker": "SPEAKER_00"
        },
        {
          "word": "you",
          "start": 23.882,
          "end": 23.982,
          "score": 0.917,
          "speaker": "SPEAKER_00"
        },
        {
          "word": "are",
          "start": 24.022,
          "end": 24.122,
          "score": 0.808,
          "speaker": "SPEAKER_04"
        },
        {
          "word": "representing",
          "start": 24.162,
          "end": 24.742,
          "score": 0.899,
          "speaker": "SPEAKER_04"
        },
        {
          "word": "the",
          "start": 24.802,
          "end": 24.882,
          "score": 0.969,
          "speaker": "SPEAKER_04"
        },
        {
          "word": "United",
          "start": 24.962,
          "end": 25.323,
          "score": 0.789,
          "speaker": "SPEAKER_04"
        },
        {
          "word": "States",
          "start": 25.383,
          "end": 25.783,
          "score": 0.578,
          "speaker": "SPEAKER_04"
        },
        {
          "word": "and",
          "start": 26.023,
          "end": 26.143,
          "score": 0.773,
          "speaker": "SPEAKER_04"
        },
        {
          "word": "you",
          "start": 26.203,
          "end": 26.363,
          "score": 0.911,
          "speaker": "SPEAKER_04"
        },
        {
          "word": "are",
          "start": 26.483,
          "end": 26.604,
          "score": 0.622,
          "speaker": "SPEAKER_04"
        },
        {
          "word": "talking",
          "start": 26.684,
          "end": 27.064,
          "score": 0.877,
          "speaker": "SPEAKER_04"
        },
        {
          "word": "to",
          "start": 27.124,
          "end": 27.344,
          "score": 0.724,
          "speaker": "SPEAKER_04"
        },
        {
          "word": "a",
          "start": 27.504,
          "end": 27.564,
          "score": 0.703,
          "speaker": "SPEAKER_04"
        },
        {
          "word": "woman",
          "start": 27.684,
          "end": 28.025,
          "score": 0.909,
          "speaker": "SPEAKER_04"
        },
        {
          "word": "journalist",
          "start": 28.125,
          "end": 28.725,
          "score": 0.709,
          "speaker": "SPEAKER_04"
        },
        {
          "word": "from",
          "start": 28.845,
          "end": 29.025,
          "score": 0.916,
          "speaker": "SPEAKER_04"
        },
        {
          "word": "another",
          "start": 29.085,
          "end": 29.385,
          "score": 0.824,
          "speaker": "SPEAKER_04"
        },
        {
          "word": "country,",
          "start": 29.466,
          "end": 30.126,
          "score": 0.861,
          "speaker": "SPEAKER_04"
        },
        {
          "word": "you",
          "start": 30.146,
          "end": 31.487,
          "score": 0.858,
          "speaker": "SPEAKER_04"
        },
        {
          "word": "know,",
          "start": 31.527,
          "end": 31.687,
          "score": 0.696,
          "speaker": "SPEAKER_04"
        },
        {
          "word": "even",
          "start": 32.087,
          "end": 32.328,
          "score": 0.894,
          "speaker": "SPEAKER_04"
        },
        {
          "word": "so,",
          "start": 32.388,
          "end": 32.688,
          "score": 0.401,
          "speaker": "SPEAKER_04"
        },
        {
          "word": "and",
          "start": 33.288,
          "end": 33.468,
          "score": 0.601,
          "speaker": "SPEAKER_04"
        },
        {
          "word": "calling",
          "start": 34.149,
          "end": 34.509,
          "score": 0.837,
          "speaker": "SPEAKER_04"
        },
        {
          "word": "her",
          "start": 34.549,
          "end": 34.649,
          "score": 0.885,
          "speaker": "SPEAKER_04"
        },
        {
          "word": "out",
          "start": 34.709,
          "end": 34.809,
          "score": 0.833,
          "speaker": "SPEAKER_04"
        },
        {
          "word": "because",
          "start": 34.829,
          "end": 35.049,
          "score": 0.858,
          "speaker": "SPEAKER_04"
        },
        {
          "word": "she",
          "start": 35.089,
          "end": 35.169,
          "score": 0.852,
          "speaker": "SPEAKER_04"
        },
        {
          "word": "has",
          "start": 35.189,
          "end": 35.33,
          "score": 0.848,
          "speaker": "SPEAKER_04"
        },
        {
          "word": "a",
          "start": 35.37,
          "end": 35.39,
          "score": 0.995,
          "speaker": "SPEAKER_04"
        },
        {
          "word": "nice",
          "start": 35.43,
          "end": 35.63,
          "score": 0.866,
          "speaker": "SPEAKER_04"
        },
        {
          "word": "smile.",
          "start": 35.67,
          "end": 36.05,
          "score": 0.891,
          "speaker": "SPEAKER_04"
        }
      ],
      "speaker": "SPEAKER_04"
    },
    {
      "start": 36.41,
      "end": 39.873,
      "text": "Why couldn't he call her out because of the great piece she had written last week?",
      "words": [
        {
          "word": "Why",
          "start": 36.41,
          "end": 36.57,
          "score": 0.722,
          "speaker": "SPEAKER_04"
        },
        {
          "word": "couldn't",
          "start": 36.61,
          "end": 36.871,
          "score": 0.757,
          "speaker": "SPEAKER_04"
        },
        {
          "word": "he",
          "start": 36.891,
          "end": 37.011,
          "score": 0.798,
          "speaker": "SPEAKER_04"
        },
        {
          "word": "call",
          "start": 37.051,
          "end": 37.251,
          "score": 0.785,
          "speaker": "SPEAKER_04"
        },
        {
          "word": "her",
          "start": 37.271,
          "end": 37.351,
          "score": 0.842,
          "speaker": "SPEAKER_04"
        },
        {
          "word": "out",
          "start": 37.391,
          "end": 37.491,
          "score": 0.885,
          "speaker": "SPEAKER_04"
        },
        {
          "word": "because",
          "start": 37.531,
          "end": 37.851,
          "score": 0.693,
          "speaker": "SPEAKER_04"
        },
        {
          "word": "of",
          "start": 37.931,
          "end": 38.011,
          "score": 0.819,
          "speaker": "SPEAKER_04"
        },
        {
          "word": "the",
          "start": 38.031,
          "end": 38.131,
          "score": 0.74,
          "speaker": "SPEAKER_04"
        },
        {
          "word": "great",
          "start": 38.172,
          "end": 38.372,
          "score": 0.956,
          "speaker": "SPEAKER_04"
        },
        {
          "word": "piece",
          "start": 38.432,
          "end": 38.712,
          "score": 0.768,
          "speaker": "SPEAKER_04"
        },
        {
          "word": "she",
          "start": 38.772,
          "end": 38.892,
          "score": 0.849,
          "speaker": "SPEAKER_04"
        },
        {
          "word": "had",
          "start": 38.952,
          "end": 39.072,
          "score": 0.913,
          "speaker": "SPEAKER_03"
        },
        {
          "word": "written",
          "start": 39.132,
          "end": 39.392,
          "score": 0.851,
          "speaker": "SPEAKER_03"
        },
        {
          "word": "last",
          "start": 39.432,
          "end": 39.653,
          "score": 0.73,
          "speaker": "SPEAKER_03"
        },
        {
          "word": "week?",
          "start": 39.693,
          "end": 39.873,
          "score": 0.774,
          "speaker": "SPEAKER_03"
        }
      ],
      "speaker": "SPEAKER_04"
    },
    {
      "start": 40.513,
      "end": 44.359,
      "text": " I think if he said she had a great piece, I think that would be a story.",
      "words": [
        {
          "word": "I",
          "start": 40.513,
          "end": 40.593,
          "score": 0.734,
          "speaker": "SPEAKER_00"
        },
        {
          "word": "think",
          "start": 40.653,
          "end": 40.814,
          "score": 0.235,
          "speaker": "SPEAKER_00"
        },
        {
          "word": "if",
          "start": 40.894,
          "end": 40.994,
          "score": 0.464,
          "speaker": "SPEAKER_00"
        },
        {
          "word": "he",
          "start": 41.034,
          "end": 41.194,
          "score": 0.719,
          "speaker": "SPEAKER_00"
        },
        {
          "word": "said",
          "start": 41.214,
          "end": 41.354,
          "score": 0.36,
          "speaker": "SPEAKER_00"
        },
        {
          "word": "she",
          "start": 41.374,
          "end": 41.535,
          "score": 0.518,
          "speaker": "SPEAKER_00"
        },
        {
          "word": "had",
          "start": 41.575,
          "end": 41.815,
          "score": 0.324,
          "speaker": "SPEAKER_00"
        },
        {
          "word": "a",
          "start": 41.835,
          "end": 41.855,
          "score": 0.889,
          "speaker": "SPEAKER_00"
        },
        {
          "word": "great",
          "start": 41.915,
          "end": 42.075,
          "score": 0.995,
          "speaker": "SPEAKER_03"
        },
        {
          "word": "piece,",
          "start": 42.136,
          "end": 42.456,
          "score": 0.817,
          "speaker": "SPEAKER_03"
        },
        {
          "word": "I",
          "start": 42.496,
          "end": 42.556,
          "score": 0.99,
          "speaker": "SPEAKER_03"
        },
        {
          "word": "think",
          "start": 42.596,
          "end": 42.756,
          "score": 0.935,
          "speaker": "SPEAKER_03"
        },
        {
          "word": "that",
          "start": 43.517,
          "end": 43.658,
          "score": 0.875,
          "speaker": "SPEAKER_03"
        },
        {
          "word": "would",
          "start": 43.678,
          "end": 43.858,
          "score": 0.888,
          "speaker": "SPEAKER_03"
        },
        {
          "word": "be",
          "start": 43.878,
          "end": 43.978,
          "score": 0.768,
          "speaker": "SPEAKER_03"
        },
        {
          "word": "a",
          "start": 43.998,
          "end": 44.018,
          "score": 0.879,
          "speaker": "SPEAKER_03"
        },
        {
          "word": "story.",
          "start": 44.058,
          "end": 44.359,
          "score": 0.918,
          "speaker": "SPEAKER_03"
        }
      ],
      "speaker": "SPEAKER_03"
    },
    {
      "start": 44.979,
      "end": 49.366,
      "text": "But I just think that the outrage is way overblown.",
      "words": [
        {
          "word": "But",
          "start": 44.979,
          "end": 45.16,
          "score": 0.787,
          "speaker": "SPEAKER_03"
        },
        {
          "word": "I",
          "start": 45.48,
          "end": 45.6,
          "score": 0.763,
          "speaker": "SPEAKER_03"
        },
        {
          "word": "just",
          "start": 45.66,
          "end": 46.221,
          "score": 0.608,
          "speaker": "SPEAKER_03"
        },
        {
          "word": "think",
          "start": 46.241,
          "end": 46.401,
          "score": 0.389,
          "speaker": "SPEAKER_03"
        },
        {
          "word": "that",
          "start": 46.442,
          "end": 46.602,
          "score": 0.299,
          "speaker": "SPEAKER_03"
        },
        {
          "word": "the",
          "start": 46.622,
          "end": 46.902,
          "score": 0.491,
          "speaker": "SPEAKER_03"
        },
        {
          "word": "outrage",
          "start": 47.042,
          "end": 47.723,
          "score": 0.735,
          "speaker": "SPEAKER_03"
        },
        {
          "word": "is",
          "start": 47.984,
          "end": 48.144,
          "score": 0.554,
          "speaker": "SPEAKER_00"
        },
        {
          "word": "way",
          "start": 48.304,
          "end": 48.484,
          "score": 0.948,
          "speaker": "SPEAKER_00"
        },
        {
          "word": "overblown.",
          "start": 48.564,
          "end": 49.366,
          "score": 0.78,
          "speaker": "SPEAKER_00"
        }
      ],
      "speaker": "SPEAKER_03"
    },
    {
      "start": 49.846,
      "end": 50.948,
      "text": "Oh, my God.",
      "words": [
        {
          "word": "Oh,",
          "start": 49.846,
          "end": 49.986,
          "score": 0.862,
          "speaker": "SPEAKER_00"
        },
        {
          "word": "my",
          "start": 50.006,
          "end": 50.627,
          "score": 0.858,
          "speaker": "SPEAKER_00"
        },
        {
          "word": "God.",
          "start": 50.667,
          "end": 50.948,
          "score": 0.672,
          "speaker": "SPEAKER_00"
        }
      ],
      "speaker": "SPEAKER_00"
    },
    {
      "start": 51.248,
      "end": 51.609,
      "text": "Alice.",
      "words": [
        {
          "word": "Alice.",
          "start": 51.248,
          "end": 51.609,
          "score": 0.299,
          "speaker": "SPEAKER_00"
        }
      ],
      "speaker": "SPEAKER_00"
    },
    {
      "start": 52.31,
      "end": 52.65,
      "text": "Zing.",
      "words": [
        {
          "word": "Zing.",
          "start": 52.31,
          "end": 52.65,
          "score": 0.692,
          "speaker": "SPEAKER_00"
        }
      ],
      "speaker": "SPEAKER_00"
    },
    {
      "start": 52.71,
      "end": 53.211,
      "text": "That was good.",
      "words": [
        {
          "word": "That",
          "start": 52.71,
          "end": 52.85,
          "score": 0.299,
          "speaker": "SPEAKER_00"
        },
        {
          "word": "was",
          "start": 52.89,
          "end": 52.991,
          "score": 0.326,
          "speaker": "SPEAKER_00"
        },
        {
          "word": "good.",
          "start": 53.031,
          "end": 53.211,
          "score": 0.92,
          "speaker": "SPEAKER_00"
        }
      ],
      "speaker": "SPEAKER_00"
    }
  ],
  "word_segments": [
    {
      "word": "He",
      "start": 0.129,
      "end": 0.209,
      "score": 0.994,
      "speaker": "SPEAKER_01"
    },
    {
      "word": "didn't",
      "start": 0.249,
      "end": 0.489,
      "score": 0.735,
      "speaker": "SPEAKER_01"
    },
    {
      "word": "say,",
      "start": 0.97,
      "end": 1.37,
      "score": 0.798,
      "speaker": "SPEAKER_01"
    },
    {
      "word": "you",
      "start": 1.51,
      "end": 1.71,
      "score": 0.831,
      "speaker": "SPEAKER_01"
    },
    {
      "word": "look",
      "start": 1.75,
      "end": 1.97,
      "score": 0.966,
      "speaker": "SPEAKER_01"
    },
    {
      "word": "hot",
      "start": 2.09,
      "end": 2.57,
      "score": 0.83,
      "speaker": "SPEAKER_01"
    },
    {
      "word": "or",
      "start": 3.171,
      "end": 3.291,
      "score": 0.472,
      "speaker": "SPEAKER_01"
    },
    {
      "word": "anything",
      "start": 3.471,
      "end": 4.031,
      "score": 0.835,
      "speaker": "SPEAKER_01"
    },
    {
      "word": "inappropriate.",
      "start": 4.371,
      "end": 5.072,
      "score": 0.605,
      "speaker": "SPEAKER_01"
    },
    {
      "word": "At",
      "start": 5.752,
      "end": 5.832,
      "score": 0.97,
      "speaker": "SPEAKER_01"
    },
    {
      "word": "some",
      "start": 5.892,
      "end": 6.092,
      "score": 0.708,
      "speaker": "SPEAKER_01"
    },
    {
      "word": "point,",
      "start": 6.172,
      "end": 6.492,
      "score": 0.769,
      "speaker": "SPEAKER_01"
    },
    {
      "word": "like",
      "start": 6.552,
      "end": 6.713,
      "score": 0.986,
      "speaker": "SPEAKER_01"
    },
    {
      "word": "the",
      "start": 6.773,
      "end": 6.873,
      "score": 0.963,
      "speaker": "SPEAKER_01"
    },
    {
      "word": "speech",
      "start": 6.913,
      "end": 7.213,
      "score": 0.84,
      "speaker": "SPEAKER_01"
    },
    {
      "word": "police,",
      "start": 7.313,
      "end": 7.713,
      "score": 0.734,
      "speaker": "SPEAKER_01"
    },
    {
      "word": "you",
      "start": 8.053,
      "end": 8.233,
      "score": 0.891,
      "speaker": "SPEAKER_01"
    },
    {
      "word": "literally",
      "start": 8.293,
      "end": 8.734,
      "score": 0.9,
      "speaker": "SPEAKER_01"
    },
    {
      "word": "can't",
      "start": 8.814,
      "end": 9.094,
      "score": 0.777,
      "speaker": "SPEAKER_01"
    },
    {
      "word": "compliment",
      "start": 10.114,
      "end": 10.615,
      "score": 0.902,
      "speaker": "SPEAKER_01"
    },
    {
      "word": "somebody",
      "start": 10.655,
      "end": 11.075,
      "score": 0.906,
      "speaker": "SPEAKER_01"
    },
    {
      "word": "on",
      "start": 11.615,
      "end": 11.695,
      "score": 0.752,
      "speaker": "SPEAKER_01"
    },
    {
      "word": "that",
      "start": 11.735,
      "end": 11.895,
      "score": 0.967,
      "speaker": "SPEAKER_01"
    },
    {
      "word": "summary",
      "start": 11.995,
      "end": 12.375,
      "score": 0.935,
      "speaker": "SPEAKER_01"
    },
    {
      "word": "blouse,",
      "start": 12.416,
      "end": 12.736,
      "score": 0.73,
      "speaker": "SPEAKER_01"
    },
    {
      "word": "Don.",
      "start": 12.776,
      "end": 13.096,
      "score": 0.824,
      "speaker": "SPEAKER_01"
    },
    {
      "word": "And",
      "start": 13.176,
      "end": 13.836,
      "score": 0.349,
      "speaker": "SPEAKER_04"
    },
    {
      "word": "you",
      "start": 13.916,
      "end": 14.096,
      "score": 0.917,
      "speaker": "SPEAKER_04"
    },
    {
      "word": "know",
      "start": 14.156,
      "end": 14.317,
      "score": 0.445,
      "speaker": "SPEAKER_01"
    },
    {
      "word": "what?",
      "start": 14.357,
      "end": 14.477,
      "score": 0.216,
      "speaker": "SPEAKER_01"
    },
    {
      "word": "No,",
      "start": 14.497,
      "end": 14.717,
      "score": 0.493,
      "speaker": "SPEAKER_01"
    },
    {
      "word": "no,",
      "start": 14.777,
      "end": 14.957,
      "score": 0.66,
      "speaker": "SPEAKER_01"
    },
    {
      "word": "no.",
      "start": 14.997,
      "end": 15.137,
      "score": 0.544,
      "speaker": "SPEAKER_01"
    },
    {
      "word": "You",
      "start": 15.177,
      "end": 15.297,
      "score": 0.264,
      "speaker": "SPEAKER_01"
    },
    {
      "word": "shouldn't.",
      "start": 15.337,
      "end": 15.777,
      "score": 0.787,
      "speaker": "SPEAKER_04"
    },
    {
      "word": "You",
      "start": 16.057,
      "end": 16.258,
      "score": 0.888,
      "speaker": "SPEAKER_04"
    },
    {
      "word": "shouldn't",
      "start": 16.358,
      "end": 16.798,
      "score": 0.782,
      "speaker": "SPEAKER_04"
    },
    {
      "word": "compliment",
      "start": 16.938,
      "end": 17.618,
      "score": 0.898,
      "speaker": "SPEAKER_04"
    },
    {
      "word": "somebody",
      "start": 17.778,
      "end": 18.279,
      "score": 0.867,
      "speaker": "SPEAKER_04"
    },
    {
      "word": "when",
      "start": 18.339,
      "end": 18.519,
      "score": 0.943,
      "speaker": "SPEAKER_04"
    },
    {
      "word": "you",
      "start": 18.559,
      "end": 18.759,
      "score": 0.777,
      "speaker": "SPEAKER_04"
    },
    {
      "word": "are",
      "start": 18.979,
      "end": 19.099,
      "score": 0.772,
      "speaker": "SPEAKER_04"
    },
    {
      "word": "the",
      "start": 19.159,
      "end": 19.259,
      "score": 0.846,
      "speaker": "SPEAKER_04"
    },
    {
      "word": "leader",
      "start": 19.319,
      "end": 19.599,
      "score": 0.876,
      "speaker": "SPEAKER_04"
    },
    {
      "word": "of",
      "start": 19.639,
      "end": 19.679,
      "score": 0.992,
      "speaker": "SPEAKER_04"
    },
    {
      "word": "the",
      "start": 19.719,
      "end": 19.839,
      "score": 0.778,
      "speaker": "SPEAKER_04"
    },
    {
      "word": "free",
      "start": 19.879,
      "end": 20.1,
      "score": 0.872,
      "speaker": "SPEAKER_04"
    },
    {
      "word": "world.",
      "start": 20.16,
      "end": 20.58,
      "score": 0.792,
      "speaker": "SPEAKER_04"
    },
    {
      "word": "What",
      "start": 20.88,
      "end": 21.0,
      "score": 0.556,
      "speaker": "SPEAKER_02"
    },
    {
      "word": "about",
      "start": 21.02,
      "end": 21.2,
      "score": 0.394,
      "speaker": "SPEAKER_02"
    },
    {
      "word": "when",
      "start": 21.22,
      "end": 21.34,
      "score": 0.306,
      "speaker": "SPEAKER_02"
    },
    {
      "word": "you're",
      "start": 21.38,
      "end": 21.54,
      "score": 0.225,
      "speaker": "SPEAKER_02"
    },
    {
      "word": "a",
      "start": 21.56,
      "end": 21.58,
      "score": 0.004,
      "speaker": "SPEAKER_02"
    },
    {
      "word": "television",
      "start": 21.6,
      "end": 22.401,
      "score": 0.43,
      "speaker": "SPEAKER_02"
    },
    {
      "word": "host?",
      "start": 22.481,
      "end": 22.721,
      "score": 0.5,
      "speaker": "SPEAKER_04"
    },
    {
      "word": "You",
      "start": 22.941,
      "end": 23.021,
      "score": 0.69,
      "speaker": "SPEAKER_00"
    },
    {
      "word": "know,",
      "start": 23.041,
      "end": 23.662,
      "score": 0.507,
      "speaker": "SPEAKER_04"
    },
    {
      "word": "when",
      "start": 23.722,
      "end": 23.862,
      "score": 0.925,
      "speaker": "SPEAKER_00"
    },
    {
      "word": "you",
      "start": 23.882,
      "end": 23.982,
      "score": 0.917,
      "speaker": "SPEAKER_00"
    },
    {
      "word": "are",
      "start": 24.022,
      "end": 24.122,
      "score": 0.808,
      "speaker": "SPEAKER_04"
    },
    {
      "word": "representing",
      "start": 24.162,
      "end": 24.742,
      "score": 0.899,
      "speaker": "SPEAKER_04"
    },
    {
      "word": "the",
      "start": 24.802,
      "end": 24.882,
      "score": 0.969,
      "speaker": "SPEAKER_04"
    },
    {
      "word": "United",
      "start": 24.962,
      "end": 25.323,
      "score": 0.789,
      "speaker": "SPEAKER_04"
    },
    {
      "word": "States",
      "start": 25.383,
      "end": 25.783,
      "score": 0.578,
      "speaker": "SPEAKER_04"
    },
    {
      "word": "and",
      "start": 26.023,
      "end": 26.143,
      "score": 0.773,
      "speaker": "SPEAKER_04"
    },
    {
      "word": "you",
      "start": 26.203,
      "end": 26.363,
      "score": 0.911,
      "speaker": "SPEAKER_04"
    },
    {
      "word": "are",
      "start": 26.483,
      "end": 26.604,
      "score": 0.622,
      "speaker": "SPEAKER_04"
    },
    {
      "word": "talking",
      "start": 26.684,
      "end": 27.064,
      "score": 0.877,
      "speaker": "SPEAKER_04"
    },
    {
      "word": "to",
      "start": 27.124,
      "end": 27.344,
      "score": 0.724,
      "speaker": "SPEAKER_04"
    },
    {
      "word": "a",
      "start": 27.504,
      "end": 27.564,
      "score": 0.703,
      "speaker": "SPEAKER_04"
    },
    {
      "word": "woman",
      "start": 27.684,
      "end": 28.025,
      "score": 0.909,
      "speaker": "SPEAKER_04"
    },
    {
      "word": "journalist",
      "start": 28.125,
      "end": 28.725,
      "score": 0.709,
      "speaker": "SPEAKER_04"
    },
    {
      "word": "from",
      "start": 28.845,
      "end": 29.025,
      "score": 0.916,
      "speaker": "SPEAKER_04"
    },
    {
      "word": "another",
      "start": 29.085,
      "end": 29.385,
      "score": 0.824,
      "speaker": "SPEAKER_04"
    },
    {
      "word": "country,",
      "start": 29.466,
      "end": 30.126,
      "score": 0.861,
      "speaker": "SPEAKER_04"
    },
    {
      "word": "you",
      "start": 30.146,
      "end": 31.487,
      "score": 0.858,
      "speaker": "SPEAKER_04"
    },
    {
      "word": "know,",
      "start": 31.527,
      "end": 31.687,
      "score": 0.696,
      "speaker": "SPEAKER_04"
    },
    {
      "word": "even",
      "start": 32.087,
      "end": 32.328,
      "score": 0.894,
      "speaker": "SPEAKER_04"
    },
    {
      "word": "so,",
      "start": 32.388,
      "end": 32.688,
      "score": 0.401,
      "speaker": "SPEAKER_04"
    },
    {
      "word": "and",
      "start": 33.288,
      "end": 33.468,
      "score": 0.601,
      "speaker": "SPEAKER_04"
    },
    {
      "word": "calling",
      "start": 34.149,
      "end": 34.509,
      "score": 0.837,
      "speaker": "SPEAKER_04"
    },
    {
      "word": "her",
      "start": 34.549,
      "end": 34.649,
      "score": 0.885,
      "speaker": "SPEAKER_04"
    },
    {
      "word": "out",
      "start": 34.709,
      "end": 34.809,
      "score": 0.833,
      "speaker": "SPEAKER_04"
    },
    {
      "word": "because",
      "start": 34.829,
      "end": 35.049,
      "score": 0.858,
      "speaker": "SPEAKER_04"
    },
    {
      "word": "she",
      "start": 35.089,
      "end": 35.169,
      "score": 0.852,
      "speaker": "SPEAKER_04"
    },
    {
      "word": "has",
      "start": 35.189,
      "end": 35.33,
      "score": 0.848,
      "speaker": "SPEAKER_04"
    },
    {
      "word": "a",
      "start": 35.37,
      "end": 35.39,
      "score": 0.995,
      "speaker": "SPEAKER_04"
    },
    {
      "word": "nice",
      "start": 35.43,
      "end": 35.63,
      "score": 0.866,
      "speaker": "SPEAKER_04"
    },
    {
      "word": "smile.",
      "start": 35.67,
      "end": 36.05,
      "score": 0.891,
      "speaker": "SPEAKER_04"
    },
    {
      "word": "Why",
      "start": 36.41,
      "end": 36.57,
      "score": 0.722,
      "speaker": "SPEAKER_04"
    },
    {
      "word": "couldn't",
      "start": 36.61,
      "end": 36.871,
      "score": 0.757,
      "speaker": "SPEAKER_04"
    },
    {
      "word": "he",
      "start": 36.891,
      "end": 37.011,
      "score": 0.798,
      "speaker": "SPEAKER_04"
    },
    {
      "word": "call",
      "start": 37.051,
      "end": 37.251,
      "score": 0.785,
      "speaker": "SPEAKER_04"
    },
    {
      "word": "her",
      "start": 37.271,
      "end": 37.351,
      "score": 0.842,
      "speaker": "SPEAKER_04"
    },
    {
      "word": "out",
      "start": 37.391,
      "end": 37.491,
      "score": 0.885,
      "speaker": "SPEAKER_04"
    },
    {
      "word": "because",
      "start": 37.531,
      "end": 37.851,
      "score": 0.693,
      "speaker": "SPEAKER_04"
    },
    {
      "word": "of",
      "start": 37.931,
      "end": 38.011,
      "score": 0.819,
      "speaker": "SPEAKER_04"
    },
    {
      "word": "the",
      "start": 38.031,
      "end": 38.131,
      "score": 0.74,
      "speaker": "SPEAKER_04"
    },
    {
      "word": "great",
      "start": 38.172,
      "end": 38.372,
      "score": 0.956,
      "speaker": "SPEAKER_04"
    },
    {
      "word": "piece",
      "start": 38.432,
      "end": 38.712,
      "score": 0.768,
      "speaker": "SPEAKER_04"
    },
    {
      "word": "she",
      "start": 38.772,
      "end": 38.892,
      "score": 0.849,
      "speaker": "SPEAKER_04"
    },
    {
      "word": "had",
      "start": 38.952,
      "end": 39.072,
      "score": 0.913,
      "speaker": "SPEAKER_03"
    },
    {
      "word": "written",
      "start": 39.132,
      "end": 39.392,
      "score": 0.851,
      "speaker": "SPEAKER_03"
    },
    {
      "word": "last",
      "start": 39.432,
      "end": 39.653,
      "score": 0.73,
      "speaker": "SPEAKER_03"
    },
    {
      "word": "week?",
      "start": 39.693,
      "end": 39.873,
      "score": 0.774,
      "speaker": "SPEAKER_03"
    },
    {
      "word": "I",
      "start": 40.513,
      "end": 40.593,
      "score": 0.734,
      "speaker": "SPEAKER_00"
    },
    {
      "word": "think",
      "start": 40.653,
      "end": 40.814,
      "score": 0.235,
      "speaker": "SPEAKER_00"
    },
    {
      "word": "if",
      "start": 40.894,
      "end": 40.994,
      "score": 0.464,
      "speaker": "SPEAKER_00"
    },
    {
      "word": "he",
      "start": 41.034,
      "end": 41.194,
      "score": 0.719,
      "speaker": "SPEAKER_00"
    },
    {
      "word": "said",
      "start": 41.214,
      "end": 41.354,
      "score": 0.36,
      "speaker": "SPEAKER_00"
    },
    {
      "word": "she",
      "start": 41.374,
      "end": 41.535,
      "score": 0.518,
      "speaker": "SPEAKER_00"
    },
    {
      "word": "had",
      "start": 41.575,
      "end": 41.815,
      "score": 0.324,
      "speaker": "SPEAKER_00"
    },
    {
      "word": "a",
      "start": 41.835,
      "end": 41.855,
      "score": 0.889,
      "speaker": "SPEAKER_00"
    },
    {
      "word": "great",
      "start": 41.915,
      "end": 42.075,
      "score": 0.995,
      "speaker": "SPEAKER_03"
    },
    {
      "word": "piece,",
      "start": 42.136,
      "end": 42.456,
      "score": 0.817,
      "speaker": "SPEAKER_03"
    },
    {
      "word": "I",
      "start": 42.496,
      "end": 42.556,
      "score": 0.99,
      "speaker": "SPEAKER_03"
    },
    {
      "word": "think",
      "start": 42.596,
      "end": 42.756,
      "score": 0.935,
      "speaker": "SPEAKER_03"
    },
    {
      "word": "that",
      "start": 43.517,
      "end": 43.658,
      "score": 0.875,
      "speaker": "SPEAKER_03"
    },
    {
      "word": "would",
      "start": 43.678,
      "end": 43.858,
      "score": 0.888,
      "speaker": "SPEAKER_03"
    },
    {
      "word": "be",
      "start": 43.878,
      "end": 43.978,
      "score": 0.768,
      "speaker": "SPEAKER_03"
    },
    {
      "word": "a",
      "start": 43.998,
      "end": 44.018,
      "score": 0.879,
      "speaker": "SPEAKER_03"
    },
    {
      "word": "story.",
      "start": 44.058,
      "end": 44.359,
      "score": 0.918,
      "speaker": "SPEAKER_03"
    },
    {
      "word": "But",
      "start": 44.979,
      "end": 45.16,
      "score": 0.787,
      "speaker": "SPEAKER_03"
    },
    {
      "word": "I",
      "start": 45.48,
      "end": 45.6,
      "score": 0.763,
      "speaker": "SPEAKER_03"
    },
    {
      "word": "just",
      "start": 45.66,
      "end": 46.221,
      "score": 0.608,
      "speaker": "SPEAKER_03"
    },
    {
      "word": "think",
      "start": 46.241,
      "end": 46.401,
      "score": 0.389,
      "speaker": "SPEAKER_03"
    },
    {
      "word": "that",
      "start": 46.442,
      "end": 46.602,
      "score": 0.299,
      "speaker": "SPEAKER_03"
    },
    {
      "word": "the",
      "start": 46.622,
      "end": 46.902,
      "score": 0.491,
      "speaker": "SPEAKER_03"
    },
    {
      "word": "outrage",
      "start": 47.042,
      "end": 47.723,
      "score": 0.735,
      "speaker": "SPEAKER_03"
    },
    {
      "word": "is",
      "start": 47.984,
      "end": 48.144,
      "score": 0.554,
      "speaker": "SPEAKER_00"
    },
    {
      "word": "way",
      "start": 48.304,
      "end": 48.484,
      "score": 0.948,
      "speaker": "SPEAKER_00"
    },
    {
      "word": "overblown.",
      "start": 48.564,
      "end": 49.366,
      "score": 0.78,
      "speaker": "SPEAKER_00"
    },
    {
      "word": "Oh,",
      "start": 49.846,
      "end": 49.986,
      "score": 0.862,
      "speaker": "SPEAKER_00"
    },
    {
      "word": "my",
      "start": 50.006,
      "end": 50.627,
      "score": 0.858,
      "speaker": "SPEAKER_00"
    },
    {
      "word": "God.",
      "start": 50.667,
      "end": 50.948,
      "score": 0.672,
      "speaker": "SPEAKER_00"
    },
    {
      "word": "Alice.",
      "start": 51.248,
      "end": 51.609,
      "score": 0.299,
      "speaker": "SPEAKER_00"
    },
    {
      "word": "Zing.",
      "start": 52.31,
      "end": 52.65,
      "score": 0.692,
      "speaker": "SPEAKER_00"
    },
    {
      "word": "That",
      "start": 52.71,
      "end": 52.85,
      "score": 0.299,
      "speaker": "SPEAKER_00"
    },
    {
      "word": "was",
      "start": 52.89,
      "end": 52.991,
      "score": 0.326,
      "speaker": "SPEAKER_00"
    },
    {
      "word": "good.",
      "start": 53.031,
      "end": 53.211,
      "score": 0.92,
      "speaker": "SPEAKER_00"
    }
  ],
  "language": "en"
}