{
  "segments": [
    {
      "start": 0.109,
      "end": 5.514,
      "text": " It is a big night here in Texas for the two men running for the United States Senate in the upcoming election.",
      "words": [
        {
          "word": "It",
          "start": 0.109,
          "end": 0.189,
          "score": 0.837,
          "speaker": "SPEAKER_00"
        },
        {
          "word": "is",
          "start": 0.289,
          "end": 0.409,
          "score": 0.728,
          "speaker": "SPEAKER_00"
        },
        {
          "word": "a",
          "start": 0.469,
          "end": 0.509,
          "score": 0.5,
          "speaker": "SPEAKER_00"
        },
        {
          "word": "big",
          "start": 0.65,
          "end": 0.87,
          "score": 0.892,
          "speaker": "SPEAKER_00"
        },
        {
          "word": "night",
          "start": 0.95,
          "end": 1.23,
          "score": 0.72,
          "speaker": "SPEAKER_00"
        },
        {
          "word": "here",
          "start": 1.27,
          "end": 1.43,
          "score": 0.68,
          "speaker": "SPEAKER_00"
        },
        {
          "word": "in",
          "start": 1.47,
          "end": 1.53,
          "score": 0.998,
          "speaker": "SPEAKER_00"
        },
        {
          "word": "Texas",
          "start": 1.57,
          "end": 1.951,
          "score": 0.954,
          "speaker": "SPEAKER_00"
        },
        {
          "word": "for",
          "start": 2.011,
          "end": 2.131,
          "score": 0.744,
          "speaker": "SPEAKER_00"
        },
        {
          "word": "the",
          "start": 2.171,
          "end": 2.231,
          "score": 0.999,
          "speaker": "SPEAKER_00"
        },
        {
          "word": "two",
          "start": 2.271,
          "end": 2.411,
          "score": 0.724,
          "speaker": "SPEAKER_00"
        },
        {
          "word": "men",
          "start": 2.451,
          "end": 2.631,
          "score": 0.831,
          "speaker": "SPEAKER_00"
        },
        {
          "word": "running",
          "start": 2.711,
          "end": 2.972,
          "score": 0.854,
          "speaker": "SPEAKER_00"
        },
        {
          "word": "for",
          "start": 3.032,
          "end": 3.152,
          "score": 0.73,
          "speaker": "SPEAKER_00"
        },
        {
          "word": "the",
          "start": 3.172,
          "end": 3.252,
          "score": 0.833,
          "speaker": "SPEAKER_00"
        },
        {
          "word": "United",
          "start": 3.292,
          "end": 3.672,
          "score": 0.753,
          "speaker": "SPEAKER_00"
        },
        {
          "word": "States",
          "start": 3.732,
          "end": 4.012,
          "score": 0.736,
          "speaker": "SPEAKER_00"
        },
        {
          "word": "Senate",
          "start": 4.153,
          "end": 4.453,
          "score": 0.897,
          "speaker": "SPEAKER_00"
        },
        {
          "word": "in",
          "start": 4.513,
          "end": 4.573,
          "score": 0.923,
          "speaker": "SPEAKER_00"
        },
        {
          "word": "the",
          "start": 4.593,
          "end": 4.673,
          "score": 0.835,
          "speaker": "SPEAKER_00"
        },
        {
          "word": "upcoming",
          "start": 4.733,
          "end": 5.053,
          "score": 0.949,
          "speaker": "SPEAKER_00"
        },
        {
          "word": "election.",
          "start": 5.113,
          "end": 5.514,
          "score": 0.924,
          "speaker": "SPEAKER_00"
        }
      ],
      "speaker": "SPEAKER_00"
    },
    {
      "start": 5.934,
      "end": 11.959,
      "text": "Incumbent Republican Ted Cruz will face Democrat challenger Beto O'Rourke in the first of three debates.",
      "words": [
        {
          "word": "Incumbent",
          "start": 5.934,
          "end": 6.314,
          "score": 0.82,
          "speaker": "SPEAKER_00"
        },
        {
          "word": "Republican",
          "start": 6.354,
          "end": 6.855,
          "score": 0.823,
          "speaker": "SPEAKER_00"
        },
        {
          "word": "Ted",
          "start": 6.895,
          "end": 7.075,
          "score": 0.981,
          "speaker": "SPEAKER_00"
        },
        {
          "word": "Cruz",
          "start": 7.135,
          "end": 7.515,
          "score": 0.844,
          "speaker": "SPEAKER_00"
        },
        {
          "word": "will",
          "start": 7.556,
          "end": 7.716,
          "score": 0.959,
          "speaker": "SPEAKER_00"
        },
        {
          "word": "face",
          "start": 7.756,
          "end": 7.956,
          "score": 0.83,
          "speaker": "SPEAKER_00"
        },
        {
          "word": "Democrat",
          "start": 7.996,
          "end": 8.416,
          "score": 0.876,
          "speaker": "SPEAKER_00"
        },
        {
          "word": "challenger",
          "start": 8.456,
          "end": 8.977,
          "score": 0.825,
          "speaker": "SPEAKER_00"
        },
        {
          "word": "Beto",
          "start": 9.077,
          "end": 9.397,
          "score": 0.877,
          "speaker": "SPEAKER_00"
        },
        {
          "word": "O'Rourke",
          "start": 9.497,
          "end": 9.958,
          "score": 0.719,
          "speaker": "SPEAKER_00"
        },
        {
          "word": "in",
          "start": 10.338,
          "end": 10.418,
          "score": 0.901,
          "speaker": "SPEAKER_00"
        },
        {
          "word": "the",
          "start": 10.438,
          "end": 10.518,
          "score": 0.846,
          "speaker": "SPEAKER_00"
        },
        {
          "word": "first",
          "start": 10.558,
          "end": 10.818,
          "score": 0.83,
          "speaker": "SPEAKER_00"
        },
        {
          "word": "of",
          "start": 10.858,
          "end": 10.918,
          "score": 0.749,
          "speaker": "SPEAKER_00"
        },
        {
          "word": "three",
          "start": 11.039,
          "end": 11.359,
          "score": 0.826,
          "speaker": "SPEAKER_00"
        },
        {
          "word": "debates.",
          "start": 11.519,
          "end": 11.959,
          "score": 0.85,
          "speaker": "SPEAKER_00"
        }
      ],
      "speaker": "SPEAKER_00"
    },
    {
      "start": 12.36,
      "end": 16.443,
      "text": "You can watch it live on our sister station, The CW, beginning tonight at 6.",
      "words": [
        {
          "word": "You",
          "start": 12.36,
          "end": 12.44,
          "score": 0.99,
          "speaker": "SPEAKER_00"
        },
        {
          "word": "can",
          "start": 12.46,
          "end": 12.6,
          "score": 0.728,
          "speaker": "SPEAKER_00"
        },
        {
          "word": "watch",
          "start": 12.64,
          "end": 12.88,
          "score": 0.923,
          "speaker": "SPEAKER_00"
        },
        {
          "word": "it",
          "start": 12.92,
          "end": 12.96,
          "score": 0.998,
          "speaker": "SPEAKER_00"
        },
        {
          "word": "live",
          "start": 13.12,
          "end": 13.521,
          "score": 0.96,
          "speaker": "SPEAKER_00"
        },
        {
          "word": "on",
          "start": 13.601,
          "end": 13.661,
          "score": 0.812,
          "speaker": "SPEAKER_00"
        },
        {
          "word": "our",
          "start": 13.721,
          "end": 13.821,
          "score": 0.791,
          "speaker": "SPEAKER_00"
        },
        {
          "word": "sister",
          "start": 13.861,
          "end": 14.201,
          "score": 0.77,
          "speaker": "SPEAKER_00"
        },
        {
          "word": "station,",
          "start": 14.241,
          "end": 14.622,
          "score": 0.874,
          "speaker": "SPEAKER_00"
        },
        {
          "word": "The",
          "start": 14.682,
          "end": 14.762,
          "score": 0.833,
          "speaker": "SPEAKER_00"
        },
        {
          "word": "CW,",
          "start": 14.822,
          "end": 15.402,
          "score": 0.791,
          "speaker": "SPEAKER_00"
        },
        {
          "word": "beginning",
          "start": 15.462,
          "end": 15.783,
          "score": 0.832,
          "speaker": "SPEAKER_00"
        },
        {
          "word": "tonight",
          "start": 15.823,
          "end": 16.163,
          "score": 0.775,
          "speaker": "SPEAKER_00"
        },
        {
          "word": "at",
          "start": 16.343,
          "end": 16.443,
          "score": 0.793,
          "speaker": "SPEAKER_00"
        },
        {
          "word": "6."
        }
      ],
      "speaker": "SPEAKER_00"
    },
    {
      "start": 17.444,
      "end": 21.788,
      "text": "We'll also air it again here on KRIS following our late-night programming.",
      "words": [
        {
          "word": "We'll",
          "start": 17.444,
          "end": 17.604,
          "score": 0.801,
          "speaker": "SPEAKER_00"
        },
        {
          "word": "also",
          "start": 17.644,
          "end": 17.884,
          "score": 0.918,
          "speaker": "SPEAKER_00"
        },
        {
          "word": "air",
          "start": 17.985,
          "end": 18.125,
          "score": 0.378,
          "speaker": "SPEAKER_00"
        },
        {
          "word": "it",
          "start": 18.145,
          "end": 18.225,
          "score": 0.888,
          "speaker": "SPEAKER_00"
        },
        {
          "word": "again",
          "start": 18.245,
          "end": 18.465,
          "score": 0.841,
          "speaker": "SPEAKER_00"
        },
        {
          "word": "here",
          "start": 18.545,
          "end": 18.785,
          "score": 0.829,
          "speaker": "SPEAKER_00"
        },
        {
          "word": "on",
          "start": 18.945,
          "end": 19.045,
          "score": 0.584,
          "speaker": "SPEAKER_00"
        },
        {
          "word": "KRIS",
          "start": 19.106,
          "end": 19.866,
          "score": 0.803,
          "speaker": "SPEAKER_00"
        },
        {
          "word": "following",
          "start": 20.006,
          "end": 20.367,
          "score": 0.827,
          "speaker": "SPEAKER_00"
        },
        {
          "word": "our",
          "start": 20.427,
          "end": 20.547,
          "score": 0.62,
          "speaker": "SPEAKER_00"
        },
        {
          "word": "late-night",
          "start": 20.607,
          "end": 21.067,
          "score": 0.801,
          "speaker": "SPEAKER_00"
        },
        {
          "word": "programming.",
          "start": 21.247,
          "end": 21.788,
          "score": 0.809,
          "speaker": "SPEAKER_00"
        }
      ],
      "speaker": "SPEAKER_00"
    }
  ],
  "word_segments": [
    {
      "word": "It",
      "start": 0.109,
      "end": 0.189,
      "score": 0.837,
      "speaker": "SPEAKER_00"
    },
    {
      "word": "is",
      "start": 0.289,
      "end": 0.409,
      "score": 0.728,
      "speaker": "SPEAKER_00"
    },
    {
      "word": "a",
      "start": 0.469,
      "end": 0.509,
      "score": 0.5,
      "speaker": "SPEAKER_00"
    },
    {
      "word": "big",
      "start": 0.65,
      "end": 0.87,
      "score": 0.892,
      "speaker": "SPEAKER_00"
    },
    {
      "word": "night",
      "start": 0.95,
      "end": 1.23,
      "score": 0.72,
      "speaker": "SPEAKER_00"
    },
    {
      "word": "here",
      "start": 1.27,
      "end": 1.43,
      "score": 0.68,
      "speaker": "SPEAKER_00"
    },
    {
      "word": "in",
      "start": 1.47,
      "end": 1.53,
      "score": 0.998,
      "speaker": "SPEAKER_00"
    },
    {
      "word": "Texas",
      "start": 1.57,
      "end": 1.951,
      "score": 0.954,
      "speaker": "SPEAKER_00"
    },
    {
      "word": "for",
      "start": 2.011,
      "end": 2.131,
      "score": 0.744,
      "speaker": "SPEAKER_00"
    },
    {
      "word": "the",
      "start": 2.171,
      "end": 2.231,
      "score": 0.999,
      "speaker": "SPEAKER_00"
    },
    {
      "word": "two",
      "start": 2.271,
      "end": 2.411,
      "score": 0.724,
      "speaker": "SPEAKER_00"
    },
    {
      "word": "men",
      "start": 2.451,
      "end": 2.631,
      "score": 0.831,
      "speaker": "SPEAKER_00"
    },
    {
      "word": "running",
      "start": 2.711,
      "end": 2.972,
      "score": 0.854,
      "speaker": "SPEAKER_00"
    },
    {
      "word": "for",
      "start": 3.032,
      "end": 3.152,
      "score": 0.73,
      "speaker": "SPEAKER_00"
    },
    {
      "word": "the",
      "start": 3.172,
      "end": 3.252,
      "score": 0.833,
      "speaker": "SPEAKER_00"
    },
    {
      "word": "United",
      "start": 3.292,
      "end": 3.672,
      "score": 0.753,
      "speaker": "SPEAKER_00"
    },
    {
      "word": "States",
      "start": 3.732,
      "end": 4.012,
      "score": 0.736,
      "speaker": "SPEAKER_00"
    },
    {
      "word": "Senate",
      "start": 4.153,
      "end": 4.453,
      "score": 0.897,
      "speaker": "SPEAKER_00"
    },
    {
      "word": "in",
      "start": 4.513,
      "end": 4.573,
      "score": 0.923,
      "speaker": "SPEAKER_00"
    },
    {
      "word": "the",
      "start": 4.593,
      "end": 4.673,
      "score": 0.835,
      "speaker": "SPEAKER_00"
    },
    {
      "word": "upcoming",
      "start": 4.733,
      "end": 5.053,
      "score": 0.949,
      "speaker": "SPEAKER_00"
    },
    {
      "word": "election.",
      "start": 5.113,
      "end": 5.514,
      "score": 0.924,
      "speaker": "SPEAKER_00"
    },
    {
      "word": "Incumbent",
      "start": 5.934,
      "end": 6.314,
      "score": 0.82,
      "speaker": "SPEAKER_00"
    },
    {
      "word": "Republican",
      "start": 6.354,
      "end": 6.855,
      "score": 0.823,
      "speaker": "SPEAKER_00"
    },
    {
      "word": "Ted",
      "start": 6.895,
      "end": 7.075,
      "score": 0.981,
      "speaker": "SPEAKER_00"
    },
    {
      "word": "Cruz",
      "start": 7.135,
      "end": 7.515,
      "score": 0.844,
      "speaker": "SPEAKER_00"
    },
    {
      "word": "will",
      "start": 7.556,
      "end": 7.716,
      "score": 0.959,
      "speaker": "SPEAKER_00"
    },
    {
      "word": "face",
      "start": 7.756,
      "end": 7.956,
      "score": 0.83,
      "speaker": "SPEAKER_00"
    },
    {
      "word": "Democrat",
      "start": 7.996,
      "end": 8.416,
      "score": 0.876,
      "speaker": "SPEAKER_00"
    },
    {
      "word": "challenger",
      "start": 8.456,
      "end": 8.977,
      "score": 0.825,
      "speaker": "SPEAKER_00"
    },
    {
      "word": "Beto",
      "start": 9.077,
      "end": 9.397,
      "score": 0.877,
      "speaker": "SPEAKER_00"
    },
    {
      "word": "O'Rourke",
      "start": 9.497,
      "end": 9.958,
      "score": 0.719,
      "speaker": "SPEAKER_00"
    },
    {
      "word": "in",
      "start": 10.338,
      "end": 10.418,
      "score": 0.901,
      "speaker": "SPEAKER_00"
    },
    {
      "word": "the",
      "start": 10.438,
      "end": 10.518,
      "score": 0.846,
      "speaker": "SPEAKER_00"
    },
    {
      "word": "first",
      "start": 10.558,
      "end": 10.818,
      "score": 0.83,
      "speaker": "SPEAKER_00"
    },
    {
      "word": "of",
      "start": 10.858,
      "end": 10.918,
      "score": 0.749,
      "speaker": "SPEAKER_00"
    },
    {
      "word": "three",
      "start": 11.039,
      "end": 11.359,
      "score": 0.826,
      "speaker": "SPEAKER_00"
    },
    {
      "word": "debates.",
      "start": 11.519,
      "end": 11.959,
      "score": 0.85,
      "speaker": "SPEAKER_00"
    },
    {
      "word": "You",
      "start": 12.36,
      "end": 12.44,
      "score": 0.99,
      "speaker": "SPEAKER_00"
    },
    {
      "word": "can",
      "start": 12.46,
      "end": 12.6,
      "score": 0.728,
      "speaker": "SPEAKER_00"
    },
    {
      "word": "watch",
      "start": 12.64,
      "end": 12.88,
      "score": 0.923,
      "speaker": "SPEAKER_00"
    },
    {
      "word": "it",
      "start": 12.92,
      "end": 12.96,
      "score": 0.998,
      "speaker": "SPEAKER_00"
    },
    {
      "word": "live",
      "start": 13.12,
      "end": 13.521,
      "score": 0.96,
      "speaker": "SPEAKER_00"
    },
    {
      "word": "on",
      "start": 13.601,
      "end": 13.661,
      "score": 0.812,
      "speaker": "SPEAKER_00"
    },
    {
      "word": "our",
      "start": 13.721,
      "end": 13.821,
      "score": 0.791,
      "speaker": "SPEAKER_00"
    },
    {
      "word": "sister",
      "start": 13.861,
      "end": 14.201,
      "score": 0.77,
      "speaker": "SPEAKER_00"
    },
    {
      "word": "station,",
      "start": 14.241,
      "end": 14.622,
      "score": 0.874,
      "speaker": "SPEAKER_00"
    },
    {
      "word": "The",
      "start": 14.682,
      "end": 14.762,
      "score": 0.833,
      "speaker": "SPEAKER_00"
    },
    {
      "word": "CW,",
      "start": 14.822,
      "end": 15.402,
      "score": 0.791,
      "speaker": "SPEAKER_00"
    },
    {
      "word": "beginning",
      "start": 15.462,
      "end": 15.783,
      "score": 0.832,
      "speaker": "SPEAKER_00"
    },
    {
      "word": "tonight",
      "start": 15.823,
      "end": 16.163,
      "score": 0.775,
      "speaker": "SPEAKER_00"
    },
    {
      "word": "at",
      "start": 16.343,
      "end": 16.443,
      "score": 0.793,
      "speaker": "SPEAKER_00"
    },
    {
      "word": "6."
    },
    {
      "word": "We'll",
      "start": 17.444,
      "end": 17.604,
      "score": 0.801,
      "speaker": "SPEAKER_00"
    },
    {
      "word": "also",
      "start": 17.644,
      "end": 17.884,
      "score": 0.918,
      "speaker": "SPEAKER_00"
    },
    {
      "word": "air",
      "start": 17.985,
      "end": 18.125,
      "score": 0.378,
      "speaker": "SPEAKER_00"
    },
    {
      "word": "it",
      "start": 18.145,
      "end": 18.225,
      "score": 0.888,
      "speaker": "SPEAKER_00"
    },
    {
      "word": "again",
      "start": 18.245,
      "end": 18.465,
      "score": 0.841,
      "speaker": "SPEAKER_00"
    },
    {
      "word": "here",
      "start": 18.545,
      "end": 18.785,
      "score": 0.829,
      "speaker": "SPEAKER_00"
    },
    {
      "word": "on",
      "start": 18.945,
      "end": 19.045,
      "score": 0.584,
      "speaker": "SPEAKER_00"
    },
    {
      "word": "KRIS",
      "start": 19.106,
      "end": 19.866,
      "score": 0.803,
      "speaker": "SPEAKER_00"
    },
    {
      "word": "following",
      "start": 20.006,
      "end": 20.367,
      "score": 0.827,
      "speaker": "SPEAKER_00"
    },
    {
      "word": "our",
      "start": 20.427,
      "end": 20.547,
      "score": 0.62,
      "speaker": "SPEAKER_00"
    },
    {
      "word": "late-night",
      "start": 20.607,
      "end": 21.067,
      "score": 0.801,
      "speaker": "SPEAKER_00"
    },
    {
      "word": "programming.",
      "start": 21.247,
      "end": 21.788,
      "score": 0.809,
      "speaker": "SPEAKER_00"
    }
  ],
  "language": "en"
}