{
  "segments": [
    {
      "start": 1.089,
      "end": 7.211,
      "text": " NOW TO A DEVELOPING STORY OUT OF CALIFORNIA WHERE HEATED PROTESTS ERUPTED DURING A DONALD TRUMP RALLY.",
      "words": [
        {
          "word": "NOW",
          "start": 1.089,
          "end": 1.229,
          "score": 0.905,
          "speaker": "SPEAKER_00"
        },
        {
          "word": "TO",
          "start": 1.269,
          "end": 1.369,
          "score": 0.844,
          "speaker": "SPEAKER_00"
        },
        {
          "word": "A",
          "start": 1.409,
          "end": 1.449,
          "score": 0.686,
          "speaker": "SPEAKER_00"
        },
        {
          "word": "DEVELOPING",
          "start": 1.489,
          "end": 1.969,
          "score": 0.775,
          "speaker": "SPEAKER_00"
        },
        {
          "word": "STORY",
          "start": 2.049,
          "end": 2.429,
          "score": 0.847,
          "speaker": "SPEAKER_00"
        },
        {
          "word": "OUT",
          "start": 2.57,
          "end": 2.71,
          "score": 0.885,
          "speaker": "SPEAKER_00"
        },
        {
          "word": "OF",
          "start": 2.75,
          "end": 2.81,
          "score": 0.75,
          "speaker": "SPEAKER_00"
        },
        {
          "word": "CALIFORNIA",
          "start": 2.89,
          "end": 3.59,
          "score": 0.81,
          "speaker": "SPEAKER_00"
        },
        {
          "word": "WHERE",
          "start": 3.63,
          "end": 3.79,
          "score": 0.705,
          "speaker": "SPEAKER_00"
        },
        {
          "word": "HEATED",
          "start": 3.87,
          "end": 4.23,
          "score": 0.836,
          "speaker": "SPEAKER_00"
        },
        {
          "word": "PROTESTS",
          "start": 4.29,
          "end": 4.77,
          "score": 0.82,
          "speaker": "SPEAKER_00"
        },
        {
          "word": "ERUPTED",
          "start": 4.85,
          "end": 5.47,
          "score": 0.808,
          "speaker": "SPEAKER_00"
        },
        {
          "word": "DURING",
          "start": 5.55,
          "end": 5.831,
          "score": 0.775,
          "speaker": "SPEAKER_00"
        },
        {
          "word": "A",
          "start": 5.891,
          "end": 5.951,
          "score": 0.897,
          "speaker": "SPEAKER_00"
        },
        {
          "word": "DONALD",
          "start": 6.051,
          "end": 6.411,
          "score": 0.828,
          "speaker": "SPEAKER_00"
        },
        {
          "word": "TRUMP",
          "start": 6.451,
          "end": 6.731,
          "score": 0.865,
          "speaker": "SPEAKER_00"
        },
        {
          "word": "RALLY.",
          "start": 6.811,
          "end": 7.211,
          "score": 0.92,
          "speaker": "SPEAKER_00"
        }
      ],
      "speaker": "SPEAKER_00"
    },
    {
      "start": 7.531,
      "end": 11.172,
      "text": "HUNDREDS OF ANTI-TRUMP PROTESTERS CLASHED WITH DRIVERS AND POLICE.",
      "words": [
        {
          "word": "HUNDREDS",
          "start": 7.531,
          "end": 7.851,
          "score": 0.726,
          "speaker": "SPEAKER_00"
        },
        {
          "word": "OF",
          "start": 7.871,
          "end": 7.931,
          "score": 0.75,
          "speaker": "SPEAKER_00"
        },
        {
          "word": "ANTI-TRUMP",
          "start": 8.011,
          "end": 8.471,
          "score": 0.865,
          "speaker": "SPEAKER_00"
        },
        {
          "word": "PROTESTERS",
          "start": 8.491,
          "end": 8.992,
          "score": 0.725,
          "speaker": "SPEAKER_00"
        },
        {
          "word": "CLASHED",
          "start": 9.052,
          "end": 9.392,
          "score": 0.953,
          "speaker": "SPEAKER_00"
        },
        {
          "word": "WITH",
          "start": 9.452,
          "end": 9.612,
          "score": 0.876,
          "speaker": "SPEAKER_00"
        },
        {
          "word": "DRIVERS",
          "start": 9.752,
          "end": 10.192,
          "score": 0.861,
          "speaker": "SPEAKER_00"
        },
        {
          "word": "AND",
          "start": 10.412,
          "end": 10.572,
          "score": 0.611,
          "speaker": "SPEAKER_00"
        },
        {
          "word": "POLICE.",
          "start": 10.692,
          "end": 11.172,
          "score": 0.886,
          "speaker": "SPEAKER_00"
        }
      ],
      "speaker": "SPEAKER_00"
    },
    {
      "start": 11.673,
      "end": 13.993,
      "text": "THIS MORNING, MORE THAN A DOZEN PEOPLE HAVE BEEN ARRESTED.",
      "words": [
        {
          "word": "THIS",
          "start": 11.673,
          "end": 11.833,
          "score": 0.829,
          "speaker": "SPEAKER_00"
        },
        {
          "word": "MORNING,",
          "start": 11.893,
          "end": 12.153,
          "score": 0.851,
          "speaker": "SPEAKER_00"
        },
        {
          "word": "MORE",
          "start": 12.193,
          "end": 12.313,
          "score": 0.881,
          "speaker": "SPEAKER_00"
        },
        {
          "word": "THAN",
          "start": 12.353,
          "end": 12.453,
          "score": 0.882,
          "speaker": "SPEAKER_00"
        },
        {
          "word": "A",
          "start": 12.493,
          "end": 12.533,
          "score": 0.499,
          "speaker": "SPEAKER_00"
        },
        {
          "word": "DOZEN",
          "start": 12.573,
          "end": 12.813,
          "score": 0.878,
          "speaker": "SPEAKER_00"
        },
        {
          "word": "PEOPLE",
          "start": 12.873,
          "end": 13.153,
          "score": 0.667,
          "speaker": "SPEAKER_00"
        },
        {
          "word": "HAVE",
          "start": 13.193,
          "end": 13.293,
          "score": 0.884,
          "speaker": "SPEAKER_00"
        },
        {
          "word": "BEEN",
          "start": 13.313,
          "end": 13.453,
          "score": 0.75,
          "speaker": "SPEAKER_00"
        },
        {
          "word": "ARRESTED.",
          "start": 13.473,
          "end": 13.993,
          "score": 0.814,
          "speaker": "SPEAKER_00"
        }
      ],
      "speaker": "SPEAKER_00"
    },
    {
      "start": 14.193,
      "end": 20.375,
      "text": "MEANTIME, GOP CANDIDATES ARE TURNING THEIR ATTENTION TO CALIFORNIA, WHERE 172 DELEGATES ARE UP FOR GRABS.",
      "words": [
        {
          "word": "MEANTIME,",
          "start": 14.193,
          "end": 14.674,
          "score": 0.773,
          "speaker": "SPEAKER_00"
        },
        {
          "word": "GOP",
          "start": 14.734,
          "end": 15.134,
          "score": 0.836,
          "speaker": "SPEAKER_00"
        },
        {
          "word": "CANDIDATES",
          "start": 15.174,
          "end": 15.574,
          "score": 0.821,
          "speaker": "SPEAKER_00"
        },
        {
          "word": "ARE",
          "start": 15.634,
          "end": 15.734,
          "score": 0.744,
          "speaker": "SPEAKER_00"
        },
        {
          "word": "TURNING",
          "start": 15.794,
          "end": 16.034,
          "score": 0.812,
          "speaker": "SPEAKER_00"
        },
        {
          "word": "THEIR",
          "start": 16.054,
          "end": 16.194,
          "score": 0.8,
          "speaker": "SPEAKER_00"
        },
        {
          "word": "ATTENTION",
          "start": 16.214,
          "end": 16.594,
          "score": 0.898,
          "speaker": "SPEAKER_00"
        },
        {
          "word": "TO",
          "start": 16.634,
          "end": 16.774,
          "score": 0.732,
          "speaker": "SPEAKER_00"
        },
        {
          "word": "CALIFORNIA,",
          "start": 16.814,
          "end": 17.434,
          "score": 0.86,
          "speaker": "SPEAKER_00"
        },
        {
          "word": "WHERE",
          "start": 17.775,
          "end": 18.495,
          "score": 0.698,
          "speaker": "SPEAKER_00"
        },
        {
          "word": "172"
        },
        {
          "word": "DELEGATES",
          "start": 19.135,
          "end": 19.515,
          "score": 0.886,
          "speaker": "SPEAKER_00"
        },
        {
          "word": "ARE",
          "start": 19.575,
          "end": 19.655,
          "score": 0.852,
          "speaker": "SPEAKER_00"
        },
        {
          "word": "UP",
          "start": 19.735,
          "end": 19.835,
          "score": 0.932,
          "speaker": "SPEAKER_00"
        },
        {
          "word": "FOR",
          "start": 19.855,
          "end": 19.975,
          "score": 0.84,
          "speaker": "SPEAKER_00"
        },
        {
          "word": "GRABS.",
          "start": 19.995,
          "end": 20.375,
          "score": 0.78,
          "speaker": "SPEAKER_00"
        }
      ],
      "speaker": "SPEAKER_00"
    },
    {
      "start": 20.696,
      "end": 24.777,
      "text": "CBS 4'S BROOK SILVABRAGA HAS THE LATEST ON THE REPUBLICAN CAMPAIGN FOR PRESIDENT.",
      "words": [
        {
          "word": "CBS",
          "start": 20.696,
          "end": 21.016,
          "score": 0.623,
          "speaker": "SPEAKER_00"
        },
        {
          "word": "4'S",
          "start": 21.216,
          "end": 21.296,
          "score": 0.554,
          "speaker": "SPEAKER_00"
        },
        {
          "word": "BROOK",
          "start": 21.336,
          "end": 21.536,
          "score": 0.835,
          "speaker": "SPEAKER_00"
        },
        {
          "word": "SILVABRAGA",
          "start": 21.556,
          "end": 22.096,
          "score": 0.9,
          "speaker": "SPEAKER_00"
        },
        {
          "word": "HAS",
          "start": 22.136,
          "end": 22.256,
          "score": 0.886,
          "speaker": "SPEAKER_00"
        },
        {
          "word": "THE",
          "start": 22.296,
          "end": 22.376,
          "score": 0.833,
          "speaker": "SPEAKER_00"
        },
        {
          "word": "LATEST",
          "start": 22.436,
          "end": 22.796,
          "score": 0.878,
          "speaker": "SPEAKER_00"
        },
        {
          "word": "ON",
          "start": 22.856,
          "end": 22.936,
          "score": 0.812,
          "speaker": "SPEAKER_00"
        },
        {
          "word": "THE",
          "start": 22.956,
          "end": 23.036,
          "score": 0.839,
          "speaker": "SPEAKER_00"
        },
        {
          "word": "REPUBLICAN",
          "start": 23.096,
          "end": 23.577,
          "score": 0.812,
          "speaker": "SPEAKER_00"
        },
        {
          "word": "CAMPAIGN",
          "start": 23.617,
          "end": 24.057,
          "score": 0.875,
          "speaker": "SPEAKER_00"
        },
        {
          "word": "FOR",
          "start": 24.117,
          "end": 24.277,
          "score": 0.831,
          "speaker": "SPEAKER_00"
        },
        {
          "word": "PRESIDENT.",
          "start": 24.357,
          "end": 24.777,
          "score": 0.87,
          "speaker": "SPEAKER_00"
        }
      ],
      "speaker": "SPEAKER_00"
    },
    {
      "start": 26.67,
      "end": 32.953,
      "text": " Anti-Donald Trump protesters clashed with police outside an amphitheater in Costa Mesa, California late Thursday night.",
      "words": [
        {
          "word": "Anti-Donald",
          "start": 26.67,
          "end": 27.35,
          "score": 0.875,
          "speaker": "SPEAKER_01"
        },
        {
          "word": "Trump",
          "start": 27.39,
          "end": 27.651,
          "score": 0.761,
          "speaker": "SPEAKER_01"
        },
        {
          "word": "protesters",
          "start": 27.691,
          "end": 28.351,
          "score": 0.777,
          "speaker": "SPEAKER_01"
        },
        {
          "word": "clashed",
          "start": 28.431,
          "end": 28.791,
          "score": 0.75,
          "speaker": "SPEAKER_01"
        },
        {
          "word": "with",
          "start": 28.831,
          "end": 28.951,
          "score": 0.782,
          "speaker": "SPEAKER_01"
        },
        {
          "word": "police",
          "start": 29.031,
          "end": 29.411,
          "score": 0.994,
          "speaker": "SPEAKER_01"
        },
        {
          "word": "outside",
          "start": 29.551,
          "end": 29.892,
          "score": 0.904,
          "speaker": "SPEAKER_01"
        },
        {
          "word": "an",
          "start": 29.932,
          "end": 29.992,
          "score": 0.741,
          "speaker": "SPEAKER_01"
        },
        {
          "word": "amphitheater",
          "start": 30.072,
          "end": 30.552,
          "score": 0.759,
          "speaker": "SPEAKER_01"
        },
        {
          "word": "in",
          "start": 30.592,
          "end": 30.672,
          "score": 0.662,
          "speaker": "SPEAKER_01"
        },
        {
          "word": "Costa",
          "start": 30.732,
          "end": 31.072,
          "score": 0.936,
          "speaker": "SPEAKER_01"
        },
        {
          "word": "Mesa,",
          "start": 31.112,
          "end": 31.432,
          "score": 0.871,
          "speaker": "SPEAKER_01"
        },
        {
          "word": "California",
          "start": 31.472,
          "end": 32.093,
          "score": 0.774,
          "speaker": "SPEAKER_01"
        },
        {
          "word": "late",
          "start": 32.133,
          "end": 32.313,
          "score": 0.734,
          "speaker": "SPEAKER_01"
        },
        {
          "word": "Thursday",
          "start": 32.353,
          "end": 32.733,
          "score": 0.779,
          "speaker": "SPEAKER_01"
        },
        {
          "word": "night.",
          "start": 32.773,
          "end": 32.953,
          "score": 0.856,
          "speaker": "SPEAKER_01"
        }
      ],
      "speaker": "SPEAKER_01"
    },
    {
      "start": 33.473,
      "end": 36.755,
      "text": "Some in the crowd held dump Trump signs as they blocked traffic.",
      "words": [
        {
          "word": "Some",
          "start": 33.473,
          "end": 33.613,
          "score": 0.988,
          "speaker": "SPEAKER_01"
        },
        {
          "word": "in",
          "start": 33.653,
          "end": 33.713,
          "score": 0.992,
          "speaker": "SPEAKER_01"
        },
        {
          "word": "the",
          "start": 33.753,
          "end": 33.833,
          "score": 0.833,
          "speaker": "SPEAKER_01"
        },
        {
          "word": "crowd",
          "start": 33.873,
          "end": 34.153,
          "score": 0.844,
          "speaker": "SPEAKER_01"
        },
        {
          "word": "held",
          "start": 34.213,
          "end": 34.414,
          "score": 0.855,
          "speaker": "SPEAKER_01"
        },
        {
          "word": "dump",
          "start": 34.534,
          "end": 34.794,
          "score": 0.893,
          "speaker": "SPEAKER_01"
        },
        {
          "word": "Trump",
          "start": 34.914,
          "end": 35.194,
          "score": 0.815,
          "speaker": "SPEAKER_01"
        },
        {
          "word": "signs",
          "start": 35.234,
          "end": 35.534,
          "score": 0.793,
          "speaker": "SPEAKER_01"
        },
        {
          "word": "as",
          "start": 35.614,
          "end": 35.694,
          "score": 0.834,
          "speaker": "SPEAKER_01"
        },
        {
          "word": "they",
          "start": 35.734,
          "end": 35.874,
          "score": 0.776,
          "speaker": "SPEAKER_01"
        },
        {
          "word": "blocked",
          "start": 35.934,
          "end": 36.234,
          "score": 0.925,
          "speaker": "SPEAKER_01"
        },
        {
          "word": "traffic.",
          "start": 36.374,
          "end": 36.755,
          "score": 0.963,
          "speaker": "SPEAKER_01"
        }
      ],
      "speaker": "SPEAKER_01"
    },
    {
      "start": 37.255,
      "end": 39.816,
      "text": "Others took their frustrations out on a police car.",
      "words": [
        {
          "word": "Others",
          "start": 37.255,
          "end": 37.515,
          "score": 0.724,
          "speaker": "SPEAKER_01"
        },
        {
          "word": "took",
          "start": 37.555,
          "end": 37.715,
          "score": 0.875,
          "speaker": "SPEAKER_01"
        },
        {
          "word": "their",
          "start": 37.755,
          "end": 37.895,
          "score": 0.828,
          "speaker": "SPEAKER_01"
        },
        {
          "word": "frustrations",
          "start": 37.935,
          "end": 38.575,
          "score": 0.814,
          "speaker": "SPEAKER_01"
        },
        {
          "word": "out",
          "start": 38.675,
          "end": 38.796,
          "score": 0.895,
          "speaker": "SPEAKER_01"
        },
        {
          "word": "on",
          "start": 38.876,
          "end": 38.956,
          "score": 0.832,
          "speaker": "SPEAKER_01"
        },
        {
          "word": "a",
          "start": 38.976,
          "end": 39.016,
          "score": 0.483,
          "speaker": "SPEAKER_01"
        },
        {
          "word": "police",
          "start": 39.056,
          "end": 39.436,
          "score": 0.849,
          "speaker": "SPEAKER_01"
        },
        {
          "word": "car.",
          "start": 39.496,
          "end": 39.816,
          "score": 0.921,
          "speaker": "SPEAKER_01"
        }
      ],
      "speaker": "SPEAKER_01"
    },
    {
      "start": 40.556,
      "end": 48.44,
      "text": "The protests come as Trump turns his attention to delegate-rich California in a bid to secure a general election matchup with Hillary Clinton.",
      "words": [
        {
          "word": "The",
          "start": 40.556,
          "end": 40.656,
          "score": 0.844,
          "speaker": "SPEAKER_01"
        },
        {
          "word": "protests",
          "start": 40.696,
          "end": 41.217,
          "score": 0.782,
          "speaker": "SPEAKER_01"
        },
        {
          "word": "come",
          "start": 41.297,
          "end": 41.557,
          "score": 0.961,
          "speaker": "SPEAKER_01"
        },
        {
          "word": "as",
          "start": 41.697,
          "end": 41.777,
          "score": 0.71,
          "speaker": "SPEAKER_01"
        },
        {
          "word": "Trump",
          "start": 41.897,
          "end": 42.137,
          "score": 0.924,
          "speaker": "SPEAKER_01"
        },
        {
          "word": "turns",
          "start": 42.197,
          "end": 42.437,
          "score": 0.882,
          "speaker": "SPEAKER_01"
        },
        {
          "word": "his",
          "start": 42.477,
          "end": 42.597,
          "score": 0.718,
          "speaker": "SPEAKER_01"
        },
        {
          "word": "attention",
          "start": 42.637,
          "end": 43.037,
          "score": 0.959,
          "speaker": "SPEAKER_01"
        },
        {
          "word": "to",
          "start": 43.097,
          "end": 43.197,
          "score": 0.747,
          "speaker": "SPEAKER_01"
        },
        {
          "word": "delegate-rich",
          "start": 43.278,
          "end": 43.978,
          "score": 0.908,
          "speaker": "SPEAKER_01"
        },
        {
          "word": "California",
          "start": 44.038,
          "end": 44.798,
          "score": 0.82,
          "speaker": "SPEAKER_01"
        },
        {
          "word": "in",
          "start": 45.158,
          "end": 45.238,
          "score": 0.828,
          "speaker": "SPEAKER_01"
        },
        {
          "word": "a",
          "start": 45.278,
          "end": 45.298,
          "score": 0.981,
          "speaker": "SPEAKER_01"
        },
        {
          "word": "bid",
          "start": 45.358,
          "end": 45.539,
          "score": 0.891,
          "speaker": "SPEAKER_01"
        },
        {
          "word": "to",
          "start": 45.579,
          "end": 45.659,
          "score": 0.775,
          "speaker": "SPEAKER_01"
        },
        {
          "word": "secure",
          "start": 45.699,
          "end": 46.039,
          "score": 0.763,
          "speaker": "SPEAKER_01"
        },
        {
          "word": "a",
          "start": 46.059,
          "end": 46.099,
          "score": 0.499,
          "speaker": "SPEAKER_01"
        },
        {
          "word": "general",
          "start": 46.179,
          "end": 46.519,
          "score": 0.841,
          "speaker": "SPEAKER_01"
        },
        {
          "word": "election",
          "start": 46.579,
          "end": 46.999,
          "score": 0.88,
          "speaker": "SPEAKER_01"
        },
        {
          "word": "matchup",
          "start": 47.059,
          "end": 47.439,
          "score": 0.905,
          "speaker": "SPEAKER_01"
        },
        {
          "word": "with",
          "start": 47.499,
          "end": 47.639,
          "score": 0.837,
          "speaker": "SPEAKER_01"
        },
        {
          "word": "Hillary",
          "start": 47.68,
          "end": 48.04,
          "score": 0.829,
          "speaker": "SPEAKER_01"
        },
        {
          "word": "Clinton.",
          "start": 48.1,
          "end": 48.44,
          "score": 0.943,
          "speaker": "SPEAKER_01"
        }
      ],
      "speaker": "SPEAKER_01"
    },
    {
      "start": 48.9,
      "end": 55.502,
      "text": " She shouldn't be allowed to run because what's happened with that whole email scandal is an absolute disgrace.",
      "words": [
        {
          "word": "She",
          "start": 48.9,
          "end": 49.06,
          "score": 0.895,
          "speaker": "SPEAKER_02"
        },
        {
          "word": "shouldn't",
          "start": 49.1,
          "end": 49.44,
          "score": 0.817,
          "speaker": "SPEAKER_02"
        },
        {
          "word": "be",
          "start": 49.48,
          "end": 49.58,
          "score": 0.708,
          "speaker": "SPEAKER_02"
        },
        {
          "word": "allowed",
          "start": 49.62,
          "end": 49.96,
          "score": 0.955,
          "speaker": "SPEAKER_02"
        },
        {
          "word": "to",
          "start": 50.02,
          "end": 50.141,
          "score": 0.714,
          "speaker": "SPEAKER_02"
        },
        {
          "word": "run",
          "start": 50.221,
          "end": 50.481,
          "score": 0.847,
          "speaker": "SPEAKER_02"
        },
        {
          "word": "because",
          "start": 50.841,
          "end": 51.161,
          "score": 0.868,
          "speaker": "SPEAKER_02"
        },
        {
          "word": "what's",
          "start": 51.221,
          "end": 51.441,
          "score": 0.9,
          "speaker": "SPEAKER_02"
        },
        {
          "word": "happened",
          "start": 51.481,
          "end": 51.881,
          "score": 0.834,
          "speaker": "SPEAKER_02"
        },
        {
          "word": "with",
          "start": 51.921,
          "end": 52.081,
          "score": 0.869,
          "speaker": "SPEAKER_02"
        },
        {
          "word": "that",
          "start": 52.121,
          "end": 52.321,
          "score": 0.487,
          "speaker": "SPEAKER_02"
        },
        {
          "word": "whole",
          "start": 52.401,
          "end": 52.661,
          "score": 0.78,
          "speaker": "SPEAKER_02"
        },
        {
          "word": "email",
          "start": 52.801,
          "end": 53.182,
          "score": 0.755,
          "speaker": "SPEAKER_02"
        },
        {
          "word": "scandal",
          "start": 53.222,
          "end": 53.682,
          "score": 0.874,
          "speaker": "SPEAKER_02"
        },
        {
          "word": "is",
          "start": 53.782,
          "end": 53.922,
          "score": 0.788,
          "speaker": "SPEAKER_02"
        },
        {
          "word": "an",
          "start": 53.962,
          "end": 54.002,
          "score": 0.958,
          "speaker": "SPEAKER_02"
        },
        {
          "word": "absolute",
          "start": 54.262,
          "end": 54.902,
          "score": 0.826,
          "speaker": "SPEAKER_02"
        },
        {
          "word": "disgrace.",
          "start": 54.962,
          "end": 55.502,
          "score": 0.964,
          "speaker": "SPEAKER_02"
        }
      ],
      "speaker": "SPEAKER_02"
    },
    {
      "start": 55.983,
      "end": 58.704,
      "text": "Rival Ted Cruz remains focused on Indiana.",
      "words": [
        {
          "word": "Rival",
          "start": 55.983,
          "end": 56.323,
          "score": 0.927,
          "speaker": "SPEAKER_01"
        },
        {
          "word": "Ted",
          "start": 56.343,
          "end": 56.563,
          "score": 0.761,
          "speaker": "SPEAKER_01"
        },
        {
          "word": "Cruz",
          "start": 56.643,
          "end": 57.023,
          "score": 0.766,
          "speaker": "SPEAKER_01"
        },
        {
          "word": "remains",
          "start": 57.163,
          "end": 57.483,
          "score": 0.85,
          "speaker": "SPEAKER_01"
        },
        {
          "word": "focused",
          "start": 57.543,
          "end": 57.923,
          "score": 0.882,
          "speaker": "SPEAKER_01"
        },
        {
          "word": "on",
          "start": 58.003,
          "end": 58.123,
          "score": 0.658,
          "speaker": "SPEAKER_01"
        },
        {
          "word": "Indiana.",
          "start": 58.183,
          "end": 58.704,
          "score": 0.891,
          "speaker": "SPEAKER_01"
        }
      ],
      "speaker": "SPEAKER_01"
    },
    {
      "start": 59.104,
      "end": 63.005,
      "text": "Yesterday, he denied entering into an alliance with John Kasich to win the state.",
      "words": [
        {
          "word": "Yesterday,",
          "start": 59.104,
          "end": 59.564,
          "score": 0.88,
          "speaker": "SPEAKER_01"
        },
        {
          "word": "he",
          "start": 59.624,
          "end": 59.744,
          "score": 0.67,
          "speaker": "SPEAKER_01"
        },
        {
          "word": "denied",
          "start": 59.784,
          "end": 60.184,
          "score": 0.833,
          "speaker": "SPEAKER_01"
        },
        {
          "word": "entering",
          "start": 60.284,
          "end": 60.584,
          "score": 0.894,
          "speaker": "SPEAKER_01"
        },
        {
          "word": "into",
          "start": 60.644,
          "end": 60.844,
          "score": 0.917,
          "speaker": "SPEAKER_01"
        },
        {
          "word": "an",
          "start": 60.884,
          "end": 60.924,
          "score": 0.996,
          "speaker": "SPEAKER_01"
        },
        {
          "word": "alliance",
          "start": 60.964,
          "end": 61.325,
          "score": 0.94,
          "speaker": "SPEAKER_01"
        },
        {
          "word": "with",
          "start": 61.345,
          "end": 61.465,
          "score": 0.876,
          "speaker": "SPEAKER_01"
        },
        {
          "word": "John",
          "start": 61.525,
          "end": 61.745,
          "score": 0.898,
          "speaker": "SPEAKER_01"
        },
        {
          "word": "Kasich",
          "start": 61.825,
          "end": 62.225,
          "score": 0.662,
          "speaker": "SPEAKER_01"
        },
        {
          "word": "to",
          "start": 62.325,
          "end": 62.425,
          "score": 0.994,
          "speaker": "SPEAKER_01"
        },
        {
          "word": "win",
          "start": 62.465,
          "end": 62.625,
          "score": 0.757,
          "speaker": "SPEAKER_01"
        },
        {
          "word": "the",
          "start": 62.645,
          "end": 62.725,
          "score": 0.86,
          "speaker": "SPEAKER_01"
        },
        {
          "word": "state.",
          "start": 62.745,
          "end": 63.005,
          "score": 0.825,
          "speaker": "SPEAKER_01"
        }
      ],
      "speaker": "SPEAKER_01"
    },
    {
      "start": 63.205,
      "end": 66.426,
      "text": "I recognize that the media is all eager to talk about an alliance.",
      "words": [
        {
          "word": "I",
          "start": 63.205,
          "end": 63.285,
          "score": 0.806,
          "speaker": "SPEAKER_01"
        },
        {
          "word": "recognize",
          "start": 63.365,
          "end": 63.986,
          "score": 0.847,
          "speaker": "SPEAKER_01"
        },
        {
          "word": "that",
          "start": 64.026,
          "end": 64.126,
          "score": 0.87,
          "speaker": "SPEAKER_01"
        },
        {
          "word": "the",
          "start": 64.146,
          "end": 64.206,
          "score": 0.998,
          "speaker": "SPEAKER_01"
        },
        {
          "word": "media",
          "start": 64.246,
          "end": 64.486,
          "score": 0.706,
          "speaker": "SPEAKER_01"
        },
        {
          "word": "is",
          "start": 64.526,
          "end": 64.626,
          "score": 0.583,
          "speaker": "SPEAKER_01"
        },
        {
          "word": "all",
          "start": 64.686,
          "end": 64.826,
          "score": 0.782,
          "speaker": "SPEAKER_01"
        },
        {
          "word": "eager",
          "start": 64.966,
          "end": 65.206,
          "score": 0.766,
          "speaker": "SPEAKER_01"
        },
        {
          "word": "to",
          "start": 65.226,
          "end": 65.306,
          "score": 0.512,
          "speaker": "SPEAKER_01"
        },
        {
          "word": "talk",
          "start": 65.366,
          "end": 65.606,
          "score": 0.934,
          "speaker": "SPEAKER_01"
        },
        {
          "word": "about",
          "start": 65.646,
          "end": 65.866,
          "score": 0.876,
          "speaker": "SPEAKER_01"
        },
        {
          "word": "an",
          "start": 65.906,
          "end": 65.946,
          "score": 0.988,
          "speaker": "SPEAKER_01"
        },
        {
          "word": "alliance.",
          "start": 66.006,
          "end": 66.426,
          "score": 0.921,
          "speaker": "SPEAKER_01"
        }
      ],
      "speaker": "SPEAKER_01"
    },
    {
      "start": 66.467,
      "end": 67.387,
      "text": "There is no alliance.",
      "words": [
        {
          "word": "There",
          "start": 66.467,
          "end": 66.607,
          "score": 0.93,
          "speaker": "SPEAKER_01"
        },
        {
          "word": "is",
          "start": 66.667,
          "end": 66.767,
          "score": 0.674,
          "speaker": "SPEAKER_01"
        },
        {
          "word": "no",
          "start": 66.827,
          "end": 66.947,
          "score": 0.946,
          "speaker": "SPEAKER_01"
        },
        {
          "word": "alliance.",
          "start": 66.987,
          "end": 67.387,
          "score": 0.913,
          "speaker": "SPEAKER_01"
        }
      ],
      "speaker": "SPEAKER_01"
    },
    {
      "start": 67.947,
      "end": 73.534,
      "text": " Despite agreeing not to campaign in Indiana, Kasich got a boost from the state's largest daily newspaper.",
      "words": [
        {
          "word": "Despite",
          "start": 67.947,
          "end": 68.308,
          "score": 0.905,
          "speaker": "SPEAKER_01"
        },
        {
          "word": "agreeing",
          "start": 68.348,
          "end": 68.748,
          "score": 0.829,
          "speaker": "SPEAKER_01"
        },
        {
          "word": "not",
          "start": 68.848,
          "end": 69.069,
          "score": 0.823,
          "speaker": "SPEAKER_01"
        },
        {
          "word": "to",
          "start": 69.089,
          "end": 69.209,
          "score": 0.634,
          "speaker": "SPEAKER_01"
        },
        {
          "word": "campaign",
          "start": 69.249,
          "end": 69.729,
          "score": 0.872,
          "speaker": "SPEAKER_01"
        },
        {
          "word": "in",
          "start": 69.77,
          "end": 69.85,
          "score": 0.634,
          "speaker": "SPEAKER_01"
        },
        {
          "word": "Indiana,",
          "start": 69.91,
          "end": 70.35,
          "score": 0.925,
          "speaker": "SPEAKER_01"
        },
        {
          "word": "Kasich",
          "start": 70.611,
          "end": 70.991,
          "score": 0.806,
          "speaker": "SPEAKER_01"
        },
        {
          "word": "got",
          "start": 71.051,
          "end": 71.211,
          "score": 0.915,
          "speaker": "SPEAKER_01"
        },
        {
          "word": "a",
          "start": 71.251,
          "end": 71.291,
          "score": 0.983,
          "speaker": "SPEAKER_01"
        },
        {
          "word": "boost",
          "start": 71.372,
          "end": 71.692,
          "score": 0.9,
          "speaker": "SPEAKER_01"
        },
        {
          "word": "from",
          "start": 71.732,
          "end": 71.852,
          "score": 0.908,
          "speaker": "SPEAKER_01"
        },
        {
          "word": "the",
          "start": 71.892,
          "end": 71.952,
          "score": 0.999,
          "speaker": "SPEAKER_01"
        },
        {
          "word": "state's",
          "start": 71.992,
          "end": 72.253,
          "score": 0.796,
          "speaker": "SPEAKER_01"
        },
        {
          "word": "largest",
          "start": 72.293,
          "end": 72.673,
          "score": 0.822,
          "speaker": "SPEAKER_01"
        },
        {
          "word": "daily",
          "start": 72.713,
          "end": 72.974,
          "score": 0.795,
          "speaker": "SPEAKER_01"
        },
        {
          "word": "newspaper.",
          "start": 73.034,
          "end": 73.534,
          "score": 0.811,
          "speaker": "SPEAKER_01"
        }
      ],
      "speaker": "SPEAKER_01"
    },
    {
      "start": 73.875,
      "end": 77.84,
      "text": "The Indianapolis star called a potential Trump presidency a danger to the U.S.",
      "words": [
        {
          "word": "The",
          "start": 73.875,
          "end": 73.955,
          "score": 0.893,
          "speaker": "SPEAKER_01"
        },
        {
          "word": "Indianapolis",
          "start": 74.015,
          "end": 74.596,
          "score": 0.829,
          "speaker": "SPEAKER_01"
        },
        {
          "word": "star",
          "start": 74.616,
          "end": 74.876,
          "score": 0.832,
          "speaker": "SPEAKER_01"
        },
        {
          "word": "called",
          "start": 74.916,
          "end": 75.136,
          "score": 0.782,
          "speaker": "SPEAKER_01"
        },
        {
          "word": "a",
          "start": 75.156,
          "end": 75.196,
          "score": 0.479,
          "speaker": "SPEAKER_01"
        },
        {
          "word": "potential",
          "start": 75.216,
          "end": 75.657,
          "score": 0.924,
          "speaker": "SPEAKER_01"
        },
        {
          "word": "Trump",
          "start": 75.697,
          "end": 75.917,
          "score": 0.763,
          "speaker": "SPEAKER_01"
        },
        {
          "word": "presidency",
          "start": 75.977,
          "end": 76.538,
          "score": 0.915,
          "speaker": "SPEAKER_01"
        },
        {
          "word": "a",
          "start": 76.658,
          "end": 76.678,
          "score": 0.999,
          "speaker": "SPEAKER_01"
        },
        {
          "word": "danger",
          "start": 76.758,
          "end": 77.119,
          "score": 0.889,
          "speaker": "SPEAKER_01"
        },
        {
          "word": "to",
          "start": 77.159,
          "end": 77.259,
          "score": 0.846,
          "speaker": "SPEAKER_01"
        },
        {
          "word": "the",
          "start": 77.279,
          "end": 77.359,
          "score": 0.83,
          "speaker": "SPEAKER_01"
        },
        {
          "word": "U.S.",
          "start": 77.499,
          "end": 77.84,
          "score": 0.778,
          "speaker": "SPEAKER_01"
        }
      ],
      "speaker": "SPEAKER_01"
    },
    {
      "start": 78.04,
      "end": 82.326,
      "text": "and the world, saying Kasich is the best choice for GOP primary voters.",
      "words": [
        {
          "word": "and",
          "start": 78.04,
          "end": 78.16,
          "score": 0.667,
          "speaker": "SPEAKER_01"
        },
        {
          "word": "the",
          "start": 78.22,
          "end": 78.3,
          "score": 0.898,
          "speaker": "SPEAKER_01"
        },
        {
          "word": "world,",
          "start": 78.36,
          "end": 78.701,
          "score": 0.681,
          "speaker": "SPEAKER_01"
        },
        {
          "word": "saying",
          "start": 79.061,
          "end": 79.302,
          "score": 0.979,
          "speaker": "SPEAKER_01"
        },
        {
          "word": "Kasich",
          "start": 79.382,
          "end": 79.822,
          "score": 0.757,
          "speaker": "SPEAKER_01"
        },
        {
          "word": "is",
          "start": 80.023,
          "end": 80.103,
          "score": 0.68,
          "speaker": "SPEAKER_01"
        },
        {
          "word": "the",
          "start": 80.143,
          "end": 80.223,
          "score": 0.822,
          "speaker": "SPEAKER_01"
        },
        {
          "word": "best",
          "start": 80.263,
          "end": 80.463,
          "score": 0.91,
          "speaker": "SPEAKER_01"
        },
        {
          "word": "choice",
          "start": 80.523,
          "end": 80.824,
          "score": 0.779,
          "speaker": "SPEAKER_01"
        },
        {
          "word": "for",
          "start": 80.864,
          "end": 80.984,
          "score": 0.823,
          "speaker": "SPEAKER_01"
        },
        {
          "word": "GOP",
          "start": 81.024,
          "end": 81.484,
          "score": 0.848,
          "speaker": "SPEAKER_01"
        },
        {
          "word": "primary",
          "start": 81.525,
          "end": 81.925,
          "score": 0.822,
          "speaker": "SPEAKER_01"
        },
        {
          "word": "voters.",
          "start": 81.965,
          "end": 82.326,
          "score": 0.863,
          "speaker": "SPEAKER_01"
        }
      ],
      "speaker": "SPEAKER_01"
    },
    {
      "start": 82.646,
      "end": 84.709,
      "text": "Brooke Silva Braga for CBS News, New York.",
      "words": [
        {
          "word": "Brooke",
          "start": 82.646,
          "end": 82.806,
          "score": 0.492,
          "speaker": "SPEAKER_01"
        },
        {
          "word": "Silva",
          "start": 82.846,
          "end": 83.046,
          "score": 0.611,
          "speaker": "SPEAKER_01"
        },
        {
          "word": "Braga",
          "start": 83.067,
          "end": 83.367,
          "score": 0.928,
          "speaker": "SPEAKER_01"
        },
        {
          "word": "for",
          "start": 83.547,
          "end": 83.667,
          "score": 0.716,
          "speaker": "SPEAKER_01"
        },
        {
          "word": "CBS",
          "start": 83.707,
          "end": 84.088,
          "score": 0.75,
          "speaker": "SPEAKER_01"
        },
        {
          "word": "News,",
          "start": 84.148,
          "end": 84.368,
          "score": 0.772,
          "speaker": "SPEAKER_01"
        },
        {
          "word": "New",
          "start": 84.448,
          "end": 84.528,
          "score": 0.855,
          "speaker": "SPEAKER_01"
        },
        {
          "word": "York.",
          "start": 84.548,
          "end": 84.709,
          "score": 0.809,
          "speaker": "SPEAKER_01"
        }
      ],
      "speaker": "SPEAKER_01"
    }
  ],
  "word_segments": [
    {
      "word": "NOW",
      "start": 1.089,
      "end": 1.229,
      "score": 0.905,
      "speaker": "SPEAKER_00"
    },
    {
      "word": "TO",
      "start": 1.269,
      "end": 1.369,
      "score": 0.844,
      "speaker": "SPEAKER_00"
    },
    {
      "word": "A",
      "start": 1.409,
      "end": 1.449,
      "score": 0.686,
      "speaker": "SPEAKER_00"
    },
    {
      "word": "DEVELOPING",
      "start": 1.489,
      "end": 1.969,
      "score": 0.775,
      "speaker": "SPEAKER_00"
    },
    {
      "word": "STORY",
      "start": 2.049,
      "end": 2.429,
      "score": 0.847,
      "speaker": "SPEAKER_00"
    },
    {
      "word": "OUT",
      "start": 2.57,
      "end": 2.71,
      "score": 0.885,
      "speaker": "SPEAKER_00"
    },
    {
      "word": "OF",
      "start": 2.75,
      "end": 2.81,
      "score": 0.75,
      "speaker": "SPEAKER_00"
    },
    {
      "word": "CALIFORNIA",
      "start": 2.89,
      "end": 3.59,
      "score": 0.81,
      "speaker": "SPEAKER_00"
    },
    {
      "word": "WHERE",
      "start": 3.63,
      "end": 3.79,
      "score": 0.705,
      "speaker": "SPEAKER_00"
    },
    {
      "word": "HEATED",
      "start": 3.87,
      "end": 4.23,
      "score": 0.836,
      "speaker": "SPEAKER_00"
    },
    {
      "word": "PROTESTS",
      "start": 4.29,
      "end": 4.77,
      "score": 0.82,
      "speaker": "SPEAKER_00"
    },
    {
      "word": "ERUPTED",
      "start": 4.85,
      "end": 5.47,
      "score": 0.808,
      "speaker": "SPEAKER_00"
    },
    {
      "word": "DURING",
      "start": 5.55,
      "end": 5.831,
      "score": 0.775,
      "speaker": "SPEAKER_00"
    },
    {
      "word": "A",
      "start": 5.891,
      "end": 5.951,
      "score": 0.897,
      "speaker": "SPEAKER_00"
    },
    {
      "word": "DONALD",
      "start": 6.051,
      "end": 6.411,
      "score": 0.828,
      "speaker": "SPEAKER_00"
    },
    {
      "word": "TRUMP",
      "start": 6.451,
      "end": 6.731,
      "score": 0.865,
      "speaker": "SPEAKER_00"
    },
    {
      "word": "RALLY.",
      "start": 6.811,
      "end": 7.211,
      "score": 0.92,
      "speaker": "SPEAKER_00"
    },
    {
      "word": "HUNDREDS",
      "start": 7.531,
      "end": 7.851,
      "score": 0.726,
      "speaker": "SPEAKER_00"
    },
    {
      "word": "OF",
      "start": 7.871,
      "end": 7.931,
      "score": 0.75,
      "speaker": "SPEAKER_00"
    },
    {
      "word": "ANTI-TRUMP",
      "start": 8.011,
      "end": 8.471,
      "score": 0.865,
      "speaker": "SPEAKER_00"
    },
    {
      "word": "PROTESTERS",
      "start": 8.491,
      "end": 8.992,
      "score": 0.725,
      "speaker": "SPEAKER_00"
    },
    {
      "word": "CLASHED",
      "start": 9.052,
      "end": 9.392,
      "score": 0.953,
      "speaker": "SPEAKER_00"
    },
    {
      "word": "WITH",
      "start": 9.452,
      "end": 9.612,
      "score": 0.876,
      "speaker": "SPEAKER_00"
    },
    {
      "word": "DRIVERS",
      "start": 9.752,
      "end": 10.192,
      "score": 0.861,
      "speaker": "SPEAKER_00"
    },
    {
      "word": "AND",
      "start": 10.412,
      "end": 10.572,
      "score": 0.611,
      "speaker": "SPEAKER_00"
    },
    {
      "word": "POLICE.",
      "start": 10.692,
      "end": 11.172,
      "score": 0.886,
      "speaker": "SPEAKER_00"
    },
    {
      "word": "THIS",
      "start": 11.673,
      "end": 11.833,
      "score": 0.829,
      "speaker": "SPEAKER_00"
    },
    {
      "word": "MORNING,",
      "start": 11.893,
      "end": 12.153,
      "score": 0.851,
      "speaker": "SPEAKER_00"
    },
    {
      "word": "MORE",
      "start": 12.193,
      "end": 12.313,
      "score": 0.881,
      "speaker": "SPEAKER_00"
    },
    {
      "word": "THAN",
      "start": 12.353,
      "end": 12.453,
      "score": 0.882,
      "speaker": "SPEAKER_00"
    },
    {
      "word": "A",
      "start": 12.493,
      "end": 12.533,
      "score": 0.499,
      "speaker": "SPEAKER_00"
    },
    {
      "word": "DOZEN",
      "start": 12.573,
      "end": 12.813,
      "score": 0.878,
      "speaker": "SPEAKER_00"
    },
    {
      "word": "PEOPLE",
      "start": 12.873,
      "end": 13.153,
      "score": 0.667,
      "speaker": "SPEAKER_00"
    },
    {
      "word": "HAVE",
      "start": 13.193,
      "end": 13.293,
      "score": 0.884,
      "speaker": "SPEAKER_00"
    },
    {
      "word": "BEEN",
      "start": 13.313,
      "end": 13.453,
      "score": 0.75,
      "speaker": "SPEAKER_00"
    },
    {
      "word": "ARRESTED.",
      "start": 13.473,
      "end": 13.993,
      "score": 0.814,
      "speaker": "SPEAKER_00"
    },
    {
      "word": "MEANTIME,",
      "start": 14.193,
      "end": 14.674,
      "score": 0.773,
      "speaker": "SPEAKER_00"
    },
    {
      "word": "GOP",
      "start": 14.734,
      "end": 15.134,
      "score": 0.836,
      "speaker": "SPEAKER_00"
    },
    {
      "word": "CANDIDATES",
      "start": 15.174,
      "end": 15.574,
      "score": 0.821,
      "speaker": "SPEAKER_00"
    },
    {
      "word": "ARE",
      "start": 15.634,
      "end": 15.734,
      "score": 0.744,
      "speaker": "SPEAKER_00"
    },
    {
      "word": "TURNING",
      "start": 15.794,
      "end": 16.034,
      "score": 0.812,
      "speaker": "SPEAKER_00"
    },
    {
      "word": "THEIR",
      "start": 16.054,
      "end": 16.194,
      "score": 0.8,
      "speaker": "SPEAKER_00"
    },
    {
      "word": "ATTENTION",
      "start": 16.214,
      "end": 16.594,
      "score": 0.898,
      "speaker": "SPEAKER_00"
    },
    {
      "word": "TO",
      "start": 16.634,
      "end": 16.774,
      "score": 0.732,
      "speaker": "SPEAKER_00"
    },
    {
      "word": "CALIFORNIA,",
      "start": 16.814,
      "end": 17.434,
      "score": 0.86,
      "speaker": "SPEAKER_00"
    },
    {
      "word": "WHERE",
      "start": 17.775,
      "end": 18.495,
      "score": 0.698,
      "speaker": "SPEAKER_00"
    },
    {
      "word": "172"
    },
    {
      "word": "DELEGATES",
      "start": 19.135,
      "end": 19.515,
      "score": 0.886,
      "speaker": "SPEAKER_00"
    },
    {
      "word": "ARE",
      "start": 19.575,
      "end": 19.655,
      "score": 0.852,
      "speaker": "SPEAKER_00"
    },
    {
      "word": "UP",
      "start": 19.735,
      "end": 19.835,
      "score": 0.932,
      "speaker": "SPEAKER_00"
    },
    {
      "word": "FOR",
      "start": 19.855,
      "end": 19.975,
      "score": 0.84,
      "speaker": "SPEAKER_00"
    },
    {
      "word": "GRABS.",
      "start": 19.995,
      "end": 20.375,
      "score": 0.78,
      "speaker": "SPEAKER_00"
    },
    {
      "word": "CBS",
      "start": 20.696,
      "end": 21.016,
      "score": 0.623,
      "speaker": "SPEAKER_00"
    },
    {
      "word": "4'S",
      "start": 21.216,
      "end": 21.296,
      "score": 0.554,
      "speaker": "SPEAKER_00"
    },
    {
      "word": "BROOK",
      "start": 21.336,
      "end": 21.536,
      "score": 0.835,
      "speaker": "SPEAKER_00"
    },
    {
      "word": "SILVABRAGA",
      "start": 21.556,
      "end": 22.096,
      "score": 0.9,
      "speaker": "SPEAKER_00"
    },
    {
      "word": "HAS",
      "start": 22.136,
      "end": 22.256,
      "score": 0.886,
      "speaker": "SPEAKER_00"
    },
    {
      "word": "THE",
      "start": 22.296,
      "end": 22.376,
      "score": 0.833,
      "speaker": "SPEAKER_00"
    },
    {
      "word": "LATEST",
      "start": 22.436,
      "end": 22.796,
      "score": 0.878,
      "speaker": "SPEAKER_00"
    },
    {
      "word": "ON",
      "start": 22.856,
      "end": 22.936,
      "score": 0.812,
      "speaker": "SPEAKER_00"
    },
    {
      "word": "THE",
      "start": 22.956,
      "end": 23.036,
      "score": 0.839,
      "speaker": "SPEAKER_00"
    },
    {
      "word": "REPUBLICAN",
      "start": 23.096,
      "end": 23.577,
      "score": 0.812,
      "speaker": "SPEAKER_00"
    },
    {
      "word": "CAMPAIGN",
      "start": 23.617,
      "end": 24.057,
      "score": 0.875,
      "speaker": "SPEAKER_00"
    },
    {
      "word": "FOR",
      "start": 24.117,
      "end": 24.277,
      "score": 0.831,
      "speaker": "SPEAKER_00"
    },
    {
      "word": "PRESIDENT.",
      "start": 24.357,
      "end": 24.777,
      "score": 0.87,
      "speaker": "SPEAKER_00"
    },
    {
      "word": "Anti-Donald",
      "start": 26.67,
      "end": 27.35,
      "score": 0.875,
      "speaker": "SPEAKER_01"
    },
    {
      "word": "Trump",
      "start": 27.39,
      "end": 27.651,
      "score": 0.761,
      "speaker": "SPEAKER_01"
    },
    {
      "word": "protesters",
      "start": 27.691,
      "end": 28.351,
      "score": 0.777,
      "speaker": "SPEAKER_01"
    },
    {
      "word": "clashed",
      "start": 28.431,
      "end": 28.791,
      "score": 0.75,
      "speaker": "SPEAKER_01"
    },
    {
      "word": "with",
      "start": 28.831,
      "end": 28.951,
      "score": 0.782,
      "speaker": "SPEAKER_01"
    },
    {
      "word": "police",
      "start": 29.031,
      "end": 29.411,
      "score": 0.994,
      "speaker": "SPEAKER_01"
    },
    {
      "word": "outside",
      "start": 29.551,
      "end": 29.892,
      "score": 0.904,
      "speaker": "SPEAKER_01"
    },
    {
      "word": "an",
      "start": 29.932,
      "end": 29.992,
      "score": 0.741,
      "speaker": "SPEAKER_01"
    },
    {
      "word": "amphitheater",
      "start": 30.072,
      "end": 30.552,
      "score": 0.759,
      "speaker": "SPEAKER_01"
    },
    {
      "word": "in",
      "start": 30.592,
      "end": 30.672,
      "score": 0.662,
      "speaker": "SPEAKER_01"
    },
    {
      "word": "Costa",
      "start": 30.732,
      "end": 31.072,
      "score": 0.936,
      "speaker": "SPEAKER_01"
    },
    {
      "word": "Mesa,",
      "start": 31.112,
      "end": 31.432,
      "score": 0.871,
      "speaker": "SPEAKER_01"
    },
    {
      "word": "California",
      "start": 31.472,
      "end": 32.093,
      "score": 0.774,
      "speaker": "SPEAKER_01"
    },
    {
      "word": "late",
      "start": 32.133,
      "end": 32.313,
      "score": 0.734,
      "speaker": "SPEAKER_01"
    },
    {
      "word": "Thursday",
      "start": 32.353,
      "end": 32.733,
      "score": 0.779,
      "speaker": "SPEAKER_01"
    },
    {
      "word": "night.",
      "start": 32.773,
      "end": 32.953,
      "score": 0.856,
      "speaker": "SPEAKER_01"
    },
    {
      "word": "Some",
      "start": 33.473,
      "end": 33.613,
      "score": 0.988,
      "speaker": "SPEAKER_01"
    },
    {
      "word": "in",
      "start": 33.653,
      "end": 33.713,
      "score": 0.992,
      "speaker": "SPEAKER_01"
    },
    {
      "word": "the",
      "start": 33.753,
      "end": 33.833,
      "score": 0.833,
      "speaker": "SPEAKER_01"
    },
    {
      "word": "crowd",
      "start": 33.873,
      "end": 34.153,
      "score": 0.844,
      "speaker": "SPEAKER_01"
    },
    {
      "word": "held",
      "start": 34.213,
      "end": 34.414,
      "score": 0.855,
      "speaker": "SPEAKER_01"
    },
    {
      "word": "dump",
      "start": 34.534,
      "end": 34.794,
      "score": 0.893,
      "speaker": "SPEAKER_01"
    },
    {
      "word": "Trump",
      "start": 34.914,
      "end": 35.194,
      "score": 0.815,
      "speaker": "SPEAKER_01"
    },
    {
      "word": "signs",
      "start": 35.234,
      "end": 35.534,
      "score": 0.793,
      "speaker": "SPEAKER_01"
    },
    {
      "word": "as",
      "start": 35.614,
      "end": 35.694,
      "score": 0.834,
      "speaker": "SPEAKER_01"
    },
    {
      "word": "they",
      "start": 35.734,
      "end": 35.874,
      "score": 0.776,
      "speaker": "SPEAKER_01"
    },
    {
      "word": "blocked",
      "start": 35.934,
      "end": 36.234,
      "score": 0.925,
      "speaker": "SPEAKER_01"
    },
    {
      "word": "traffic.",
      "start": 36.374,
      "end": 36.755,
      "score": 0.963,
      "speaker": "SPEAKER_01"
    },
    {
      "word": "Others",
      "start": 37.255,
      "end": 37.515,
      "score": 0.724,
      "speaker": "SPEAKER_01"
    },
    {
      "word": "took",
      "start": 37.555,
      "end": 37.715,
      "score": 0.875,
      "speaker": "SPEAKER_01"
    },
    {
      "word": "their",
      "start": 37.755,
      "end": 37.895,
      "score": 0.828,
      "speaker": "SPEAKER_01"
    },
    {
      "word": "frustrations",
      "start": 37.935,
      "end": 38.575,
      "score": 0.814,
      "speaker": "SPEAKER_01"
    },
    {
      "word": "out",
      "start": 38.675,
      "end": 38.796,
      "score": 0.895,
      "speaker": "SPEAKER_01"
    },
    {
      "word": "on",
      "start": 38.876,
      "end": 38.956,
      "score": 0.832,
      "speaker": "SPEAKER_01"
    },
    {
      "word": "a",
      "start": 38.976,
      "end": 39.016,
      "score": 0.483,
      "speaker": "SPEAKER_01"
    },
    {
      "word": "police",
      "start": 39.056,
      "end": 39.436,
      "score": 0.849,
      "speaker": "SPEAKER_01"
    },
    {
      "word": "car.",
      "start": 39.496,
      "end": 39.816,
      "score": 0.921,
      "speaker": "SPEAKER_01"
    },
    {
      "word": "The",
      "start": 40.556,
      "end": 40.656,
      "score": 0.844,
      "speaker": "SPEAKER_01"
    },
    {
      "word": "protests",
      "start": 40.696,
      "end": 41.217,
      "score": 0.782,
      "speaker": "SPEAKER_01"
    },
    {
      "word": "come",
      "start": 41.297,
      "end": 41.557,
      "score": 0.961,
      "speaker": "SPEAKER_01"
    },
    {
      "word": "as",
      "start": 41.697,
      "end": 41.777,
      "score": 0.71,
      "speaker": "SPEAKER_01"
    },
    {
      "word": "Trump",
      "start": 41.897,
      "end": 42.137,
      "score": 0.924,
      "speaker": "SPEAKER_01"
    },
    {
      "word": "turns",
      "start": 42.197,
      "end": 42.437,
      "score": 0.882,
      "speaker": "SPEAKER_01"
    },
    {
      "word": "his",
      "start": 42.477,
      "end": 42.597,
      "score": 0.718,
      "speaker": "SPEAKER_01"
    },
    {
      "word": "attention",
      "start": 42.637,
      "end": 43.037,
      "score": 0.959,
      "speaker": "SPEAKER_01"
    },
    {
      "word": "to",
      "start": 43.097,
      "end": 43.197,
      "score": 0.747,
      "speaker": "SPEAKER_01"
    },
    {
      "word": "delegate-rich",
      "start": 43.278,
      "end": 43.978,
      "score": 0.908,
      "speaker": "SPEAKER_01"
    },
    {
      "word": "California",
      "start": 44.038,
      "end": 44.798,
      "score": 0.82,
      "speaker": "SPEAKER_01"
    },
    {
      "word": "in",
      "start": 45.158,
      "end": 45.238,
      "score": 0.828,
      "speaker": "SPEAKER_01"
    },
    {
      "word": "a",
      "start": 45.278,
      "end": 45.298,
      "score": 0.981,
      "speaker": "SPEAKER_01"
    },
    {
      "word": "bid",
      "start": 45.358,
      "end": 45.539,
      "score": 0.891,
      "speaker": "SPEAKER_01"
    },
    {
      "word": "to",
      "start": 45.579,
      "end": 45.659,
      "score": 0.775,
      "speaker": "SPEAKER_01"
    },
    {
      "word": "secure",
      "start": 45.699,
      "end": 46.039,
      "score": 0.763,
      "speaker": "SPEAKER_01"
    },
    {
      "word": "a",
      "start": 46.059,
      "end": 46.099,
      "score": 0.499,
      "speaker": "SPEAKER_01"
    },
    {
      "word": "general",
      "start": 46.179,
      "end": 46.519,
      "score": 0.841,
      "speaker": "SPEAKER_01"
    },
    {
      "word": "election",
      "start": 46.579,
      "end": 46.999,
      "score": 0.88,
      "speaker": "SPEAKER_01"
    },
    {
      "word": "matchup",
      "start": 47.059,
      "end": 47.439,
      "score": 0.905,
      "speaker": "SPEAKER_01"
    },
    {
      "word": "with",
      "start": 47.499,
      "end": 47.639,
      "score": 0.837,
      "speaker": "SPEAKER_01"
    },
    {
      "word": "Hillary",
      "start": 47.68,
      "end": 48.04,
      "score": 0.829,
      "speaker": "SPEAKER_01"
    },
    {
      "word": "Clinton.",
      "start": 48.1,
      "end": 48.44,
      "score": 0.943,
      "speaker": "SPEAKER_01"
    },
    {
      "word": "She",
      "start": 48.9,
      "end": 49.06,
      "score": 0.895,
      "speaker": "SPEAKER_02"
    },
    {
      "word": "shouldn't",
      "start": 49.1,
      "end": 49.44,
      "score": 0.817,
      "speaker": "SPEAKER_02"
    },
    {
      "word": "be",
      "start": 49.48,
      "end": 49.58,
      "score": 0.708,
      "speaker": "SPEAKER_02"
    },
    {
      "word": "allowed",
      "start": 49.62,
      "end": 49.96,
      "score": 0.955,
      "speaker": "SPEAKER_02"
    },
    {
      "word": "to",
      "start": 50.02,
      "end": 50.141,
      "score": 0.714,
      "speaker": "SPEAKER_02"
    },
    {
      "word": "run",
      "start": 50.221,
      "end": 50.481,
      "score": 0.847,
      "speaker": "SPEAKER_02"
    },
    {
      "word": "because",
      "start": 50.841,
      "end": 51.161,
      "score": 0.868,
      "speaker": "SPEAKER_02"
    },
    {
      "word": "what's",
      "start": 51.221,
      "end": 51.441,
      "score": 0.9,
      "speaker": "SPEAKER_02"
    },
    {
      "word": "happened",
      "start": 51.481,
      "end": 51.881,
      "score": 0.834,
      "speaker": "SPEAKER_02"
    },
    {
      "word": "with",
      "start": 51.921,
      "end": 52.081,
      "score": 0.869,
      "speaker": "SPEAKER_02"
    },
    {
      "word": "that",
      "start": 52.121,
      "end": 52.321,
      "score": 0.487,
      "speaker": "SPEAKER_02"
    },
    {
      "word": "whole",
      "start": 52.401,
      "end": 52.661,
      "score": 0.78,
      "speaker": "SPEAKER_02"
    },
    {
      "word": "email",
      "start": 52.801,
      "end": 53.182,
      "score": 0.755,
      "speaker": "SPEAKER_02"
    },
    {
      "word": "scandal",
      "start": 53.222,
      "end": 53.682,
      "score": 0.874,
      "speaker": "SPEAKER_02"
    },
    {
      "word": "is",
      "start": 53.782,
      "end": 53.922,
      "score": 0.788,
      "speaker": "SPEAKER_02"
    },
    {
      "word": "an",
      "start": 53.962,
      "end": 54.002,
      "score": 0.958,
      "speaker": "SPEAKER_02"
    },
    {
      "word": "absolute",
      "start": 54.262,
      "end": 54.902,
      "score": 0.826,
      "speaker": "SPEAKER_02"
    },
    {
      "word": "disgrace.",
      "start": 54.962,
      "end": 55.502,
      "score": 0.964,
      "speaker": "SPEAKER_02"
    },
    {
      "word": "Rival",
      "start": 55.983,
      "end": 56.323,
      "score": 0.927,
      "speaker": "SPEAKER_01"
    },
    {
      "word": "Ted",
      "start": 56.343,
      "end": 56.563,
      "score": 0.761,
      "speaker": "SPEAKER_01"
    },
    {
      "word": "Cruz",
      "start": 56.643,
      "end": 57.023,
      "score": 0.766,
      "speaker": "SPEAKER_01"
    },
    {
      "word": "remains",
      "start": 57.163,
      "end": 57.483,
      "score": 0.85,
      "speaker": "SPEAKER_01"
    },
    {
      "word": "focused",
      "start": 57.543,
      "end": 57.923,
      "score": 0.882,
      "speaker": "SPEAKER_01"
    },
    {
      "word": "on",
      "start": 58.003,
      "end": 58.123,
      "score": 0.658,
      "speaker": "SPEAKER_01"
    },
    {
      "word": "Indiana.",
      "start": 58.183,
      "end": 58.704,
      "score": 0.891,
      "speaker": "SPEAKER_01"
    },
    {
      "word": "Yesterday,",
      "start": 59.104,
      "end": 59.564,
      "score": 0.88,
      "speaker": "SPEAKER_01"
    },
    {
      "word": "he",
      "start": 59.624,
      "end": 59.744,
      "score": 0.67,
      "speaker": "SPEAKER_01"
    },
    {
      "word": "denied",
      "start": 59.784,
      "end": 60.184,
      "score": 0.833,
      "speaker": "SPEAKER_01"
    },
    {
      "word": "entering",
      "start": 60.284,
      "end": 60.584,
      "score": 0.894,
      "speaker": "SPEAKER_01"
    },
    {
      "word": "into",
      "start": 60.644,
      "end": 60.844,
      "score": 0.917,
      "speaker": "SPEAKER_01"
    },
    {
      "word": "an",
      "start": 60.884,
      "end": 60.924,
      "score": 0.996,
      "speaker": "SPEAKER_01"
    },
    {
      "word": "alliance",
      "start": 60.964,
      "end": 61.325,
      "score": 0.94,
      "speaker": "SPEAKER_01"
    },
    {
      "word": "with",
      "start": 61.345,
      "end": 61.465,
      "score": 0.876,
      "speaker": "SPEAKER_01"
    },
    {
      "word": "John",
      "start": 61.525,
      "end": 61.745,
      "score": 0.898,
      "speaker": "SPEAKER_01"
    },
    {
      "word": "Kasich",
      "start": 61.825,
      "end": 62.225,
      "score": 0.662,
      "speaker": "SPEAKER_01"
    },
    {
      "word": "to",
      "start": 62.325,
      "end": 62.425,
      "score": 0.994,
      "speaker": "SPEAKER_01"
    },
    {
      "word": "win",
      "start": 62.465,
      "end": 62.625,
      "score": 0.757,
      "speaker": "SPEAKER_01"
    },
    {
      "word": "the",
      "start": 62.645,
      "end": 62.725,
      "score": 0.86,
      "speaker": "SPEAKER_01"
    },
    {
      "word": "state.",
      "start": 62.745,
      "end": 63.005,
      "score": 0.825,
      "speaker": "SPEAKER_01"
    },
    {
      "word": "I",
      "start": 63.205,
      "end": 63.285,
      "score": 0.806,
      "speaker": "SPEAKER_01"
    },
    {
      "word": "recognize",
      "start": 63.365,
      "end": 63.986,
      "score": 0.847,
      "speaker": "SPEAKER_01"
    },
    {
      "word": "that",
      "start": 64.026,
      "end": 64.126,
      "score": 0.87,
      "speaker": "SPEAKER_01"
    },
    {
      "word": "the",
      "start": 64.146,
      "end": 64.206,
      "score": 0.998,
      "speaker": "SPEAKER_01"
    },
    {
      "word": "media",
      "start": 64.246,
      "end": 64.486,
      "score": 0.706,
      "speaker": "SPEAKER_01"
    },
    {
      "word": "is",
      "start": 64.526,
      "end": 64.626,
      "score": 0.583,
      "speaker": "SPEAKER_01"
    },
    {
      "word": "all",
      "start": 64.686,
      "end": 64.826,
      "score": 0.782,
      "speaker": "SPEAKER_01"
    },
    {
      "word": "eager",
      "start": 64.966,
      "end": 65.206,
      "score": 0.766,
      "speaker": "SPEAKER_01"
    },
    {
      "word": "to",
      "start": 65.226,
      "end": 65.306,
      "score": 0.512,
      "speaker": "SPEAKER_01"
    },
    {
      "word": "talk",
      "start": 65.366,
      "end": 65.606,
      "score": 0.934,
      "speaker": "SPEAKER_01"
    },
    {
      "word": "about",
      "start": 65.646,
      "end": 65.866,
      "score": 0.876,
      "speaker": "SPEAKER_01"
    },
    {
      "word": "an",
      "start": 65.906,
      "end": 65.946,
      "score": 0.988,
      "speaker": "SPEAKER_01"
    },
    {
      "word": "alliance.",
      "start": 66.006,
      "end": 66.426,
      "score": 0.921,
      "speaker": "SPEAKER_01"
    },
    {
      "word": "There",
      "start": 66.467,
      "end": 66.607,
      "score": 0.93,
      "speaker": "SPEAKER_01"
    },
    {
      "word": "is",
      "start": 66.667,
      "end": 66.767,
      "score": 0.674,
      "speaker": "SPEAKER_01"
    },
    {
      "word": "no",
      "start": 66.827,
      "end": 66.947,
      "score": 0.946,
      "speaker": "SPEAKER_01"
    },
    {
      "word": "alliance.",
      "start": 66.987,
      "end": 67.387,
      "score": 0.913,
      "speaker": "SPEAKER_01"
    },
    {
      "word": "Despite",
      "start": 67.947,
      "end": 68.308,
      "score": 0.905,
      "speaker": "SPEAKER_01"
    },
    {
      "word": "agreeing",
      "start": 68.348,
      "end": 68.748,
      "score": 0.829,
      "speaker": "SPEAKER_01"
    },
    {
      "word": "not",
      "start": 68.848,
      "end": 69.069,
      "score": 0.823,
      "speaker": "SPEAKER_01"
    },
    {
      "word": "to",
      "start": 69.089,
      "end": 69.209,
      "score": 0.634,
      "speaker": "SPEAKER_01"
    },
    {
      "word": "campaign",
      "start": 69.249,
      "end": 69.729,
      "score": 0.872,
      "speaker": "SPEAKER_01"
    },
    {
      "word": "in",
      "start": 69.77,
      "end": 69.85,
      "score": 0.634,
      "speaker": "SPEAKER_01"
    },
    {
      "word": "Indiana,",
      "start": 69.91,
      "end": 70.35,
      "score": 0.925,
      "speaker": "SPEAKER_01"
    },
    {
      "word": "Kasich",
      "start": 70.611,
      "end": 70.991,
      "score": 0.806,
      "speaker": "SPEAKER_01"
    },
    {
      "word": "got",
      "start": 71.051,
      "end": 71.211,
      "score": 0.915,
      "speaker": "SPEAKER_01"
    },
    {
      "word": "a",
      "start": 71.251,
      "end": 71.291,
      "score": 0.983,
      "speaker": "SPEAKER_01"
    },
    {
      "word": "boost",
      "start": 71.372,
      "end": 71.692,
      "score": 0.9,
      "speaker": "SPEAKER_01"
    },
    {
      "word": "from",
      "start": 71.732,
      "end": 71.852,
      "score": 0.908,
      "speaker": "SPEAKER_01"
    },
    {
      "word": "the",
      "start": 71.892,
      "end": 71.952,
      "score": 0.999,
      "speaker": "SPEAKER_01"
    },
    {
      "word": "state's",
      "start": 71.992,
      "end": 72.253,
      "score": 0.796,
      "speaker": "SPEAKER_01"
    },
    {
      "word": "largest",
      "start": 72.293,
      "end": 72.673,
      "score": 0.822,
      "speaker": "SPEAKER_01"
    },
    {
      "word": "daily",
      "start": 72.713,
      "end": 72.974,
      "score": 0.795,
      "speaker": "SPEAKER_01"
    },
    {
      "word": "newspaper.",
      "start": 73.034,
      "end": 73.534,
      "score": 0.811,
      "speaker": "SPEAKER_01"
    },
    {
      "word": "The",
      "start": 73.875,
      "end": 73.955,
      "score": 0.893,
      "speaker": "SPEAKER_01"
    },
    {
      "word": "Indianapolis",
      "start": 74.015,
      "end": 74.596,
      "score": 0.829,
      "speaker": "SPEAKER_01"
    },
    {
      "word": "star",
      "start": 74.616,
      "end": 74.876,
      "score": 0.832,
      "speaker": "SPEAKER_01"
    },
    {
      "word": "called",
      "start": 74.916,
      "end": 75.136,
      "score": 0.782,
      "speaker": "SPEAKER_01"
    },
    {
      "word": "a",
      "start": 75.156,
      "end": 75.196,
      "score": 0.479,
      "speaker": "SPEAKER_01"
    },
    {
      "word": "potential",
      "start": 75.216,
      "end": 75.657,
      "score": 0.924,
      "speaker": "SPEAKER_01"
    },
    {
      "word": "Trump",
      "start": 75.697,
      "end": 75.917,
      "score": 0.763,
      "speaker": "SPEAKER_01"
    },
    {
      "word": "presidency",
      "start": 75.977,
      "end": 76.538,
      "score": 0.915,
      "speaker": "SPEAKER_01"
    },
    {
      "word": "a",
      "start": 76.658,
      "end": 76.678,
      "score": 0.999,
      "speaker": "SPEAKER_01"
    },
    {
      "word": "danger",
      "start": 76.758,
      "end": 77.119,
      "score": 0.889,
      "speaker": "SPEAKER_01"
    },
    {
      "word": "to",
      "start": 77.159,
      "end": 77.259,
      "score": 0.846,
      "speaker": "SPEAKER_01"
    },
    {
      "word": "the",
      "start": 77.279,
      "end": 77.359,
      "score": 0.83,
      "speaker": "SPEAKER_01"
    },
    {
      "word": "U.S.",
      "start": 77.499,
      "end": 77.84,
      "score": 0.778,
      "speaker": "SPEAKER_01"
    },
    {
      "word": "and",
      "start": 78.04,
      "end": 78.16,
      "score": 0.667,
      "speaker": "SPEAKER_01"
    },
    {
      "word": "the",
      "start": 78.22,
      "end": 78.3,
      "score": 0.898,
      "speaker": "SPEAKER_01"
    },
    {
      "word": "world,",
      "start": 78.36,
      "end": 78.701,
      "score": 0.681,
      "speaker": "SPEAKER_01"
    },
    {
      "word": "saying",
      "start": 79.061,
      "end": 79.302,
      "score": 0.979,
      "speaker": "SPEAKER_01"
    },
    {
      "word": "Kasich",
      "start": 79.382,
      "end": 79.822,
      "score": 0.757,
      "speaker": "SPEAKER_01"
    },
    {
      "word": "is",
      "start": 80.023,
      "end": 80.103,
      "score": 0.68,
      "speaker": "SPEAKER_01"
    },
    {
      "word": "the",
      "start": 80.143,
      "end": 80.223,
      "score": 0.822,
      "speaker": "SPEAKER_01"
    },
    {
      "word": "best",
      "start": 80.263,
      "end": 80.463,
      "score": 0.91,
      "speaker": "SPEAKER_01"
    },
    {
      "word": "choice",
      "start": 80.523,
      "end": 80.824,
      "score": 0.779,
      "speaker": "SPEAKER_01"
    },
    {
      "word": "for",
      "start": 80.864,
      "end": 80.984,
      "score": 0.823,
      "speaker": "SPEAKER_01"
    },
    {
      "word": "GOP",
      "start": 81.024,
      "end": 81.484,
      "score": 0.848,
      "speaker": "SPEAKER_01"
    },
    {
      "word": "primary",
      "start": 81.525,
      "end": 81.925,
      "score": 0.822,
      "speaker": "SPEAKER_01"
    },
    {
      "word": "voters.",
      "start": 81.965,
      "end": 82.326,
      "score": 0.863,
      "speaker": "SPEAKER_01"
    },
    {
      "word": "Brooke",
      "start": 82.646,
      "end": 82.806,
      "score": 0.492,
      "speaker": "SPEAKER_01"
    },
    {
      "word": "Silva",
      "start": 82.846,
      "end": 83.046,
      "score": 0.611,
      "speaker": "SPEAKER_01"
    },
    {
      "word": "Braga",
      "start": 83.067,
      "end": 83.367,
      "score": 0.928,
      "speaker": "SPEAKER_01"
    },
    {
      "word": "for",
      "start": 83.547,
      "end": 83.667,
      "score": 0.716,
      "speaker": "SPEAKER_01"
    },
    {
      "word": "CBS",
      "start": 83.707,
      "end": 84.088,
      "score": 0.75,
      "speaker": "SPEAKER_01"
    },
    {
      "word": "News,",
      "start": 84.148,
      "end": 84.368,
      "score": 0.772,
      "speaker": "SPEAKER_01"
    },
    {
      "word": "New",
      "start": 84.448,
      "end": 84.528,
      "score": 0.855,
      "speaker": "SPEAKER_01"
    },
    {
      "word": "York.",
      "start": 84.548,
      "end": 84.709,
      "score": 0.809,
      "speaker": "SPEAKER_01"
    }
  ],
  "language": "en"
}