{
  "segments": [
    {
      "start": 0.129,
      "end": 1.089,
      "text": " Let's get to the news.",
      "words": [
        {
          "word": "Let's",
          "start": 0.129,
          "end": 0.329,
          "score": 0.848,
          "speaker": "SPEAKER_00"
        },
        {
          "word": "get",
          "start": 0.349,
          "end": 0.489,
          "score": 0.927,
          "speaker": "SPEAKER_00"
        },
        {
          "word": "to",
          "start": 0.529,
          "end": 0.609,
          "score": 0.938,
          "speaker": "SPEAKER_00"
        },
        {
          "word": "the",
          "start": 0.649,
          "end": 0.709,
          "score": 0.954,
          "speaker": "SPEAKER_00"
        },
        {
          "word": "news.",
          "start": 0.769,
          "end": 1.089,
          "score": 0.794,
          "speaker": "SPEAKER_00"
        }
      ],
      "speaker": "SPEAKER_00"
    },
    {
      "start": 1.189,
      "end": 11.272,
      "text": "Merriam-Webster Dictionary tweeted that the most searched for words following President Trump's campaign rally last night were racism, fascism, and xenophobia.",
      "words": [
        {
          "word": "Merriam-Webster",
          "start": 1.189,
          "end": 2.13,
          "score": 0.872,
          "speaker": "SPEAKER_00"
        },
        {
          "word": "Dictionary",
          "start": 2.19,
          "end": 2.81,
          "score": 0.856,
          "speaker": "SPEAKER_00"
        },
        {
          "word": "tweeted",
          "start": 2.87,
          "end": 3.25,
          "score": 0.855,
          "speaker": "SPEAKER_00"
        },
        {
          "word": "that",
          "start": 3.27,
          "end": 3.39,
          "score": 0.766,
          "speaker": "SPEAKER_00"
        },
        {
          "word": "the",
          "start": 3.43,
          "end": 3.53,
          "score": 0.925,
          "speaker": "SPEAKER_00"
        },
        {
          "word": "most",
          "start": 3.59,
          "end": 3.83,
          "score": 0.94,
          "speaker": "SPEAKER_00"
        },
        {
          "word": "searched",
          "start": 3.91,
          "end": 4.21,
          "score": 0.714,
          "speaker": "SPEAKER_00"
        },
        {
          "word": "for",
          "start": 4.25,
          "end": 4.47,
          "score": 0.763,
          "speaker": "SPEAKER_00"
        },
        {
          "word": "words",
          "start": 4.55,
          "end": 5.03,
          "score": 0.788,
          "speaker": "SPEAKER_00"
        },
        {
          "word": "following",
          "start": 5.15,
          "end": 5.531,
          "score": 0.651,
          "speaker": "SPEAKER_00"
        },
        {
          "word": "President",
          "start": 5.551,
          "end": 5.971,
          "score": 0.819,
          "speaker": "SPEAKER_00"
        },
        {
          "word": "Trump's",
          "start": 6.011,
          "end": 6.291,
          "score": 0.691,
          "speaker": "SPEAKER_00"
        },
        {
          "word": "campaign",
          "start": 6.331,
          "end": 6.791,
          "score": 0.821,
          "speaker": "SPEAKER_00"
        },
        {
          "word": "rally",
          "start": 6.831,
          "end": 7.131,
          "score": 0.902,
          "speaker": "SPEAKER_00"
        },
        {
          "word": "last",
          "start": 7.171,
          "end": 7.411,
          "score": 0.896,
          "speaker": "SPEAKER_00"
        },
        {
          "word": "night",
          "start": 7.471,
          "end": 7.671,
          "score": 0.785,
          "speaker": "SPEAKER_00"
        },
        {
          "word": "were",
          "start": 7.711,
          "end": 7.871,
          "score": 0.975,
          "speaker": "SPEAKER_00"
        },
        {
          "word": "racism,",
          "start": 7.971,
          "end": 8.631,
          "score": 0.884,
          "speaker": "SPEAKER_00"
        },
        {
          "word": "fascism,",
          "start": 9.152,
          "end": 9.872,
          "score": 0.775,
          "speaker": "SPEAKER_00"
        },
        {
          "word": "and",
          "start": 10.272,
          "end": 10.372,
          "score": 0.948,
          "speaker": "SPEAKER_00"
        },
        {
          "word": "xenophobia.",
          "start": 10.432,
          "end": 11.272,
          "score": 0.908,
          "speaker": "SPEAKER_00"
        }
      ],
      "speaker": "SPEAKER_00"
    },
    {
      "start": 12.833,
      "end": 15.853,
      "text": "Well, at the rally, that was the calendar of events.",
      "words": [
        {
          "word": "Well,",
          "start": 12.833,
          "end": 13.053,
          "score": 0.792,
          "speaker": "SPEAKER_00"
        },
        {
          "word": "at",
          "start": 13.213,
          "end": 13.333,
          "score": 0.625,
          "speaker": "SPEAKER_00"
        },
        {
          "word": "the",
          "start": 13.373,
          "end": 13.473,
          "score": 0.851,
          "speaker": "SPEAKER_00"
        },
        {
          "word": "rally,",
          "start": 13.513,
          "end": 13.873,
          "score": 0.805,
          "speaker": "SPEAKER_00"
        },
        {
          "word": "that",
          "start": 13.933,
          "end": 14.133,
          "score": 0.862,
          "speaker": "SPEAKER_00"
        },
        {
          "word": "was",
          "start": 14.173,
          "end": 14.313,
          "score": 0.883,
          "speaker": "SPEAKER_00"
        },
        {
          "word": "the",
          "start": 14.373,
          "end": 14.473,
          "score": 0.965,
          "speaker": "SPEAKER_00"
        },
        {
          "word": "calendar",
          "start": 14.593,
          "end": 15.213,
          "score": 0.819,
          "speaker": "SPEAKER_00"
        },
        {
          "word": "of",
          "start": 15.293,
          "end": 15.373,
          "score": 0.833,
          "speaker": "SPEAKER_00"
        },
        {
          "word": "events.",
          "start": 15.453,
          "end": 15.853,
          "score": 0.876,
          "speaker": "SPEAKER_00"
        }
      ],
      "speaker": "SPEAKER_00"
    },
    {
      "start": 20.04,
      "end": 33.392,
      "text": " The DNC has announced that the lineup for the upcoming second Democratic debate will mirror the first debate with Montana Governor Steve Bullock replacing Congressman Eric Swalwell, who has dropped out of the race.",
      "words": [
        {
          "word": "The",
          "start": 20.04,
          "end": 21.041,
          "score": 0.865,
          "speaker": "SPEAKER_00"
        },
        {
          "word": "DNC",
          "start": 23.063,
          "end": 23.443,
          "score": 0.79,
          "speaker": "SPEAKER_00"
        },
        {
          "word": "has",
          "start": 23.463,
          "end": 23.563,
          "score": 0.766,
          "speaker": "SPEAKER_00"
        },
        {
          "word": "announced",
          "start": 23.603,
          "end": 23.864,
          "score": 0.899,
          "speaker": "SPEAKER_00"
        },
        {
          "word": "that",
          "start": 23.884,
          "end": 23.964,
          "score": 0.484,
          "speaker": "SPEAKER_00"
        },
        {
          "word": "the",
          "start": 23.984,
          "end": 24.064,
          "score": 0.942,
          "speaker": "SPEAKER_00"
        },
        {
          "word": "lineup",
          "start": 24.104,
          "end": 24.404,
          "score": 0.817,
          "speaker": "SPEAKER_00"
        },
        {
          "word": "for",
          "start": 24.424,
          "end": 24.524,
          "score": 0.811,
          "speaker": "SPEAKER_00"
        },
        {
          "word": "the",
          "start": 24.544,
          "end": 24.604,
          "score": 0.998,
          "speaker": "SPEAKER_00"
        },
        {
          "word": "upcoming",
          "start": 24.644,
          "end": 24.985,
          "score": 0.906,
          "speaker": "SPEAKER_00"
        },
        {
          "word": "second",
          "start": 25.025,
          "end": 25.305,
          "score": 0.762,
          "speaker": "SPEAKER_00"
        },
        {
          "word": "Democratic",
          "start": 25.325,
          "end": 25.765,
          "score": 0.9,
          "speaker": "SPEAKER_00"
        },
        {
          "word": "debate",
          "start": 25.785,
          "end": 26.046,
          "score": 0.952,
          "speaker": "SPEAKER_00"
        },
        {
          "word": "will",
          "start": 26.086,
          "end": 26.246,
          "score": 0.976,
          "speaker": "SPEAKER_00"
        },
        {
          "word": "mirror",
          "start": 26.286,
          "end": 26.606,
          "score": 0.719,
          "speaker": "SPEAKER_00"
        },
        {
          "word": "the",
          "start": 26.646,
          "end": 26.726,
          "score": 0.89,
          "speaker": "SPEAKER_00"
        },
        {
          "word": "first",
          "start": 26.786,
          "end": 27.006,
          "score": 0.699,
          "speaker": "SPEAKER_00"
        },
        {
          "word": "debate",
          "start": 27.046,
          "end": 27.327,
          "score": 0.896,
          "speaker": "SPEAKER_00"
        },
        {
          "word": "with",
          "start": 27.367,
          "end": 27.507,
          "score": 0.791,
          "speaker": "SPEAKER_00"
        },
        {
          "word": "Montana",
          "start": 27.567,
          "end": 28.087,
          "score": 0.904,
          "speaker": "SPEAKER_00"
        },
        {
          "word": "Governor",
          "start": 28.127,
          "end": 28.448,
          "score": 0.807,
          "speaker": "SPEAKER_00"
        },
        {
          "word": "Steve",
          "start": 28.908,
          "end": 29.289,
          "score": 0.827,
          "speaker": "SPEAKER_00"
        },
        {
          "word": "Bullock",
          "start": 29.369,
          "end": 29.749,
          "score": 0.963,
          "speaker": "SPEAKER_00"
        },
        {
          "word": "replacing",
          "start": 29.849,
          "end": 30.39,
          "score": 0.834,
          "speaker": "SPEAKER_00"
        },
        {
          "word": "Congressman",
          "start": 30.47,
          "end": 31.13,
          "score": 0.887,
          "speaker": "SPEAKER_00"
        },
        {
          "word": "Eric",
          "start": 31.25,
          "end": 31.47,
          "score": 0.843,
          "speaker": "SPEAKER_00"
        },
        {
          "word": "Swalwell,",
          "start": 31.531,
          "end": 32.111,
          "score": 0.922,
          "speaker": "SPEAKER_00"
        },
        {
          "word": "who",
          "start": 32.131,
          "end": 32.231,
          "score": 0.771,
          "speaker": "SPEAKER_00"
        },
        {
          "word": "has",
          "start": 32.251,
          "end": 32.371,
          "score": 0.661,
          "speaker": "SPEAKER_00"
        },
        {
          "word": "dropped",
          "start": 32.411,
          "end": 32.732,
          "score": 0.911,
          "speaker": "SPEAKER_00"
        },
        {
          "word": "out",
          "start": 32.792,
          "end": 32.892,
          "score": 0.997,
          "speaker": "SPEAKER_00"
        },
        {
          "word": "of",
          "start": 32.932,
          "end": 32.972,
          "score": 0.994,
          "speaker": "SPEAKER_00"
        },
        {
          "word": "the",
          "start": 32.992,
          "end": 33.072,
          "score": 0.831,
          "speaker": "SPEAKER_00"
        },
        {
          "word": "race.",
          "start": 33.112,
          "end": 33.392,
          "score": 0.975,
          "speaker": "SPEAKER_00"
        }
      ],
      "speaker": "SPEAKER_00"
    },
    {
      "start": 33.953,
      "end": 39.358,
      "text": "So, basically, they replaced Eric Swalwell with the FaceApp version of Eric Swalwell.",
      "words": [
        {
          "word": "So,",
          "start": 33.953,
          "end": 34.093,
          "score": 0.681,
          "speaker": "SPEAKER_00"
        },
        {
          "word": "basically,",
          "start": 34.133,
          "end": 34.513,
          "score": 0.554,
          "speaker": "SPEAKER_00"
        },
        {
          "word": "they",
          "start": 34.553,
          "end": 34.693,
          "score": 0.774,
          "speaker": "SPEAKER_00"
        },
        {
          "word": "replaced",
          "start": 34.753,
          "end": 35.194,
          "score": 0.778,
          "speaker": "SPEAKER_00"
        },
        {
          "word": "Eric",
          "start": 35.314,
          "end": 35.534,
          "score": 0.775,
          "speaker": "SPEAKER_00"
        },
        {
          "word": "Swalwell",
          "start": 35.574,
          "end": 36.095,
          "score": 0.873,
          "speaker": "SPEAKER_00"
        },
        {
          "word": "with",
          "start": 36.135,
          "end": 36.255,
          "score": 0.873,
          "speaker": "SPEAKER_00"
        },
        {
          "word": "the",
          "start": 36.295,
          "end": 36.395,
          "score": 0.828,
          "speaker": "SPEAKER_00"
        },
        {
          "word": "FaceApp",
          "start": 36.555,
          "end": 37.236,
          "score": 0.883,
          "speaker": "SPEAKER_00"
        },
        {
          "word": "version",
          "start": 37.296,
          "end": 37.796,
          "score": 0.802,
          "speaker": "SPEAKER_00"
        },
        {
          "word": "of",
          "start": 38.217,
          "end": 38.277,
          "score": 0.757,
          "speaker": "SPEAKER_00"
        },
        {
          "word": "Eric",
          "start": 38.457,
          "end": 38.737,
          "score": 0.759,
          "speaker": "SPEAKER_00"
        },
        {
          "word": "Swalwell.",
          "start": 38.797,
          "end": 39.358,
          "score": 0.924,
          "speaker": "SPEAKER_00"
        }
      ],
      "speaker": "SPEAKER_00"
    },
    {
      "start": 43.326,
      "end": 49.349,
      "text": " The House of Representatives voted today on a bill that would raise the federal minimum wage to $15 an hour.",
      "words": [
        {
          "word": "The",
          "start": 43.326,
          "end": 43.586,
          "score": 0.839,
          "speaker": "SPEAKER_00"
        },
        {
          "word": "House",
          "start": 43.666,
          "end": 43.926,
          "score": 0.651,
          "speaker": "SPEAKER_00"
        },
        {
          "word": "of",
          "start": 43.966,
          "end": 44.026,
          "score": 0.536,
          "speaker": "SPEAKER_00"
        },
        {
          "word": "Representatives",
          "start": 44.066,
          "end": 44.867,
          "score": 0.727,
          "speaker": "SPEAKER_00"
        },
        {
          "word": "voted",
          "start": 44.927,
          "end": 45.207,
          "score": 0.915,
          "speaker": "SPEAKER_00"
        },
        {
          "word": "today",
          "start": 45.247,
          "end": 45.447,
          "score": 0.877,
          "speaker": "SPEAKER_00"
        },
        {
          "word": "on",
          "start": 45.507,
          "end": 45.567,
          "score": 0.752,
          "speaker": "SPEAKER_00"
        },
        {
          "word": "a",
          "start": 45.607,
          "end": 45.647,
          "score": 0.479,
          "speaker": "SPEAKER_00"
        },
        {
          "word": "bill",
          "start": 45.707,
          "end": 45.987,
          "score": 0.896,
          "speaker": "SPEAKER_00"
        },
        {
          "word": "that",
          "start": 46.047,
          "end": 46.147,
          "score": 0.999,
          "speaker": "SPEAKER_00"
        },
        {
          "word": "would",
          "start": 46.188,
          "end": 46.348,
          "score": 0.794,
          "speaker": "SPEAKER_00"
        },
        {
          "word": "raise",
          "start": 46.388,
          "end": 46.668,
          "score": 0.879,
          "speaker": "SPEAKER_00"
        },
        {
          "word": "the",
          "start": 46.688,
          "end": 46.828,
          "score": 0.685,
          "speaker": "SPEAKER_00"
        },
        {
          "word": "federal",
          "start": 46.888,
          "end": 47.248,
          "score": 0.927,
          "speaker": "SPEAKER_00"
        },
        {
          "word": "minimum",
          "start": 47.288,
          "end": 47.668,
          "score": 0.868,
          "speaker": "SPEAKER_00"
        },
        {
          "word": "wage",
          "start": 47.688,
          "end": 48.129,
          "score": 0.828,
          "speaker": "SPEAKER_00"
        },
        {
          "word": "to",
          "start": 48.369,
          "end": 48.909,
          "score": 0.441,
          "speaker": "SPEAKER_00"
        },
        {
          "word": "$15"
        },
        {
          "word": "an",
          "start": 48.969,
          "end": 49.009,
          "score": 0.998,
          "speaker": "SPEAKER_00"
        },
        {
          "word": "hour.",
          "start": 49.049,
          "end": 49.349,
          "score": 0.72,
          "speaker": "SPEAKER_00"
        }
      ],
      "speaker": "SPEAKER_00"
    },
    {
      "start": 49.81,
      "end": 51.071,
      "text": "Said Trump, that's too high.",
      "words": [
        {
          "word": "Said",
          "start": 49.81,
          "end": 49.97,
          "score": 0.997,
          "speaker": "SPEAKER_00"
        },
        {
          "word": "Trump,",
          "start": 50.01,
          "end": 50.29,
          "score": 0.78,
          "speaker": "SPEAKER_00"
        },
        {
          "word": "that's",
          "start": 50.35,
          "end": 50.55,
          "score": 0.917,
          "speaker": "SPEAKER_00"
        },
        {
          "word": "too",
          "start": 50.59,
          "end": 50.75,
          "score": 0.808,
          "speaker": "SPEAKER_00"
        },
        {
          "word": "high.",
          "start": 50.79,
          "end": 51.071,
          "score": 0.832,
          "speaker": "SPEAKER_00"
        }
      ],
      "speaker": "SPEAKER_00"
    },
    {
      "start": 51.191,
      "end": 53.512,
      "text": "I mean, who works for a whole hour?",
      "words": [
        {
          "word": "I",
          "start": 51.191,
          "end": 51.231,
          "score": 0.694,
          "speaker": "SPEAKER_00"
        },
        {
          "word": "mean,",
          "start": 51.271,
          "end": 51.451,
          "score": 0.702,
          "speaker": "SPEAKER_00"
        },
        {
          "word": "who",
          "start": 51.511,
          "end": 51.711,
          "score": 0.829,
          "speaker": "SPEAKER_00"
        },
        {
          "word": "works",
          "start": 51.771,
          "end": 52.091,
          "score": 0.833,
          "speaker": "SPEAKER_00"
        },
        {
          "word": "for",
          "start": 52.131,
          "end": 52.311,
          "score": 0.9,
          "speaker": "SPEAKER_00"
        },
        {
          "word": "a",
          "start": 52.371,
          "end": 52.411,
          "score": 0.498,
          "speaker": "SPEAKER_00"
        },
        {
          "word": "whole",
          "start": 52.491,
          "end": 52.872,
          "score": 0.714,
          "speaker": "SPEAKER_00"
        },
        {
          "word": "hour?",
          "start": 53.032,
          "end": 53.512,
          "score": 0.813,
          "speaker": "SPEAKER_00"
        }
      ],
      "speaker": "SPEAKER_00"
    },
    {
      "start": 53.532,
      "end": 60.897,
      "text": "I mean, maybe if you broke it up over the course of the day.",
      "words": [
        {
          "word": "I",
          "start": 53.532,
          "end": 53.552,
          "score": 0.0,
          "speaker": "SPEAKER_00"
        },
        {
          "word": "mean,",
          "start": 58.075,
          "end": 58.335,
          "score": 0.708,
          "speaker": "SPEAKER_00"
        },
        {
          "word": "maybe",
          "start": 58.415,
          "end": 58.695,
          "score": 0.889,
          "speaker": "SPEAKER_00"
        },
        {
          "word": "if",
          "start": 58.735,
          "end": 58.775,
          "score": 0.923,
          "speaker": "SPEAKER_00"
        },
        {
          "word": "you",
          "start": 58.815,
          "end": 58.975,
          "score": 0.812,
          "speaker": "SPEAKER_00"
        },
        {
          "word": "broke",
          "start": 58.995,
          "end": 59.296,
          "score": 0.756,
          "speaker": "SPEAKER_00"
        },
        {
          "word": "it",
          "start": 59.336,
          "end": 59.396,
          "score": 0.92,
          "speaker": "SPEAKER_00"
        },
        {
          "word": "up",
          "start": 59.556,
          "end": 59.636,
          "score": 0.998,
          "speaker": "SPEAKER_00"
        },
        {
          "word": "over",
          "start": 59.756,
          "end": 59.896,
          "score": 0.875,
          "speaker": "SPEAKER_00"
        },
        {
          "word": "the",
          "start": 59.936,
          "end": 60.016,
          "score": 0.832,
          "speaker": "SPEAKER_00"
        },
        {
          "word": "course",
          "start": 60.056,
          "end": 60.316,
          "score": 0.76,
          "speaker": "SPEAKER_00"
        },
        {
          "word": "of",
          "start": 60.356,
          "end": 60.416,
          "score": 0.747,
          "speaker": "SPEAKER_00"
        },
        {
          "word": "the",
          "start": 60.436,
          "end": 60.516,
          "score": 0.655,
          "speaker": "SPEAKER_00"
        },
        {
          "word": "day.",
          "start": 60.576,
          "end": 60.897,
          "score": 0.784,
          "speaker": "SPEAKER_00"
        }
      ],
      "speaker": "SPEAKER_00"
    },
    {
      "start": 60.917,
      "end": 70.883,
      "text": "A Long Island man recovered his missing 9-foot-long anaconda this week after finding it in the dashboard of his van.",
      "words": [
        {
          "word": "A",
          "start": 60.917,
          "end": 60.937,
          "score": 0.0,
          "speaker": "SPEAKER_00"
        },
        {
          "word": "Long",
          "start": 63.878,
          "end": 64.099,
          "score": 0.725,
          "speaker": "SPEAKER_00"
        },
        {
          "word": "Island",
          "start": 64.179,
          "end": 64.399,
          "score": 0.917,
          "speaker": "SPEAKER_00"
        },
        {
          "word": "man",
          "start": 64.419,
          "end": 64.599,
          "score": 0.866,
          "speaker": "SPEAKER_00"
        },
        {
          "word": "recovered",
          "start": 64.639,
          "end": 65.159,
          "score": 0.876,
          "speaker": "SPEAKER_00"
        },
        {
          "word": "his",
          "start": 65.199,
          "end": 65.359,
          "score": 0.779,
          "speaker": "SPEAKER_00"
        },
        {
          "word": "missing",
          "start": 65.459,
          "end": 65.88,
          "score": 0.823,
          "speaker": "SPEAKER_00"
        },
        {
          "word": "9-foot-long",
          "start": 65.9,
          "end": 66.98,
          "score": 0.807,
          "speaker": "SPEAKER_00"
        },
        {
          "word": "anaconda",
          "start": 67.12,
          "end": 67.741,
          "score": 0.691,
          "speaker": "SPEAKER_00"
        },
        {
          "word": "this",
          "start": 67.761,
          "end": 67.901,
          "score": 0.786,
          "speaker": "SPEAKER_00"
        },
        {
          "word": "week",
          "start": 67.961,
          "end": 68.181,
          "score": 0.876,
          "speaker": "SPEAKER_00"
        },
        {
          "word": "after",
          "start": 68.361,
          "end": 68.581,
          "score": 0.859,
          "speaker": "SPEAKER_00"
        },
        {
          "word": "finding",
          "start": 68.701,
          "end": 69.122,
          "score": 0.825,
          "speaker": "SPEAKER_00"
        },
        {
          "word": "it",
          "start": 69.182,
          "end": 69.262,
          "score": 0.595,
          "speaker": "SPEAKER_00"
        },
        {
          "word": "in",
          "start": 69.402,
          "end": 69.462,
          "score": 0.996,
          "speaker": "SPEAKER_00"
        },
        {
          "word": "the",
          "start": 69.502,
          "end": 69.602,
          "score": 0.738,
          "speaker": "SPEAKER_00"
        },
        {
          "word": "dashboard",
          "start": 69.682,
          "end": 70.302,
          "score": 0.778,
          "speaker": "SPEAKER_00"
        },
        {
          "word": "of",
          "start": 70.342,
          "end": 70.382,
          "score": 0.996,
          "speaker": "SPEAKER_00"
        },
        {
          "word": "his",
          "start": 70.442,
          "end": 70.563,
          "score": 0.707,
          "speaker": "SPEAKER_00"
        },
        {
          "word": "van.",
          "start": 70.583,
          "end": 70.883,
          "score": 0.993,
          "speaker": "SPEAKER_00"
        }
      ],
      "speaker": "SPEAKER_00"
    },
    {
      "start": 72.588,
      "end": 78.913,
      "text": " But you should still always say no if a stranger ever asks you to get in his van to help him find his snake.",
      "words": [
        {
          "word": "But",
          "start": 72.588,
          "end": 72.748,
          "score": 0.993,
          "speaker": "SPEAKER_00"
        },
        {
          "word": "you",
          "start": 72.788,
          "end": 72.928,
          "score": 0.917,
          "speaker": "SPEAKER_00"
        },
        {
          "word": "should",
          "start": 72.968,
          "end": 73.188,
          "score": 0.744,
          "speaker": "SPEAKER_00"
        },
        {
          "word": "still",
          "start": 73.249,
          "end": 73.529,
          "score": 0.74,
          "speaker": "SPEAKER_00"
        },
        {
          "word": "always",
          "start": 73.709,
          "end": 74.029,
          "score": 0.808,
          "speaker": "SPEAKER_00"
        },
        {
          "word": "say",
          "start": 74.109,
          "end": 74.289,
          "score": 0.897,
          "speaker": "SPEAKER_00"
        },
        {
          "word": "no",
          "start": 74.369,
          "end": 74.63,
          "score": 0.994,
          "speaker": "SPEAKER_00"
        },
        {
          "word": "if",
          "start": 74.75,
          "end": 74.85,
          "score": 0.752,
          "speaker": "SPEAKER_00"
        },
        {
          "word": "a",
          "start": 74.91,
          "end": 74.95,
          "score": 0.958,
          "speaker": "SPEAKER_00"
        },
        {
          "word": "stranger",
          "start": 75.01,
          "end": 75.47,
          "score": 0.737,
          "speaker": "SPEAKER_00"
        },
        {
          "word": "ever",
          "start": 75.59,
          "end": 75.771,
          "score": 0.801,
          "speaker": "SPEAKER_00"
        },
        {
          "word": "asks",
          "start": 75.951,
          "end": 76.151,
          "score": 0.697,
          "speaker": "SPEAKER_00"
        },
        {
          "word": "you",
          "start": 76.191,
          "end": 76.331,
          "score": 0.997,
          "speaker": "SPEAKER_00"
        },
        {
          "word": "to",
          "start": 76.411,
          "end": 76.531,
          "score": 0.88,
          "speaker": "SPEAKER_00"
        },
        {
          "word": "get",
          "start": 76.611,
          "end": 76.811,
          "score": 0.861,
          "speaker": "SPEAKER_00"
        },
        {
          "word": "in",
          "start": 76.851,
          "end": 76.911,
          "score": 0.82,
          "speaker": "SPEAKER_00"
        },
        {
          "word": "his",
          "start": 76.951,
          "end": 77.072,
          "score": 0.813,
          "speaker": "SPEAKER_00"
        },
        {
          "word": "van",
          "start": 77.132,
          "end": 77.492,
          "score": 0.905,
          "speaker": "SPEAKER_00"
        },
        {
          "word": "to",
          "start": 77.592,
          "end": 77.692,
          "score": 0.865,
          "speaker": "SPEAKER_00"
        },
        {
          "word": "help",
          "start": 77.752,
          "end": 77.952,
          "score": 0.897,
          "speaker": "SPEAKER_00"
        },
        {
          "word": "him",
          "start": 77.992,
          "end": 78.112,
          "score": 0.478,
          "speaker": "SPEAKER_00"
        },
        {
          "word": "find",
          "start": 78.152,
          "end": 78.413,
          "score": 0.78,
          "speaker": "SPEAKER_00"
        },
        {
          "word": "his",
          "start": 78.473,
          "end": 78.593,
          "score": 0.764,
          "speaker": "SPEAKER_00"
        },
        {
          "word": "snake.",
          "start": 78.613,
          "end": 78.913,
          "score": 0.651,
          "speaker": "SPEAKER_00"
        }
      ],
      "speaker": "SPEAKER_00"
    },
    {
      "start": 84.397,
      "end": 85.218,
      "text": "This is good advice.",
      "words": [
        {
          "word": "This",
          "start": 84.397,
          "end": 84.497,
          "score": 0.143,
          "speaker": "SPEAKER_00"
        },
        {
          "word": "is",
          "start": 84.517,
          "end": 84.557,
          "score": 0.001,
          "speaker": "SPEAKER_00"
        },
        {
          "word": "good",
          "start": 84.578,
          "end": 84.758,
          "score": 0.589,
          "speaker": "SPEAKER_00"
        },
        {
          "word": "advice.",
          "start": 84.798,
          "end": 85.218,
          "score": 0.678,
          "speaker": "SPEAKER_00"
        }
      ],
      "speaker": "SPEAKER_00"
    },
    {
      "start": 87.1,
      "end": 93.865,
      "text": "Berkeley, California, voted last night to rename gendered terms like manhole to neutral terms like maintenance hole.",
      "words": [
        {
          "word": "Berkeley,",
          "start": 87.1,
          "end": 87.48,
          "score": 0.794,
          "speaker": "SPEAKER_00"
        },
        {
          "word": "California,",
          "start": 87.5,
          "end": 88.0,
          "score": 0.841,
          "speaker": "SPEAKER_00"
        },
        {
          "word": "voted",
          "start": 88.02,
          "end": 88.28,
          "score": 0.733,
          "speaker": "SPEAKER_00"
        },
        {
          "word": "last",
          "start": 88.32,
          "end": 88.521,
          "score": 0.768,
          "speaker": "SPEAKER_00"
        },
        {
          "word": "night",
          "start": 88.561,
          "end": 88.741,
          "score": 0.737,
          "speaker": "SPEAKER_00"
        },
        {
          "word": "to",
          "start": 88.781,
          "end": 88.921,
          "score": 0.718,
          "speaker": "SPEAKER_00"
        },
        {
          "word": "rename",
          "start": 89.001,
          "end": 89.461,
          "score": 0.888,
          "speaker": "SPEAKER_00"
        },
        {
          "word": "gendered",
          "start": 89.541,
          "end": 90.002,
          "score": 0.792,
          "speaker": "SPEAKER_00"
        },
        {
          "word": "terms",
          "start": 90.082,
          "end": 90.442,
          "score": 0.884,
          "speaker": "SPEAKER_00"
        },
        {
          "word": "like",
          "start": 90.542,
          "end": 90.702,
          "score": 0.924,
          "speaker": "SPEAKER_00"
        },
        {
          "word": "manhole",
          "start": 90.822,
          "end": 91.483,
          "score": 0.817,
          "speaker": "SPEAKER_00"
        },
        {
          "word": "to",
          "start": 91.583,
          "end": 91.803,
          "score": 0.705,
          "speaker": "SPEAKER_00"
        },
        {
          "word": "neutral",
          "start": 92.063,
          "end": 92.464,
          "score": 0.751,
          "speaker": "SPEAKER_00"
        },
        {
          "word": "terms",
          "start": 92.504,
          "end": 92.844,
          "score": 0.823,
          "speaker": "SPEAKER_00"
        },
        {
          "word": "like",
          "start": 92.924,
          "end": 93.104,
          "score": 0.831,
          "speaker": "SPEAKER_00"
        },
        {
          "word": "maintenance",
          "start": 93.204,
          "end": 93.645,
          "score": 0.943,
          "speaker": "SPEAKER_00"
        },
        {
          "word": "hole.",
          "start": 93.665,
          "end": 93.865,
          "score": 0.818,
          "speaker": "SPEAKER_00"
        }
      ],
      "speaker": "SPEAKER_00"
    },
    {
      "start": 95.166,
      "end": 98.489,
      "text": "They even changed the name of the local Hooters to Torsos.",
      "words": [
        {
          "word": "They",
          "start": 95.166,
          "end": 95.366,
          "score": 0.826,
          "speaker": "SPEAKER_00"
        },
        {
          "word": "even",
          "start": 95.466,
          "end": 95.666,
          "score": 0.88,
          "speaker": "SPEAKER_00"
        },
        {
          "word": "changed",
          "start": 95.726,
          "end": 96.087,
          "score": 0.782,
          "speaker": "SPEAKER_00"
        },
        {
          "word": "the",
          "start": 96.127,
          "end": 96.207,
          "score": 0.834,
          "speaker": "SPEAKER_00"
        },
        {
          "word": "name",
          "start": 96.227,
          "end": 96.427,
          "score": 0.67,
          "speaker": "SPEAKER_00"
        },
        {
          "word": "of",
          "start": 96.467,
          "end": 96.527,
          "score": 0.748,
          "speaker": "SPEAKER_00"
        },
        {
          "word": "the",
          "start": 96.547,
          "end": 96.607,
          "score": 0.967,
          "speaker": "SPEAKER_00"
        },
        {
          "word": "local",
          "start": 96.687,
          "end": 96.987,
          "score": 0.924,
          "speaker": "SPEAKER_00"
        },
        {
          "word": "Hooters",
          "start": 97.067,
          "end": 97.508,
          "score": 0.92,
          "speaker": "SPEAKER_00"
        },
        {
          "word": "to",
          "start": 97.608,
          "end": 97.788,
          "score": 0.82,
          "speaker": "SPEAKER_00"
        },
        {
          "word": "Torsos.",
          "start": 97.908,
          "end": 98.489,
          "score": 0.903,
          "speaker": "SPEAKER_00"
        }
      ],
      "speaker": "SPEAKER_00"
    },
    {
      "start": 105.858,
      "end": 112.939,
      "text": " A rare albino porcupine was spotted yesterday in Maine, which is crazy because, normally, they're spotted in Flavortown.",
      "words": [
        {
          "word": "A",
          "start": 105.858,
          "end": 105.938,
          "score": 0.708,
          "speaker": "SPEAKER_00"
        },
        {
          "word": "rare",
          "start": 106.058,
          "end": 106.458,
          "score": 0.785,
          "speaker": "SPEAKER_00"
        },
        {
          "word": "albino",
          "start": 106.638,
          "end": 107.158,
          "score": 0.897,
          "speaker": "SPEAKER_00"
        },
        {
          "word": "porcupine",
          "start": 107.198,
          "end": 107.818,
          "score": 0.892,
          "speaker": "SPEAKER_00"
        },
        {
          "word": "was",
          "start": 107.838,
          "end": 107.978,
          "score": 0.381,
          "speaker": "SPEAKER_00"
        },
        {
          "word": "spotted",
          "start": 108.018,
          "end": 108.398,
          "score": 0.909,
          "speaker": "SPEAKER_00"
        },
        {
          "word": "yesterday",
          "start": 108.438,
          "end": 108.818,
          "score": 0.773,
          "speaker": "SPEAKER_00"
        },
        {
          "word": "in",
          "start": 108.858,
          "end": 108.938,
          "score": 0.392,
          "speaker": "SPEAKER_00"
        },
        {
          "word": "Maine,",
          "start": 108.978,
          "end": 109.298,
          "score": 0.899,
          "speaker": "SPEAKER_00"
        },
        {
          "word": "which",
          "start": 109.338,
          "end": 109.478,
          "score": 0.948,
          "speaker": "SPEAKER_00"
        },
        {
          "word": "is",
          "start": 109.538,
          "end": 109.619,
          "score": 0.506,
          "speaker": "SPEAKER_00"
        },
        {
          "word": "crazy",
          "start": 109.699,
          "end": 110.119,
          "score": 0.931,
          "speaker": "SPEAKER_00"
        },
        {
          "word": "because,",
          "start": 110.179,
          "end": 110.459,
          "score": 0.785,
          "speaker": "SPEAKER_00"
        },
        {
          "word": "normally,",
          "start": 110.539,
          "end": 110.979,
          "score": 0.846,
          "speaker": "SPEAKER_00"
        },
        {
          "word": "they're",
          "start": 111.259,
          "end": 111.479,
          "score": 0.778,
          "speaker": "SPEAKER_00"
        },
        {
          "word": "spotted",
          "start": 111.519,
          "end": 111.939,
          "score": 0.912,
          "speaker": "SPEAKER_00"
        },
        {
          "word": "in",
          "start": 111.979,
          "end": 112.079,
          "score": 0.8,
          "speaker": "SPEAKER_00"
        },
        {
          "word": "Flavortown.",
          "start": 112.159,
          "end": 112.939,
          "score": 0.834,
          "speaker": "SPEAKER_00"
        }
      ],
      "speaker": "SPEAKER_00"
    },
    {
      "start": 117.3,
      "end": 125.903,
      "text": "And finally, soccer's governing body, FIFA, announced yesterday that it has added a new role prohibiting goalkeepers from throwing the ball into the other team's net.",
      "words": [
        {
          "word": "And",
          "start": 117.3,
          "end": 117.401,
          "score": 0.844,
          "speaker": "SPEAKER_00"
        },
        {
          "word": "finally,",
          "start": 117.461,
          "end": 117.841,
          "score": 0.852,
          "speaker": "SPEAKER_00"
        },
        {
          "word": "soccer's",
          "start": 117.941,
          "end": 118.661,
          "score": 0.841,
          "speaker": "SPEAKER_00"
        },
        {
          "word": "governing",
          "start": 118.901,
          "end": 119.341,
          "score": 0.814,
          "speaker": "SPEAKER_00"
        },
        {
          "word": "body,",
          "start": 119.401,
          "end": 119.741,
          "score": 0.966,
          "speaker": "SPEAKER_00"
        },
        {
          "word": "FIFA,",
          "start": 119.821,
          "end": 120.241,
          "score": 0.881,
          "speaker": "SPEAKER_00"
        },
        {
          "word": "announced",
          "start": 120.261,
          "end": 120.561,
          "score": 0.322,
          "speaker": "SPEAKER_00"
        },
        {
          "word": "yesterday",
          "start": 120.581,
          "end": 121.001,
          "score": 0.958,
          "speaker": "SPEAKER_00"
        },
        {
          "word": "that",
          "start": 121.041,
          "end": 121.201,
          "score": 0.886,
          "speaker": "SPEAKER_00"
        },
        {
          "word": "it",
          "start": 121.221,
          "end": 121.281,
          "score": 0.74,
          "speaker": "SPEAKER_00"
        },
        {
          "word": "has",
          "start": 121.342,
          "end": 121.462,
          "score": 0.474,
          "speaker": "SPEAKER_00"
        },
        {
          "word": "added",
          "start": 121.602,
          "end": 121.842,
          "score": 0.893,
          "speaker": "SPEAKER_00"
        },
        {
          "word": "a",
          "start": 121.902,
          "end": 121.942,
          "score": 0.499,
          "speaker": "SPEAKER_00"
        },
        {
          "word": "new",
          "start": 122.002,
          "end": 122.162,
          "score": 0.924,
          "speaker": "SPEAKER_00"
        },
        {
          "word": "role",
          "start": 122.242,
          "end": 122.502,
          "score": 0.667,
          "speaker": "SPEAKER_00"
        },
        {
          "word": "prohibiting",
          "start": 122.582,
          "end": 123.042,
          "score": 0.889,
          "speaker": "SPEAKER_00"
        },
        {
          "word": "goalkeepers",
          "start": 123.082,
          "end": 123.642,
          "score": 0.886,
          "speaker": "SPEAKER_00"
        },
        {
          "word": "from",
          "start": 123.682,
          "end": 123.822,
          "score": 0.892,
          "speaker": "SPEAKER_00"
        },
        {
          "word": "throwing",
          "start": 123.882,
          "end": 124.222,
          "score": 0.764,
          "speaker": "SPEAKER_00"
        },
        {
          "word": "the",
          "start": 124.242,
          "end": 124.302,
          "score": 0.981,
          "speaker": "SPEAKER_00"
        },
        {
          "word": "ball",
          "start": 124.342,
          "end": 124.702,
          "score": 0.912,
          "speaker": "SPEAKER_00"
        },
        {
          "word": "into",
          "start": 124.822,
          "end": 124.962,
          "score": 0.881,
          "speaker": "SPEAKER_00"
        },
        {
          "word": "the",
          "start": 124.982,
          "end": 125.062,
          "score": 0.832,
          "speaker": "SPEAKER_00"
        },
        {
          "word": "other",
          "start": 125.122,
          "end": 125.283,
          "score": 0.808,
          "speaker": "SPEAKER_00"
        },
        {
          "word": "team's",
          "start": 125.303,
          "end": 125.603,
          "score": 0.836,
          "speaker": "SPEAKER_00"
        },
        {
          "word": "net.",
          "start": 125.663,
          "end": 125.903,
          "score": 0.915,
          "speaker": "SPEAKER_00"
        }
      ],
      "speaker": "SPEAKER_00"
    },
    {
      "start": 126.403,
      "end": 128.563,
      "text": "Eh, you get used to it, said the Knicks.",
      "words": [
        {
          "word": "Eh,",
          "start": 126.403,
          "end": 126.543,
          "score": 0.671,
          "speaker": "SPEAKER_00"
        },
        {
          "word": "you",
          "start": 126.883,
          "end": 127.083,
          "score": 0.756,
          "speaker": "SPEAKER_00"
        },
        {
          "word": "get",
          "start": 127.123,
          "end": 127.223,
          "score": 0.851,
          "speaker": "SPEAKER_00"
        },
        {
          "word": "used",
          "start": 127.303,
          "end": 127.443,
          "score": 0.912,
          "speaker": "SPEAKER_00"
        },
        {
          "word": "to",
          "start": 127.483,
          "end": 127.583,
          "score": 0.86,
          "speaker": "SPEAKER_00"
        },
        {
          "word": "it,",
          "start": 127.663,
          "end": 127.723,
          "score": 0.747,
          "speaker": "SPEAKER_00"
        },
        {
          "word": "said",
          "start": 127.903,
          "end": 128.103,
          "score": 0.846,
          "speaker": "SPEAKER_00"
        },
        {
          "word": "the",
          "start": 128.123,
          "end": 128.183,
          "score": 0.977,
          "speaker": "SPEAKER_00"
        },
        {
          "word": "Knicks.",
          "start": 128.243,
          "end": 128.563,
          "score": 0.496,
          "speaker": "SPEAKER_00"
        }
      ],
      "speaker": "SPEAKER_00"
    }
  ],
  "word_segments": [
    {
      "word": "Let's",
      "start": 0.129,
      "end": 0.329,
      "score": 0.848,
      "speaker": "SPEAKER_00"
    },
    {
      "word": "get",
      "start": 0.349,
      "end": 0.489,
      "score": 0.927,
      "speaker": "SPEAKER_00"
    },
    {
      "word": "to",
      "start": 0.529,
      "end": 0.609,
      "score": 0.938,
      "speaker": "SPEAKER_00"
    },
    {
      "word": "the",
      "start": 0.649,
      "end": 0.709,
      "score": 0.954,
      "speaker": "SPEAKER_00"
    },
    {
      "word": "news.",
      "start": 0.769,
      "end": 1.089,
      "score": 0.794,
      "speaker": "SPEAKER_00"
    },
    {
      "word": "Merriam-Webster",
      "start": 1.189,
      "end": 2.13,
      "score": 0.872,
      "speaker": "SPEAKER_00"
    },
    {
      "word": "Dictionary",
      "start": 2.19,
      "end": 2.81,
      "score": 0.856,
      "speaker": "SPEAKER_00"
    },
    {
      "word": "tweeted",
      "start": 2.87,
      "end": 3.25,
      "score": 0.855,
      "speaker": "SPEAKER_00"
    },
    {
      "word": "that",
      "start": 3.27,
      "end": 3.39,
      "score": 0.766,
      "speaker": "SPEAKER_00"
    },
    {
      "word": "the",
      "start": 3.43,
      "end": 3.53,
      "score": 0.925,
      "speaker": "SPEAKER_00"
    },
    {
      "word": "most",
      "start": 3.59,
      "end": 3.83,
      "score": 0.94,
      "speaker": "SPEAKER_00"
    },
    {
      "word": "searched",
      "start": 3.91,
      "end": 4.21,
      "score": 0.714,
      "speaker": "SPEAKER_00"
    },
    {
      "word": "for",
      "start": 4.25,
      "end": 4.47,
      "score": 0.763,
      "speaker": "SPEAKER_00"
    },
    {
      "word": "words",
      "start": 4.55,
      "end": 5.03,
      "score": 0.788,
      "speaker": "SPEAKER_00"
    },
    {
      "word": "following",
      "start": 5.15,
      "end": 5.531,
      "score": 0.651,
      "speaker": "SPEAKER_00"
    },
    {
      "word": "President",
      "start": 5.551,
      "end": 5.971,
      "score": 0.819,
      "speaker": "SPEAKER_00"
    },
    {
      "word": "Trump's",
      "start": 6.011,
      "end": 6.291,
      "score": 0.691,
      "speaker": "SPEAKER_00"
    },
    {
      "word": "campaign",
      "start": 6.331,
      "end": 6.791,
      "score": 0.821,
      "speaker": "SPEAKER_00"
    },
    {
      "word": "rally",
      "start": 6.831,
      "end": 7.131,
      "score": 0.902,
      "speaker": "SPEAKER_00"
    },
    {
      "word": "last",
      "start": 7.171,
      "end": 7.411,
      "score": 0.896,
      "speaker": "SPEAKER_00"
    },
    {
      "word": "night",
      "start": 7.471,
      "end": 7.671,
      "score": 0.785,
      "speaker": "SPEAKER_00"
    },
    {
      "word": "were",
      "start": 7.711,
      "end": 7.871,
      "score": 0.975,
      "speaker": "SPEAKER_00"
    },
    {
      "word": "racism,",
      "start": 7.971,
      "end": 8.631,
      "score": 0.884,
      "speaker": "SPEAKER_00"
    },
    {
      "word": "fascism,",
      "start": 9.152,
      "end": 9.872,
      "score": 0.775,
      "speaker": "SPEAKER_00"
    },
    {
      "word": "and",
      "start": 10.272,
      "end": 10.372,
      "score": 0.948,
      "speaker": "SPEAKER_00"
    },
    {
      "word": "xenophobia.",
      "start": 10.432,
      "end": 11.272,
      "score": 0.908,
      "speaker": "SPEAKER_00"
    },
    {
      "word": "Well,",
      "start": 12.833,
      "end": 13.053,
      "score": 0.792,
      "speaker": "SPEAKER_00"
    },
    {
      "word": "at",
      "start": 13.213,
      "end": 13.333,
      "score": 0.625,
      "speaker": "SPEAKER_00"
    },
    {
      "word": "the",
      "start": 13.373,
      "end": 13.473,
      "score": 0.851,
      "speaker": "SPEAKER_00"
    },
    {
      "word": "rally,",
      "start": 13.513,
      "end": 13.873,
      "score": 0.805,
      "speaker": "SPEAKER_00"
    },
    {
      "word": "that",
      "start": 13.933,
      "end": 14.133,
      "score": 0.862,
      "speaker": "SPEAKER_00"
    },
    {
      "word": "was",
      "start": 14.173,
      "end": 14.313,
      "score": 0.883,
      "speaker": "SPEAKER_00"
    },
    {
      "word": "the",
      "start": 14.373,
      "end": 14.473,
      "score": 0.965,
      "speaker": "SPEAKER_00"
    },
    {
      "word": "calendar",
      "start": 14.593,
      "end": 15.213,
      "score": 0.819,
      "speaker": "SPEAKER_00"
    },
    {
      "word": "of",
      "start": 15.293,
      "end": 15.373,
      "score": 0.833,
      "speaker": "SPEAKER_00"
    },
    {
      "word": "events.",
      "start": 15.453,
      "end": 15.853,
      "score": 0.876,
      "speaker": "SPEAKER_00"
    },
    {
      "word": "The",
      "start": 20.04,
      "end": 21.041,
      "score": 0.865,
      "speaker": "SPEAKER_00"
    },
    {
      "word": "DNC",
      "start": 23.063,
      "end": 23.443,
      "score": 0.79,
      "speaker": "SPEAKER_00"
    },
    {
      "word": "has",
      "start": 23.463,
      "end": 23.563,
      "score": 0.766,
      "speaker": "SPEAKER_00"
    },
    {
      "word": "announced",
      "start": 23.603,
      "end": 23.864,
      "score": 0.899,
      "speaker": "SPEAKER_00"
    },
    {
      "word": "that",
      "start": 23.884,
      "end": 23.964,
      "score": 0.484,
      "speaker": "SPEAKER_00"
    },
    {
      "word": "the",
      "start": 23.984,
      "end": 24.064,
      "score": 0.942,
      "speaker": "SPEAKER_00"
    },
    {
      "word": "lineup",
      "start": 24.104,
      "end": 24.404,
      "score": 0.817,
      "speaker": "SPEAKER_00"
    },
    {
      "word": "for",
      "start": 24.424,
      "end": 24.524,
      "score": 0.811,
      "speaker": "SPEAKER_00"
    },
    {
      "word": "the",
      "start": 24.544,
      "end": 24.604,
      "score": 0.998,
      "speaker": "SPEAKER_00"
    },
    {
      "word": "upcoming",
      "start": 24.644,
      "end": 24.985,
      "score": 0.906,
      "speaker": "SPEAKER_00"
    },
    {
      "word": "second",
      "start": 25.025,
      "end": 25.305,
      "score": 0.762,
      "speaker": "SPEAKER_00"
    },
    {
      "word": "Democratic",
      "start": 25.325,
      "end": 25.765,
      "score": 0.9,
      "speaker": "SPEAKER_00"
    },
    {
      "word": "debate",
      "start": 25.785,
      "end": 26.046,
      "score": 0.952,
      "speaker": "SPEAKER_00"
    },
    {
      "word": "will",
      "start": 26.086,
      "end": 26.246,
      "score": 0.976,
      "speaker": "SPEAKER_00"
    },
    {
      "word": "mirror",
      "start": 26.286,
      "end": 26.606,
      "score": 0.719,
      "speaker": "SPEAKER_00"
    },
    {
      "word": "the",
      "start": 26.646,
      "end": 26.726,
      "score": 0.89,
      "speaker": "SPEAKER_00"
    },
    {
      "word": "first",
      "start": 26.786,
      "end": 27.006,
      "score": 0.699,
      "speaker": "SPEAKER_00"
    },
    {
      "word": "debate",
      "start": 27.046,
      "end": 27.327,
      "score": 0.896,
      "speaker": "SPEAKER_00"
    },
    {
      "word": "with",
      "start": 27.367,
      "end": 27.507,
      "score": 0.791,
      "speaker": "SPEAKER_00"
    },
    {
      "word": "Montana",
      "start": 27.567,
      "end": 28.087,
      "score": 0.904,
      "speaker": "SPEAKER_00"
    },
    {
      "word": "Governor",
      "start": 28.127,
      "end": 28.448,
      "score": 0.807,
      "speaker": "SPEAKER_00"
    },
    {
      "word": "Steve",
      "start": 28.908,
      "end": 29.289,
      "score": 0.827,
      "speaker": "SPEAKER_00"
    },
    {
      "word": "Bullock",
      "start": 29.369,
      "end": 29.749,
      "score": 0.963,
      "speaker": "SPEAKER_00"
    },
    {
      "word": "replacing",
      "start": 29.849,
      "end": 30.39,
      "score": 0.834,
      "speaker": "SPEAKER_00"
    },
    {
      "word": "Congressman",
      "start": 30.47,
      "end": 31.13,
      "score": 0.887,
      "speaker": "SPEAKER_00"
    },
    {
      "word": "Eric",
      "start": 31.25,
      "end": 31.47,
      "score": 0.843,
      "speaker": "SPEAKER_00"
    },
    {
      "word": "Swalwell,",
      "start": 31.531,
      "end": 32.111,
      "score": 0.922,
      "speaker": "SPEAKER_00"
    },
    {
      "word": "who",
      "start": 32.131,
      "end": 32.231,
      "score": 0.771,
      "speaker": "SPEAKER_00"
    },
    {
      "word": "has",
      "start": 32.251,
      "end": 32.371,
      "score": 0.661,
      "speaker": "SPEAKER_00"
    },
    {
      "word": "dropped",
      "start": 32.411,
      "end": 32.732,
      "score": 0.911,
      "speaker": "SPEAKER_00"
    },
    {
      "word": "out",
      "start": 32.792,
      "end": 32.892,
      "score": 0.997,
      "speaker": "SPEAKER_00"
    },
    {
      "word": "of",
      "start": 32.932,
      "end": 32.972,
      "score": 0.994,
      "speaker": "SPEAKER_00"
    },
    {
      "word": "the",
      "start": 32.992,
      "end": 33.072,
      "score": 0.831,
      "speaker": "SPEAKER_00"
    },
    {
      "word": "race.",
      "start": 33.112,
      "end": 33.392,
      "score": 0.975,
      "speaker": "SPEAKER_00"
    },
    {
      "word": "So,",
      "start": 33.953,
      "end": 34.093,
      "score": 0.681,
      "speaker": "SPEAKER_00"
    },
    {
      "word": "basically,",
      "start": 34.133,
      "end": 34.513,
      "score": 0.554,
      "speaker": "SPEAKER_00"
    },
    {
      "word": "they",
      "start": 34.553,
      "end": 34.693,
      "score": 0.774,
      "speaker": "SPEAKER_00"
    },
    {
      "word": "replaced",
      "start": 34.753,
      "end": 35.194,
      "score": 0.778,
      "speaker": "SPEAKER_00"
    },
    {
      "word": "Eric",
      "start": 35.314,
      "end": 35.534,
      "score": 0.775,
      "speaker": "SPEAKER_00"
    },
    {
      "word": "Swalwell",
      "start": 35.574,
      "end": 36.095,
      "score": 0.873,
      "speaker": "SPEAKER_00"
    },
    {
      "word": "with",
      "start": 36.135,
      "end": 36.255,
      "score": 0.873,
      "speaker": "SPEAKER_00"
    },
    {
      "word": "the",
      "start": 36.295,
      "end": 36.395,
      "score": 0.828,
      "speaker": "SPEAKER_00"
    },
    {
      "word": "FaceApp",
      "start": 36.555,
      "end": 37.236,
      "score": 0.883,
      "speaker": "SPEAKER_00"
    },
    {
      "word": "version",
      "start": 37.296,
      "end": 37.796,
      "score": 0.802,
      "speaker": "SPEAKER_00"
    },
    {
      "word": "of",
      "start": 38.217,
      "end": 38.277,
      "score": 0.757,
      "speaker": "SPEAKER_00"
    },
    {
      "word": "Eric",
      "start": 38.457,
      "end": 38.737,
      "score": 0.759,
      "speaker": "SPEAKER_00"
    },
    {
      "word": "Swalwell.",
      "start": 38.797,
      "end": 39.358,
      "score": 0.924,
      "speaker": "SPEAKER_00"
    },
    {
      "word": "The",
      "start": 43.326,
      "end": 43.586,
      "score": 0.839,
      "speaker": "SPEAKER_00"
    },
    {
      "word": "House",
      "start": 43.666,
      "end": 43.926,
      "score": 0.651,
      "speaker": "SPEAKER_00"
    },
    {
      "word": "of",
      "start": 43.966,
      "end": 44.026,
      "score": 0.536,
      "speaker": "SPEAKER_00"
    },
    {
      "word": "Representatives",
      "start": 44.066,
      "end": 44.867,
      "score": 0.727,
      "speaker": "SPEAKER_00"
    },
    {
      "word": "voted",
      "start": 44.927,
      "end": 45.207,
      "score": 0.915,
      "speaker": "SPEAKER_00"
    },
    {
      "word": "today",
      "start": 45.247,
      "end": 45.447,
      "score": 0.877,
      "speaker": "SPEAKER_00"
    },
    {
      "word": "on",
      "start": 45.507,
      "end": 45.567,
      "score": 0.752,
      "speaker": "SPEAKER_00"
    },
    {
      "word": "a",
      "start": 45.607,
      "end": 45.647,
      "score": 0.479,
      "speaker": "SPEAKER_00"
    },
    {
      "word": "bill",
      "start": 45.707,
      "end": 45.987,
      "score": 0.896,
      "speaker": "SPEAKER_00"
    },
    {
      "word": "that",
      "start": 46.047,
      "end": 46.147,
      "score": 0.999,
      "speaker": "SPEAKER_00"
    },
    {
      "word": "would",
      "start": 46.188,
      "end": 46.348,
      "score": 0.794,
      "speaker": "SPEAKER_00"
    },
    {
      "word": "raise",
      "start": 46.388,
      "end": 46.668,
      "score": 0.879,
      "speaker": "SPEAKER_00"
    },
    {
      "word": "the",
      "start": 46.688,
      "end": 46.828,
      "score": 0.685,
      "speaker": "SPEAKER_00"
    },
    {
      "word": "federal",
      "start": 46.888,
      "end": 47.248,
      "score": 0.927,
      "speaker": "SPEAKER_00"
    },
    {
      "word": "minimum",
      "start": 47.288,
      "end": 47.668,
      "score": 0.868,
      "speaker": "SPEAKER_00"
    },
    {
      "word": "wage",
      "start": 47.688,
      "end": 48.129,
      "score": 0.828,
      "speaker": "SPEAKER_00"
    },
    {
      "word": "to",
      "start": 48.369,
      "end": 48.909,
      "score": 0.441,
      "speaker": "SPEAKER_00"
    },
    {
      "word": "$15"
    },
    {
      "word": "an",
      "start": 48.969,
      "end": 49.009,
      "score": 0.998,
      "speaker": "SPEAKER_00"
    },
    {
      "word": "hour.",
      "start": 49.049,
      "end": 49.349,
      "score": 0.72,
      "speaker": "SPEAKER_00"
    },
    {
      "word": "Said",
      "start": 49.81,
      "end": 49.97,
      "score": 0.997,
      "speaker": "SPEAKER_00"
    },
    {
      "word": "Trump,",
      "start": 50.01,
      "end": 50.29,
      "score": 0.78,
      "speaker": "SPEAKER_00"
    },
    {
      "word": "that's",
      "start": 50.35,
      "end": 50.55,
      "score": 0.917,
      "speaker": "SPEAKER_00"
    },
    {
      "word": "too",
      "start": 50.59,
      "end": 50.75,
      "score": 0.808,
      "speaker": "SPEAKER_00"
    },
    {
      "word": "high.",
      "start": 50.79,
      "end": 51.071,
      "score": 0.832,
      "speaker": "SPEAKER_00"
    },
    {
      "word": "I",
      "start": 51.191,
      "end": 51.231,
      "score": 0.694,
      "speaker": "SPEAKER_00"
    },
    {
      "word": "mean,",
      "start": 51.271,
      "end": 51.451,
      "score": 0.702,
      "speaker": "SPEAKER_00"
    },
    {
      "word": "who",
      "start": 51.511,
      "end": 51.711,
      "score": 0.829,
      "speaker": "SPEAKER_00"
    },
    {
      "word": "works",
      "start": 51.771,
      "end": 52.091,
      "score": 0.833,
      "speaker": "SPEAKER_00"
    },
    {
      "word": "for",
      "start": 52.131,
      "end": 52.311,
      "score": 0.9,
      "speaker": "SPEAKER_00"
    },
    {
      "word": "a",
      "start": 52.371,
      "end": 52.411,
      "score": 0.498,
      "speaker": "SPEAKER_00"
    },
    {
      "word": "whole",
      "start": 52.491,
      "end": 52.872,
      "score": 0.714,
      "speaker": "SPEAKER_00"
    },
    {
      "word": "hour?",
      "start": 53.032,
      "end": 53.512,
      "score": 0.813,
      "speaker": "SPEAKER_00"
    },
    {
      "word": "I",
      "start": 53.532,
      "end": 53.552,
      "score": 0.0,
      "speaker": "SPEAKER_00"
    },
    {
      "word": "mean,",
      "start": 58.075,
      "end": 58.335,
      "score": 0.708,
      "speaker": "SPEAKER_00"
    },
    {
      "word": "maybe",
      "start": 58.415,
      "end": 58.695,
      "score": 0.889,
      "speaker": "SPEAKER_00"
    },
    {
      "word": "if",
      "start": 58.735,
      "end": 58.775,
      "score": 0.923,
      "speaker": "SPEAKER_00"
    },
    {
      "word": "you",
      "start": 58.815,
      "end": 58.975,
      "score": 0.812,
      "speaker": "SPEAKER_00"
    },
    {
      "word": "broke",
      "start": 58.995,
      "end": 59.296,
      "score": 0.756,
      "speaker": "SPEAKER_00"
    },
    {
      "word": "it",
      "start": 59.336,
      "end": 59.396,
      "score": 0.92,
      "speaker": "SPEAKER_00"
    },
    {
      "word": "up",
      "start": 59.556,
      "end": 59.636,
      "score": 0.998,
      "speaker": "SPEAKER_00"
    },
    {
      "word": "over",
      "start": 59.756,
      "end": 59.896,
      "score": 0.875,
      "speaker": "SPEAKER_00"
    },
    {
      "word": "the",
      "start": 59.936,
      "end": 60.016,
      "score": 0.832,
      "speaker": "SPEAKER_00"
    },
    {
      "word": "course",
      "start": 60.056,
      "end": 60.316,
      "score": 0.76,
      "speaker": "SPEAKER_00"
    },
    {
      "word": "of",
      "start": 60.356,
      "end": 60.416,
      "score": 0.747,
      "speaker": "SPEAKER_00"
    },
    {
      "word": "the",
      "start": 60.436,
      "end": 60.516,
      "score": 0.655,
      "speaker": "SPEAKER_00"
    },
    {
      "word": "day.",
      "start": 60.576,
      "end": 60.897,
      "score": 0.784,
      "speaker": "SPEAKER_00"
    },
    {
      "word": "A",
      "start": 60.917,
      "end": 60.937,
      "score": 0.0,
      "speaker": "SPEAKER_00"
    },
    {
      "word": "Long",
      "start": 63.878,
      "end": 64.099,
      "score": 0.725,
      "speaker": "SPEAKER_00"
    },
    {
      "word": "Island",
      "start": 64.179,
      "end": 64.399,
      "score": 0.917,
      "speaker": "SPEAKER_00"
    },
    {
      "word": "man",
      "start": 64.419,
      "end": 64.599,
      "score": 0.866,
      "speaker": "SPEAKER_00"
    },
    {
      "word": "recovered",
      "start": 64.639,
      "end": 65.159,
      "score": 0.876,
      "speaker": "SPEAKER_00"
    },
    {
      "word": "his",
      "start": 65.199,
      "end": 65.359,
      "score": 0.779,
      "speaker": "SPEAKER_00"
    },
    {
      "word": "missing",
      "start": 65.459,
      "end": 65.88,
      "score": 0.823,
      "speaker": "SPEAKER_00"
    },
    {
      "word": "9-foot-long",
      "start": 65.9,
      "end": 66.98,
      "score": 0.807,
      "speaker": "SPEAKER_00"
    },
    {
      "word": "anaconda",
      "start": 67.12,
      "end": 67.741,
      "score": 0.691,
      "speaker": "SPEAKER_00"
    },
    {
      "word": "this",
      "start": 67.761,
      "end": 67.901,
      "score": 0.786,
      "speaker": "SPEAKER_00"
    },
    {
      "word": "week",
      "start": 67.961,
      "end": 68.181,
      "score": 0.876,
      "speaker": "SPEAKER_00"
    },
    {
      "word": "after",
      "start": 68.361,
      "end": 68.581,
      "score": 0.859,
      "speaker": "SPEAKER_00"
    },
    {
      "word": "finding",
      "start": 68.701,
      "end": 69.122,
      "score": 0.825,
      "speaker": "SPEAKER_00"
    },
    {
      "word": "it",
      "start": 69.182,
      "end": 69.262,
      "score": 0.595,
      "speaker": "SPEAKER_00"
    },
    {
      "word": "in",
      "start": 69.402,
      "end": 69.462,
      "score": 0.996,
      "speaker": "SPEAKER_00"
    },
    {
      "word": "the",
      "start": 69.502,
      "end": 69.602,
      "score": 0.738,
      "speaker": "SPEAKER_00"
    },
    {
      "word": "dashboard",
      "start": 69.682,
      "end": 70.302,
      "score": 0.778,
      "speaker": "SPEAKER_00"
    },
    {
      "word": "of",
      "start": 70.342,
      "end": 70.382,
      "score": 0.996,
      "speaker": "SPEAKER_00"
    },
    {
      "word": "his",
      "start": 70.442,
      "end": 70.563,
      "score": 0.707,
      "speaker": "SPEAKER_00"
    },
    {
      "word": "van.",
      "start": 70.583,
      "end": 70.883,
      "score": 0.993,
      "speaker": "SPEAKER_00"
    },
    {
      "word": "But",
      "start": 72.588,
      "end": 72.748,
      "score": 0.993,
      "speaker": "SPEAKER_00"
    },
    {
      "word": "you",
      "start": 72.788,
      "end": 72.928,
      "score": 0.917,
      "speaker": "SPEAKER_00"
    },
    {
      "word": "should",
      "start": 72.968,
      "end": 73.188,
      "score": 0.744,
      "speaker": "SPEAKER_00"
    },
    {
      "word": "still",
      "start": 73.249,
      "end": 73.529,
      "score": 0.74,
      "speaker": "SPEAKER_00"
    },
    {
      "word": "always",
      "start": 73.709,
      "end": 74.029,
      "score": 0.808,
      "speaker": "SPEAKER_00"
    },
    {
      "word": "say",
      "start": 74.109,
      "end": 74.289,
      "score": 0.897,
      "speaker": "SPEAKER_00"
    },
    {
      "word": "no",
      "start": 74.369,
      "end": 74.63,
      "score": 0.994,
      "speaker": "SPEAKER_00"
    },
    {
      "word": "if",
      "start": 74.75,
      "end": 74.85,
      "score": 0.752,
      "speaker": "SPEAKER_00"
    },
    {
      "word": "a",
      "start": 74.91,
      "end": 74.95,
      "score": 0.958,
      "speaker": "SPEAKER_00"
    },
    {
      "word": "stranger",
      "start": 75.01,
      "end": 75.47,
      "score": 0.737,
      "speaker": "SPEAKER_00"
    },
    {
      "word": "ever",
      "start": 75.59,
      "end": 75.771,
      "score": 0.801,
      "speaker": "SPEAKER_00"
    },
    {
      "word": "asks",
      "start": 75.951,
      "end": 76.151,
      "score": 0.697,
      "speaker": "SPEAKER_00"
    },
    {
      "word": "you",
      "start": 76.191,
      "end": 76.331,
      "score": 0.997,
      "speaker": "SPEAKER_00"
    },
    {
      "word": "to",
      "start": 76.411,
      "end": 76.531,
      "score": 0.88,
      "speaker": "SPEAKER_00"
    },
    {
      "word": "get",
      "start": 76.611,
      "end": 76.811,
      "score": 0.861,
      "speaker": "SPEAKER_00"
    },
    {
      "word": "in",
      "start": 76.851,
      "end": 76.911,
      "score": 0.82,
      "speaker": "SPEAKER_00"
    },
    {
      "word": "his",
      "start": 76.951,
      "end": 77.072,
      "score": 0.813,
      "speaker": "SPEAKER_00"
    },
    {
      "word": "van",
      "start": 77.132,
      "end": 77.492,
      "score": 0.905,
      "speaker": "SPEAKER_00"
    },
    {
      "word": "to",
      "start": 77.592,
      "end": 77.692,
      "score": 0.865,
      "speaker": "SPEAKER_00"
    },
    {
      "word": "help",
      "start": 77.752,
      "end": 77.952,
      "score": 0.897,
      "speaker": "SPEAKER_00"
    },
    {
      "word": "him",
      "start": 77.992,
      "end": 78.112,
      "score": 0.478,
      "speaker": "SPEAKER_00"
    },
    {
      "word": "find",
      "start": 78.152,
      "end": 78.413,
      "score": 0.78,
      "speaker": "SPEAKER_00"
    },
    {
      "word": "his",
      "start": 78.473,
      "end": 78.593,
      "score": 0.764,
      "speaker": "SPEAKER_00"
    },
    {
      "word": "snake.",
      "start": 78.613,
      "end": 78.913,
      "score": 0.651,
      "speaker": "SPEAKER_00"
    },
    {
      "word": "This",
      "start": 84.397,
      "end": 84.497,
      "score": 0.143,
      "speaker": "SPEAKER_00"
    },
    {
      "word": "is",
      "start": 84.517,
      "end": 84.557,
      "score": 0.001,
      "speaker": "SPEAKER_00"
    },
    {
      "word": "good",
      "start": 84.578,
      "end": 84.758,
      "score": 0.589,
      "speaker": "SPEAKER_00"
    },
    {
      "word": "advice.",
      "start": 84.798,
      "end": 85.218,
      "score": 0.678,
      "speaker": "SPEAKER_00"
    },
    {
      "word": "Berkeley,",
      "start": 87.1,
      "end": 87.48,
      "score": 0.794,
      "speaker": "SPEAKER_00"
    },
    {
      "word": "California,",
      "start": 87.5,
      "end": 88.0,
      "score": 0.841,
      "speaker": "SPEAKER_00"
    },
    {
      "word": "voted",
      "start": 88.02,
      "end": 88.28,
      "score": 0.733,
      "speaker": "SPEAKER_00"
    },
    {
      "word": "last",
      "start": 88.32,
      "end": 88.521,
      "score": 0.768,
      "speaker": "SPEAKER_00"
    },
    {
      "word": "night",
      "start": 88.561,
      "end": 88.741,
      "score": 0.737,
      "speaker": "SPEAKER_00"
    },
    {
      "word": "to",
      "start": 88.781,
      "end": 88.921,
      "score": 0.718,
      "speaker": "SPEAKER_00"
    },
    {
      "word": "rename",
      "start": 89.001,
      "end": 89.461,
      "score": 0.888,
      "speaker": "SPEAKER_00"
    },
    {
      "word": "gendered",
      "start": 89.541,
      "end": 90.002,
      "score": 0.792,
      "speaker": "SPEAKER_00"
    },
    {
      "word": "terms",
      "start": 90.082,
      "end": 90.442,
      "score": 0.884,
      "speaker": "SPEAKER_00"
    },
    {
      "word": "like",
      "start": 90.542,
      "end": 90.702,
      "score": 0.924,
      "speaker": "SPEAKER_00"
    },
    {
      "word": "manhole",
      "start": 90.822,
      "end": 91.483,
      "score": 0.817,
      "speaker": "SPEAKER_00"
    },
    {
      "word": "to",
      "start": 91.583,
      "end": 91.803,
      "score": 0.705,
      "speaker": "SPEAKER_00"
    },
    {
      "word": "neutral",
      "start": 92.063,
      "end": 92.464,
      "score": 0.751,
      "speaker": "SPEAKER_00"
    },
    {
      "word": "terms",
      "start": 92.504,
      "end": 92.844,
      "score": 0.823,
      "speaker": "SPEAKER_00"
    },
    {
      "word": "like",
      "start": 92.924,
      "end": 93.104,
      "score": 0.831,
      "speaker": "SPEAKER_00"
    },
    {
      "word": "maintenance",
      "start": 93.204,
      "end": 93.645,
      "score": 0.943,
      "speaker": "SPEAKER_00"
    },
    {
      "word": "hole.",
      "start": 93.665,
      "end": 93.865,
      "score": 0.818,
      "speaker": "SPEAKER_00"
    },
    {
      "word": "They",
      "start": 95.166,
      "end": 95.366,
      "score": 0.826,
      "speaker": "SPEAKER_00"
    },
    {
      "word": "even",
      "start": 95.466,
      "end": 95.666,
      "score": 0.88,
      "speaker": "SPEAKER_00"
    },
    {
      "word": "changed",
      "start": 95.726,
      "end": 96.087,
      "score": 0.782,
      "speaker": "SPEAKER_00"
    },
    {
      "word": "the",
      "start": 96.127,
      "end": 96.207,
      "score": 0.834,
      "speaker": "SPEAKER_00"
    },
    {
      "word": "name",
      "start": 96.227,
      "end": 96.427,
      "score": 0.67,
      "speaker": "SPEAKER_00"
    },
    {
      "word": "of",
      "start": 96.467,
      "end": 96.527,
      "score": 0.748,
      "speaker": "SPEAKER_00"
    },
    {
      "word": "the",
      "start": 96.547,
      "end": 96.607,
      "score": 0.967,
      "speaker": "SPEAKER_00"
    },
    {
      "word": "local",
      "start": 96.687,
      "end": 96.987,
      "score": 0.924,
      "speaker": "SPEAKER_00"
    },
    {
      "word": "Hooters",
      "start": 97.067,
      "end": 97.508,
      "score": 0.92,
      "speaker": "SPEAKER_00"
    },
    {
      "word": "to",
      "start": 97.608,
      "end": 97.788,
      "score": 0.82,
      "speaker": "SPEAKER_00"
    },
    {
      "word": "Torsos.",
      "start": 97.908,
      "end": 98.489,
      "score": 0.903,
      "speaker": "SPEAKER_00"
    },
    {
      "word": "A",
      "start": 105.858,
      "end": 105.938,
      "score": 0.708,
      "speaker": "SPEAKER_00"
    },
    {
      "word": "rare",
      "start": 106.058,
      "end": 106.458,
      "score": 0.785,
      "speaker": "SPEAKER_00"
    },
    {
      "word": "albino",
      "start": 106.638,
      "end": 107.158,
      "score": 0.897,
      "speaker": "SPEAKER_00"
    },
    {
      "word": "porcupine",
      "start": 107.198,
      "end": 107.818,
      "score": 0.892,
      "speaker": "SPEAKER_00"
    },
    {
      "word": "was",
      "start": 107.838,
      "end": 107.978,
      "score": 0.381,
      "speaker": "SPEAKER_00"
    },
    {
      "word": "spotted",
      "start": 108.018,
      "end": 108.398,
      "score": 0.909,
      "speaker": "SPEAKER_00"
    },
    {
      "word": "yesterday",
      "start": 108.438,
      "end": 108.818,
      "score": 0.773,
      "speaker": "SPEAKER_00"
    },
    {
      "word": "in",
      "start": 108.858,
      "end": 108.938,
      "score": 0.392,
      "speaker": "SPEAKER_00"
    },
    {
      "word": "Maine,",
      "start": 108.978,
      "end": 109.298,
      "score": 0.899,
      "speaker": "SPEAKER_00"
    },
    {
      "word": "which",
      "start": 109.338,
      "end": 109.478,
      "score": 0.948,
      "speaker": "SPEAKER_00"
    },
    {
      "word": "is",
      "start": 109.538,
      "end": 109.619,
      "score": 0.506,
      "speaker": "SPEAKER_00"
    },
    {
      "word": "crazy",
      "start": 109.699,
      "end": 110.119,
      "score": 0.931,
      "speaker": "SPEAKER_00"
    },
    {
      "word": "because,",
      "start": 110.179,
      "end": 110.459,
      "score": 0.785,
      "speaker": "SPEAKER_00"
    },
    {
      "word": "normally,",
      "start": 110.539,
      "end": 110.979,
      "score": 0.846,
      "speaker": "SPEAKER_00"
    },
    {
      "word": "they're",
      "start": 111.259,
      "end": 111.479,
      "score": 0.778,
      "speaker": "SPEAKER_00"
    },
    {
      "word": "spotted",
      "start": 111.519,
      "end": 111.939,
      "score": 0.912,
      "speaker": "SPEAKER_00"
    },
    {
      "word": "in",
      "start": 111.979,
      "end": 112.079,
      "score": 0.8,
      "speaker": "SPEAKER_00"
    },
    {
      "word": "Flavortown.",
      "start": 112.159,
      "end": 112.939,
      "score": 0.834,
      "speaker": "SPEAKER_00"
    },
    {
      "word": "And",
      "start": 117.3,
      "end": 117.401,
      "score": 0.844,
      "speaker": "SPEAKER_00"
    },
    {
      "word": "finally,",
      "start": 117.461,
      "end": 117.841,
      "score": 0.852,
      "speaker": "SPEAKER_00"
    },
    {
      "word": "soccer's",
      "start": 117.941,
      "end": 118.661,
      "score": 0.841,
      "speaker": "SPEAKER_00"
    },
    {
      "word": "governing",
      "start": 118.901,
      "end": 119.341,
      "score": 0.814,
      "speaker": "SPEAKER_00"
    },
    {
      "word": "body,",
      "start": 119.401,
      "end": 119.741,
      "score": 0.966,
      "speaker": "SPEAKER_00"
    },
    {
      "word": "FIFA,",
      "start": 119.821,
      "end": 120.241,
      "score": 0.881,
      "speaker": "SPEAKER_00"
    },
    {
      "word": "announced",
      "start": 120.261,
      "end": 120.561,
      "score": 0.322,
      "speaker": "SPEAKER_00"
    },
    {
      "word": "yesterday",
      "start": 120.581,
      "end": 121.001,
      "score": 0.958,
      "speaker": "SPEAKER_00"
    },
    {
      "word": "that",
      "start": 121.041,
      "end": 121.201,
      "score": 0.886,
      "speaker": "SPEAKER_00"
    },
    {
      "word": "it",
      "start": 121.221,
      "end": 121.281,
      "score": 0.74,
      "speaker": "SPEAKER_00"
    },
    {
      "word": "has",
      "start": 121.342,
      "end": 121.462,
      "score": 0.474,
      "speaker": "SPEAKER_00"
    },
    {
      "word": "added",
      "start": 121.602,
      "end": 121.842,
      "score": 0.893,
      "speaker": "SPEAKER_00"
    },
    {
      "word": "a",
      "start": 121.902,
      "end": 121.942,
      "score": 0.499,
      "speaker": "SPEAKER_00"
    },
    {
      "word": "new",
      "start": 122.002,
      "end": 122.162,
      "score": 0.924,
      "speaker": "SPEAKER_00"
    },
    {
      "word": "role",
      "start": 122.242,
      "end": 122.502,
      "score": 0.667,
      "speaker": "SPEAKER_00"
    },
    {
      "word": "prohibiting",
      "start": 122.582,
      "end": 123.042,
      "score": 0.889,
      "speaker": "SPEAKER_00"
    },
    {
      "word": "goalkeepers",
      "start": 123.082,
      "end": 123.642,
      "score": 0.886,
      "speaker": "SPEAKER_00"
    },
    {
      "word": "from",
      "start": 123.682,
      "end": 123.822,
      "score": 0.892,
      "speaker": "SPEAKER_00"
    },
    {
      "word": "throwing",
      "start": 123.882,
      "end": 124.222,
      "score": 0.764,
      "speaker": "SPEAKER_00"
    },
    {
      "word": "the",
      "start": 124.242,
      "end": 124.302,
      "score": 0.981,
      "speaker": "SPEAKER_00"
    },
    {
      "word": "ball",
      "start": 124.342,
      "end": 124.702,
      "score": 0.912,
      "speaker": "SPEAKER_00"
    },
    {
      "word": "into",
      "start": 124.822,
      "end": 124.962,
      "score": 0.881,
      "speaker": "SPEAKER_00"
    },
    {
      "word": "the",
      "start": 124.982,
      "end": 125.062,
      "score": 0.832,
      "speaker": "SPEAKER_00"
    },
    {
      "word": "other",
      "start": 125.122,
      "end": 125.283,
      "score": 0.808,
      "speaker": "SPEAKER_00"
    },
    {
      "word": "team's",
      "start": 125.303,
      "end": 125.603,
      "score": 0.836,
      "speaker": "SPEAKER_00"
    },
    {
      "word": "net.",
      "start": 125.663,
      "end": 125.903,
      "score": 0.915,
      "speaker": "SPEAKER_00"
    },
    {
      "word": "Eh,",
      "start": 126.403,
      "end": 126.543,
      "score": 0.671,
      "speaker": "SPEAKER_00"
    },
    {
      "word": "you",
      "start": 126.883,
      "end": 127.083,
      "score": 0.756,
      "speaker": "SPEAKER_00"
    },
    {
      "word": "get",
      "start": 127.123,
      "end": 127.223,
      "score": 0.851,
      "speaker": "SPEAKER_00"
    },
    {
      "word": "used",
      "start": 127.303,
      "end": 127.443,
      "score": 0.912,
      "speaker": "SPEAKER_00"
    },
    {
      "word": "to",
      "start": 127.483,
      "end": 127.583,
      "score": 0.86,
      "speaker": "SPEAKER_00"
    },
    {
      "word": "it,",
      "start": 127.663,
      "end": 127.723,
      "score": 0.747,
      "speaker": "SPEAKER_00"
    },
    {
      "word": "said",
      "start": 127.903,
      "end": 128.103,
      "score": 0.846,
      "speaker": "SPEAKER_00"
    },
    {
      "word": "the",
      "start": 128.123,
      "end": 128.183,
      "score": 0.977,
      "speaker": "SPEAKER_00"
    },
    {
      "word": "Knicks.",
      "start": 128.243,
      "end": 128.563,
      "score": 0.496,
      "speaker": "SPEAKER_00"
    }
  ],
  "language": "en"
}