{
  "segments": [
    {
      "start": 2.042,
      "end": 10.146,
      "text": " The White House ramped up its effort to revoke Jim Acosta's press pass after a federal judge in that lawsuit by CNN ordered his credentials temporarily restored.",
      "words": [
        {
          "word": "The",
          "start": 2.042,
          "end": 2.102,
          "score": 0.133,
          "speaker": "SPEAKER_01"
        },
        {
          "word": "White",
          "start": 2.142,
          "end": 2.262,
          "score": 0.501,
          "speaker": "SPEAKER_01"
        },
        {
          "word": "House",
          "start": 2.302,
          "end": 2.482,
          "score": 0.668,
          "speaker": "SPEAKER_01"
        },
        {
          "word": "ramped",
          "start": 2.582,
          "end": 2.902,
          "score": 0.924,
          "speaker": "SPEAKER_01"
        },
        {
          "word": "up",
          "start": 3.003,
          "end": 3.103,
          "score": 0.876,
          "speaker": "SPEAKER_01"
        },
        {
          "word": "its",
          "start": 3.143,
          "end": 3.263,
          "score": 0.853,
          "speaker": "SPEAKER_01"
        },
        {
          "word": "effort",
          "start": 3.323,
          "end": 3.563,
          "score": 0.897,
          "speaker": "SPEAKER_01"
        },
        {
          "word": "to",
          "start": 3.583,
          "end": 3.663,
          "score": 0.75,
          "speaker": "SPEAKER_01"
        },
        {
          "word": "revoke",
          "start": 3.723,
          "end": 4.023,
          "score": 0.872,
          "speaker": "SPEAKER_01"
        },
        {
          "word": "Jim",
          "start": 4.063,
          "end": 4.203,
          "score": 0.71,
          "speaker": "SPEAKER_01"
        },
        {
          "word": "Acosta's",
          "start": 4.243,
          "end": 4.683,
          "score": 0.706,
          "speaker": "SPEAKER_01"
        },
        {
          "word": "press",
          "start": 4.743,
          "end": 4.964,
          "score": 0.792,
          "speaker": "SPEAKER_01"
        },
        {
          "word": "pass",
          "start": 5.004,
          "end": 5.264,
          "score": 0.797,
          "speaker": "SPEAKER_01"
        },
        {
          "word": "after",
          "start": 5.364,
          "end": 5.564,
          "score": 0.9,
          "speaker": "SPEAKER_01"
        },
        {
          "word": "a",
          "start": 5.624,
          "end": 5.644,
          "score": 0.998,
          "speaker": "SPEAKER_01"
        },
        {
          "word": "federal",
          "start": 5.724,
          "end": 6.064,
          "score": 0.854,
          "speaker": "SPEAKER_01"
        },
        {
          "word": "judge",
          "start": 6.124,
          "end": 6.384,
          "score": 0.955,
          "speaker": "SPEAKER_01"
        },
        {
          "word": "in",
          "start": 6.444,
          "end": 6.524,
          "score": 0.83,
          "speaker": "SPEAKER_01"
        },
        {
          "word": "that",
          "start": 6.544,
          "end": 6.725,
          "score": 0.884,
          "speaker": "SPEAKER_01"
        },
        {
          "word": "lawsuit",
          "start": 6.825,
          "end": 7.245,
          "score": 0.863,
          "speaker": "SPEAKER_01"
        },
        {
          "word": "by",
          "start": 7.285,
          "end": 7.405,
          "score": 0.837,
          "speaker": "SPEAKER_01"
        },
        {
          "word": "CNN",
          "start": 7.445,
          "end": 7.885,
          "score": 0.755,
          "speaker": "SPEAKER_01"
        },
        {
          "word": "ordered",
          "start": 8.285,
          "end": 8.505,
          "score": 0.643,
          "speaker": "SPEAKER_01"
        },
        {
          "word": "his",
          "start": 8.545,
          "end": 8.666,
          "score": 0.834,
          "speaker": "SPEAKER_01"
        },
        {
          "word": "credentials",
          "start": 8.706,
          "end": 9.266,
          "score": 0.841,
          "speaker": "SPEAKER_01"
        },
        {
          "word": "temporarily",
          "start": 9.306,
          "end": 9.786,
          "score": 0.835,
          "speaker": "SPEAKER_01"
        },
        {
          "word": "restored.",
          "start": 9.846,
          "end": 10.146,
          "score": 0.886,
          "speaker": "SPEAKER_01"
        }
      ],
      "speaker": "SPEAKER_01"
    },
    {
      "start": 10.166,
      "end": 15.389,
      "text": "But then officials reversed themselves and agreed to permanently give the reporter back his hard pass.",
      "words": [
        {
          "word": "But",
          "start": 10.166,
          "end": 10.266,
          "score": 0.887,
          "speaker": "SPEAKER_01"
        },
        {
          "word": "then",
          "start": 10.306,
          "end": 10.587,
          "score": 0.92,
          "speaker": "SPEAKER_01"
        },
        {
          "word": "officials",
          "start": 10.967,
          "end": 11.327,
          "score": 0.882,
          "speaker": "SPEAKER_01"
        },
        {
          "word": "reversed",
          "start": 11.387,
          "end": 11.767,
          "score": 0.844,
          "speaker": "SPEAKER_01"
        },
        {
          "word": "themselves",
          "start": 11.807,
          "end": 12.207,
          "score": 0.907,
          "speaker": "SPEAKER_01"
        },
        {
          "word": "and",
          "start": 12.267,
          "end": 12.328,
          "score": 0.994,
          "speaker": "SPEAKER_01"
        },
        {
          "word": "agreed",
          "start": 12.368,
          "end": 12.608,
          "score": 0.866,
          "speaker": "SPEAKER_01"
        },
        {
          "word": "to",
          "start": 12.628,
          "end": 12.748,
          "score": 0.701,
          "speaker": "SPEAKER_01"
        },
        {
          "word": "permanently",
          "start": 13.108,
          "end": 13.648,
          "score": 0.946,
          "speaker": "SPEAKER_01"
        },
        {
          "word": "give",
          "start": 13.688,
          "end": 13.848,
          "score": 0.858,
          "speaker": "SPEAKER_01"
        },
        {
          "word": "the",
          "start": 13.868,
          "end": 13.968,
          "score": 0.67,
          "speaker": "SPEAKER_01"
        },
        {
          "word": "reporter",
          "start": 14.008,
          "end": 14.389,
          "score": 0.981,
          "speaker": "SPEAKER_01"
        },
        {
          "word": "back",
          "start": 14.429,
          "end": 14.609,
          "score": 0.918,
          "speaker": "SPEAKER_01"
        },
        {
          "word": "his",
          "start": 14.649,
          "end": 14.769,
          "score": 0.839,
          "speaker": "SPEAKER_01"
        },
        {
          "word": "hard",
          "start": 14.829,
          "end": 15.049,
          "score": 0.812,
          "speaker": "SPEAKER_01"
        },
        {
          "word": "pass.",
          "start": 15.089,
          "end": 15.389,
          "score": 0.912,
          "speaker": "SPEAKER_01"
        }
      ],
      "speaker": "SPEAKER_01"
    },
    {
      "start": 15.709,
      "end": 18.551,
      "text": "CNN dropped the lawsuit and basked in the outcome.",
      "words": [
        {
          "word": "CNN",
          "start": 15.709,
          "end": 16.11,
          "score": 0.59,
          "speaker": "SPEAKER_01"
        },
        {
          "word": "dropped",
          "start": 16.13,
          "end": 16.41,
          "score": 0.68,
          "speaker": "SPEAKER_01"
        },
        {
          "word": "the",
          "start": 16.43,
          "end": 16.49,
          "score": 0.985,
          "speaker": "SPEAKER_01"
        },
        {
          "word": "lawsuit",
          "start": 16.53,
          "end": 16.99,
          "score": 0.886,
          "speaker": "SPEAKER_01"
        },
        {
          "word": "and",
          "start": 17.15,
          "end": 17.25,
          "score": 0.741,
          "speaker": "SPEAKER_01"
        },
        {
          "word": "basked",
          "start": 17.35,
          "end": 17.79,
          "score": 0.6,
          "speaker": "SPEAKER_01"
        },
        {
          "word": "in",
          "start": 17.971,
          "end": 18.051,
          "score": 0.857,
          "speaker": "SPEAKER_01"
        },
        {
          "word": "the",
          "start": 18.091,
          "end": 18.171,
          "score": 0.854,
          "speaker": "SPEAKER_01"
        },
        {
          "word": "outcome.",
          "start": 18.271,
          "end": 18.551,
          "score": 0.976,
          "speaker": "SPEAKER_01"
        }
      ],
      "speaker": "SPEAKER_01"
    },
    {
      "start": 19.87,
      "end": 25.293,
      "text": " I must say, I think this has been a significant victory for CNN and for the country.",
      "words": [
        {
          "word": "I",
          "start": 19.87,
          "end": 19.93,
          "score": 0.839,
          "speaker": "SPEAKER_00"
        },
        {
          "word": "must",
          "start": 19.99,
          "end": 20.17,
          "score": 0.83,
          "speaker": "SPEAKER_00"
        },
        {
          "word": "say,",
          "start": 20.19,
          "end": 20.35,
          "score": 0.909,
          "speaker": "SPEAKER_00"
        },
        {
          "word": "I",
          "start": 20.39,
          "end": 20.43,
          "score": 0.7,
          "speaker": "SPEAKER_00"
        },
        {
          "word": "think",
          "start": 20.47,
          "end": 20.61,
          "score": 0.895,
          "speaker": "SPEAKER_00"
        },
        {
          "word": "this",
          "start": 20.65,
          "end": 20.811,
          "score": 0.919,
          "speaker": "SPEAKER_00"
        },
        {
          "word": "has",
          "start": 20.851,
          "end": 21.031,
          "score": 0.852,
          "speaker": "SPEAKER_00"
        },
        {
          "word": "been",
          "start": 21.071,
          "end": 21.251,
          "score": 0.837,
          "speaker": "SPEAKER_00"
        },
        {
          "word": "a",
          "start": 21.291,
          "end": 21.351,
          "score": 0.469,
          "speaker": "SPEAKER_00"
        },
        {
          "word": "significant",
          "start": 21.431,
          "end": 22.111,
          "score": 0.902,
          "speaker": "SPEAKER_00"
        },
        {
          "word": "victory",
          "start": 22.151,
          "end": 22.591,
          "score": 0.895,
          "speaker": "SPEAKER_00"
        },
        {
          "word": "for",
          "start": 22.671,
          "end": 22.872,
          "score": 0.854,
          "speaker": "SPEAKER_00"
        },
        {
          "word": "CNN",
          "start": 22.912,
          "end": 23.472,
          "score": 0.685,
          "speaker": "SPEAKER_00"
        },
        {
          "word": "and",
          "start": 24.392,
          "end": 24.492,
          "score": 0.971,
          "speaker": "SPEAKER_00"
        },
        {
          "word": "for",
          "start": 24.572,
          "end": 24.753,
          "score": 0.816,
          "speaker": "SPEAKER_00"
        },
        {
          "word": "the",
          "start": 24.813,
          "end": 24.893,
          "score": 0.96,
          "speaker": "SPEAKER_00"
        },
        {
          "word": "country.",
          "start": 24.933,
          "end": 25.293,
          "score": 0.744,
          "speaker": "SPEAKER_00"
        }
      ],
      "speaker": "SPEAKER_00"
    },
    {
      "start": 27.294,
      "end": 33.317,
      "text": "We've now reinforced through the courts and through the White House backing down, we've reinforced the sanctity of the First Amendment.",
      "words": [
        {
          "word": "We've",
          "start": 27.294,
          "end": 27.494,
          "score": 0.9,
          "speaker": "SPEAKER_00"
        },
        {
          "word": "now",
          "start": 27.534,
          "end": 27.694,
          "score": 0.837,
          "speaker": "SPEAKER_00"
        },
        {
          "word": "reinforced",
          "start": 27.754,
          "end": 28.274,
          "score": 0.842,
          "speaker": "SPEAKER_00"
        },
        {
          "word": "through",
          "start": 28.294,
          "end": 28.474,
          "score": 0.861,
          "speaker": "SPEAKER_00"
        },
        {
          "word": "the",
          "start": 28.494,
          "end": 28.554,
          "score": 0.993,
          "speaker": "SPEAKER_00"
        },
        {
          "word": "courts",
          "start": 28.594,
          "end": 28.855,
          "score": 0.844,
          "speaker": "SPEAKER_00"
        },
        {
          "word": "and",
          "start": 28.915,
          "end": 28.995,
          "score": 0.881,
          "speaker": "SPEAKER_00"
        },
        {
          "word": "through",
          "start": 29.015,
          "end": 29.255,
          "score": 0.787,
          "speaker": "SPEAKER_00"
        },
        {
          "word": "the",
          "start": 29.275,
          "end": 29.355,
          "score": 0.827,
          "speaker": "SPEAKER_00"
        },
        {
          "word": "White",
          "start": 29.375,
          "end": 29.535,
          "score": 0.91,
          "speaker": "SPEAKER_00"
        },
        {
          "word": "House",
          "start": 29.555,
          "end": 29.735,
          "score": 0.873,
          "speaker": "SPEAKER_00"
        },
        {
          "word": "backing",
          "start": 29.775,
          "end": 30.135,
          "score": 0.947,
          "speaker": "SPEAKER_00"
        },
        {
          "word": "down,",
          "start": 30.155,
          "end": 30.415,
          "score": 0.892,
          "speaker": "SPEAKER_00"
        },
        {
          "word": "we've",
          "start": 30.876,
          "end": 31.016,
          "score": 0.342,
          "speaker": "SPEAKER_00"
        },
        {
          "word": "reinforced",
          "start": 31.076,
          "end": 31.636,
          "score": 0.841,
          "speaker": "SPEAKER_00"
        },
        {
          "word": "the",
          "start": 31.696,
          "end": 31.836,
          "score": 0.83,
          "speaker": "SPEAKER_00"
        },
        {
          "word": "sanctity",
          "start": 31.876,
          "end": 32.416,
          "score": 0.877,
          "speaker": "SPEAKER_00"
        },
        {
          "word": "of",
          "start": 32.456,
          "end": 32.536,
          "score": 0.81,
          "speaker": "SPEAKER_00"
        },
        {
          "word": "the",
          "start": 32.576,
          "end": 32.636,
          "score": 0.987,
          "speaker": "SPEAKER_00"
        },
        {
          "word": "First",
          "start": 32.676,
          "end": 32.917,
          "score": 0.708,
          "speaker": "SPEAKER_00"
        },
        {
          "word": "Amendment.",
          "start": 32.977,
          "end": 33.317,
          "score": 0.939,
          "speaker": "SPEAKER_00"
        }
      ],
      "speaker": "SPEAKER_00"
    },
    {
      "start": 34.209,
      "end": 49.943,
      "text": " The White House, criticized by the judge for a lack of due process, issued rules that say every reporter who's called on gets one question with follow-ups at the president's discretion and must give up the mic afterwards, precisely what Acosta failed to do or refused to do in his press conference confrontation with Trump.",
      "words": [
        {
          "word": "The",
          "start": 34.209,
          "end": 34.269,
          "score": 0.999,
          "speaker": "SPEAKER_01"
        },
        {
          "word": "White",
          "start": 34.309,
          "end": 34.469,
          "score": 0.955,
          "speaker": "SPEAKER_01"
        },
        {
          "word": "House,",
          "start": 34.489,
          "end": 34.709,
          "score": 0.864,
          "speaker": "SPEAKER_01"
        },
        {
          "word": "criticized",
          "start": 34.79,
          "end": 35.29,
          "score": 0.806,
          "speaker": "SPEAKER_01"
        },
        {
          "word": "by",
          "start": 35.33,
          "end": 35.45,
          "score": 0.912,
          "speaker": "SPEAKER_01"
        },
        {
          "word": "the",
          "start": 35.51,
          "end": 35.57,
          "score": 0.999,
          "speaker": "SPEAKER_01"
        },
        {
          "word": "judge",
          "start": 35.61,
          "end": 35.81,
          "score": 0.827,
          "speaker": "SPEAKER_01"
        },
        {
          "word": "for",
          "start": 35.83,
          "end": 35.951,
          "score": 0.771,
          "speaker": "SPEAKER_01"
        },
        {
          "word": "a",
          "start": 35.971,
          "end": 35.991,
          "score": 0.955,
          "speaker": "SPEAKER_01"
        },
        {
          "word": "lack",
          "start": 36.031,
          "end": 36.211,
          "score": 0.85,
          "speaker": "SPEAKER_01"
        },
        {
          "word": "of",
          "start": 36.251,
          "end": 36.311,
          "score": 0.758,
          "speaker": "SPEAKER_01"
        },
        {
          "word": "due",
          "start": 36.331,
          "end": 36.511,
          "score": 0.752,
          "speaker": "SPEAKER_01"
        },
        {
          "word": "process,",
          "start": 36.571,
          "end": 37.071,
          "score": 0.856,
          "speaker": "SPEAKER_01"
        },
        {
          "word": "issued",
          "start": 37.132,
          "end": 37.392,
          "score": 0.885,
          "speaker": "SPEAKER_01"
        },
        {
          "word": "rules",
          "start": 37.452,
          "end": 37.692,
          "score": 0.892,
          "speaker": "SPEAKER_01"
        },
        {
          "word": "that",
          "start": 37.732,
          "end": 37.852,
          "score": 0.789,
          "speaker": "SPEAKER_01"
        },
        {
          "word": "say",
          "start": 37.872,
          "end": 38.032,
          "score": 0.784,
          "speaker": "SPEAKER_01"
        },
        {
          "word": "every",
          "start": 38.172,
          "end": 38.353,
          "score": 0.85,
          "speaker": "SPEAKER_01"
        },
        {
          "word": "reporter",
          "start": 38.393,
          "end": 38.793,
          "score": 0.881,
          "speaker": "SPEAKER_01"
        },
        {
          "word": "who's",
          "start": 38.813,
          "end": 38.973,
          "score": 0.795,
          "speaker": "SPEAKER_01"
        },
        {
          "word": "called",
          "start": 38.993,
          "end": 39.233,
          "score": 0.86,
          "speaker": "SPEAKER_01"
        },
        {
          "word": "on",
          "start": 39.293,
          "end": 39.393,
          "score": 0.824,
          "speaker": "SPEAKER_01"
        },
        {
          "word": "gets",
          "start": 39.434,
          "end": 39.614,
          "score": 0.83,
          "speaker": "SPEAKER_01"
        },
        {
          "word": "one",
          "start": 39.834,
          "end": 39.954,
          "score": 0.83,
          "speaker": "SPEAKER_01"
        },
        {
          "word": "question",
          "start": 40.014,
          "end": 40.434,
          "score": 0.806,
          "speaker": "SPEAKER_01"
        },
        {
          "word": "with",
          "start": 40.755,
          "end": 40.915,
          "score": 0.885,
          "speaker": "SPEAKER_01"
        },
        {
          "word": "follow-ups",
          "start": 40.975,
          "end": 41.435,
          "score": 0.946,
          "speaker": "SPEAKER_01"
        },
        {
          "word": "at",
          "start": 41.515,
          "end": 41.575,
          "score": 0.749,
          "speaker": "SPEAKER_01"
        },
        {
          "word": "the",
          "start": 41.595,
          "end": 41.655,
          "score": 0.992,
          "speaker": "SPEAKER_01"
        },
        {
          "word": "president's",
          "start": 41.695,
          "end": 42.076,
          "score": 0.823,
          "speaker": "SPEAKER_01"
        },
        {
          "word": "discretion",
          "start": 42.116,
          "end": 42.576,
          "score": 0.842,
          "speaker": "SPEAKER_01"
        },
        {
          "word": "and",
          "start": 42.937,
          "end": 43.037,
          "score": 0.767,
          "speaker": "SPEAKER_01"
        },
        {
          "word": "must",
          "start": 43.097,
          "end": 43.317,
          "score": 0.772,
          "speaker": "SPEAKER_01"
        },
        {
          "word": "give",
          "start": 43.377,
          "end": 43.537,
          "score": 0.997,
          "speaker": "SPEAKER_01"
        },
        {
          "word": "up",
          "start": 43.617,
          "end": 43.697,
          "score": 0.524,
          "speaker": "SPEAKER_01"
        },
        {
          "word": "the",
          "start": 43.737,
          "end": 43.817,
          "score": 0.996,
          "speaker": "SPEAKER_01"
        },
        {
          "word": "mic",
          "start": 43.857,
          "end": 44.098,
          "score": 0.696,
          "speaker": "SPEAKER_01"
        },
        {
          "word": "afterwards,",
          "start": 44.238,
          "end": 44.638,
          "score": 0.888,
          "speaker": "SPEAKER_01"
        },
        {
          "word": "precisely",
          "start": 44.698,
          "end": 45.279,
          "score": 0.823,
          "speaker": "SPEAKER_01"
        },
        {
          "word": "what",
          "start": 45.319,
          "end": 45.459,
          "score": 0.75,
          "speaker": "SPEAKER_01"
        },
        {
          "word": "Acosta",
          "start": 45.479,
          "end": 45.919,
          "score": 0.76,
          "speaker": "SPEAKER_01"
        },
        {
          "word": "failed",
          "start": 45.939,
          "end": 46.179,
          "score": 0.605,
          "speaker": "SPEAKER_01"
        },
        {
          "word": "to",
          "start": 46.199,
          "end": 46.279,
          "score": 0.748,
          "speaker": "SPEAKER_01"
        },
        {
          "word": "do",
          "start": 46.319,
          "end": 46.44,
          "score": 1.0,
          "speaker": "SPEAKER_01"
        },
        {
          "word": "or",
          "start": 46.52,
          "end": 46.6,
          "score": 0.716,
          "speaker": "SPEAKER_01"
        },
        {
          "word": "refused",
          "start": 46.64,
          "end": 47.0,
          "score": 0.743,
          "speaker": "SPEAKER_01"
        },
        {
          "word": "to",
          "start": 47.02,
          "end": 47.1,
          "score": 0.761,
          "speaker": "SPEAKER_01"
        },
        {
          "word": "do",
          "start": 47.14,
          "end": 47.32,
          "score": 0.856,
          "speaker": "SPEAKER_01"
        },
        {
          "word": "in",
          "start": 47.821,
          "end": 47.901,
          "score": 0.2,
          "speaker": "SPEAKER_01"
        },
        {
          "word": "his",
          "start": 47.941,
          "end": 48.061,
          "score": 0.675,
          "speaker": "SPEAKER_01"
        },
        {
          "word": "press",
          "start": 48.121,
          "end": 48.361,
          "score": 0.726,
          "speaker": "SPEAKER_01"
        },
        {
          "word": "conference",
          "start": 48.381,
          "end": 48.802,
          "score": 0.892,
          "speaker": "SPEAKER_01"
        },
        {
          "word": "confrontation",
          "start": 48.862,
          "end": 49.502,
          "score": 0.894,
          "speaker": "SPEAKER_01"
        },
        {
          "word": "with",
          "start": 49.522,
          "end": 49.662,
          "score": 0.392,
          "speaker": "SPEAKER_01"
        },
        {
          "word": "Trump.",
          "start": 49.702,
          "end": 49.943,
          "score": 0.706,
          "speaker": "SPEAKER_01"
        }
      ],
      "speaker": "SPEAKER_01"
    },
    {
      "start": 49.983,
      "end": 56.048,
      "text": "Now, this was largely a symbolic victory for the press because the judge said his narrow ruling wasn't on First Amendment grounds.",
      "words": [
        {
          "word": "Now,",
          "start": 49.983,
          "end": 50.083,
          "score": 0.996,
          "speaker": "SPEAKER_01"
        },
        {
          "word": "this",
          "start": 50.123,
          "end": 50.243,
          "score": 0.874,
          "speaker": "SPEAKER_01"
        },
        {
          "word": "was",
          "start": 50.263,
          "end": 50.383,
          "score": 0.958,
          "speaker": "SPEAKER_01"
        },
        {
          "word": "largely",
          "start": 50.443,
          "end": 50.783,
          "score": 0.935,
          "speaker": "SPEAKER_01"
        },
        {
          "word": "a",
          "start": 50.823,
          "end": 50.843,
          "score": 0.996,
          "speaker": "SPEAKER_01"
        },
        {
          "word": "symbolic",
          "start": 50.903,
          "end": 51.444,
          "score": 0.956,
          "speaker": "SPEAKER_01"
        },
        {
          "word": "victory",
          "start": 51.504,
          "end": 51.784,
          "score": 0.837,
          "speaker": "SPEAKER_01"
        },
        {
          "word": "for",
          "start": 51.804,
          "end": 51.904,
          "score": 0.833,
          "speaker": "SPEAKER_01"
        },
        {
          "word": "the",
          "start": 51.924,
          "end": 51.984,
          "score": 0.998,
          "speaker": "SPEAKER_01"
        },
        {
          "word": "press",
          "start": 52.024,
          "end": 52.265,
          "score": 0.83,
          "speaker": "SPEAKER_01"
        },
        {
          "word": "because",
          "start": 52.625,
          "end": 52.865,
          "score": 0.852,
          "speaker": "SPEAKER_01"
        },
        {
          "word": "the",
          "start": 52.905,
          "end": 52.985,
          "score": 0.841,
          "speaker": "SPEAKER_01"
        },
        {
          "word": "judge",
          "start": 53.005,
          "end": 53.225,
          "score": 0.799,
          "speaker": "SPEAKER_01"
        },
        {
          "word": "said",
          "start": 53.265,
          "end": 53.526,
          "score": 0.844,
          "speaker": "SPEAKER_01"
        },
        {
          "word": "his",
          "start": 53.646,
          "end": 53.786,
          "score": 0.673,
          "speaker": "SPEAKER_01"
        },
        {
          "word": "narrow",
          "start": 53.846,
          "end": 54.146,
          "score": 0.88,
          "speaker": "SPEAKER_01"
        },
        {
          "word": "ruling",
          "start": 54.186,
          "end": 54.466,
          "score": 0.887,
          "speaker": "SPEAKER_01"
        },
        {
          "word": "wasn't",
          "start": 54.506,
          "end": 54.847,
          "score": 0.947,
          "speaker": "SPEAKER_01"
        },
        {
          "word": "on",
          "start": 55.047,
          "end": 55.127,
          "score": 0.838,
          "speaker": "SPEAKER_01"
        },
        {
          "word": "First",
          "start": 55.187,
          "end": 55.407,
          "score": 0.931,
          "speaker": "SPEAKER_01"
        },
        {
          "word": "Amendment",
          "start": 55.467,
          "end": 55.768,
          "score": 0.419,
          "speaker": "SPEAKER_01"
        },
        {
          "word": "grounds.",
          "start": 55.788,
          "end": 56.048,
          "score": 0.961,
          "speaker": "SPEAKER_01"
        }
      ],
      "speaker": "SPEAKER_01"
    },
    {
      "start": 56.448,
      "end": 64.116,
      "text": " It doesn't erase the widely criticized grandstanding by Jim Acosta, but there's no denying that CNN's suit forced the administration to back down.",
      "words": [
        {
          "word": "It",
          "start": 56.448,
          "end": 56.508,
          "score": 0.978,
          "speaker": "SPEAKER_01"
        },
        {
          "word": "doesn't",
          "start": 56.548,
          "end": 56.829,
          "score": 0.757,
          "speaker": "SPEAKER_01"
        },
        {
          "word": "erase",
          "start": 56.889,
          "end": 57.269,
          "score": 0.747,
          "speaker": "SPEAKER_01"
        },
        {
          "word": "the",
          "start": 57.309,
          "end": 57.409,
          "score": 0.887,
          "speaker": "SPEAKER_01"
        },
        {
          "word": "widely",
          "start": 57.469,
          "end": 57.79,
          "score": 0.964,
          "speaker": "SPEAKER_01"
        },
        {
          "word": "criticized",
          "start": 57.85,
          "end": 58.35,
          "score": 0.836,
          "speaker": "SPEAKER_01"
        },
        {
          "word": "grandstanding",
          "start": 58.41,
          "end": 59.071,
          "score": 0.856,
          "speaker": "SPEAKER_01"
        },
        {
          "word": "by",
          "start": 59.091,
          "end": 59.191,
          "score": 0.975,
          "speaker": "SPEAKER_01"
        },
        {
          "word": "Jim",
          "start": 59.231,
          "end": 59.371,
          "score": 0.789,
          "speaker": "SPEAKER_01"
        },
        {
          "word": "Acosta,",
          "start": 59.411,
          "end": 59.812,
          "score": 0.825,
          "speaker": "SPEAKER_01"
        },
        {
          "word": "but",
          "start": 59.852,
          "end": 60.072,
          "score": 0.926,
          "speaker": "SPEAKER_01"
        },
        {
          "word": "there's",
          "start": 60.352,
          "end": 60.573,
          "score": 0.907,
          "speaker": "SPEAKER_01"
        },
        {
          "word": "no",
          "start": 60.633,
          "end": 60.813,
          "score": 0.694,
          "speaker": "SPEAKER_01"
        },
        {
          "word": "denying",
          "start": 60.853,
          "end": 61.253,
          "score": 0.876,
          "speaker": "SPEAKER_01"
        },
        {
          "word": "that",
          "start": 61.293,
          "end": 61.393,
          "score": 0.992,
          "speaker": "SPEAKER_01"
        },
        {
          "word": "CNN's",
          "start": 61.433,
          "end": 61.834,
          "score": 0.564,
          "speaker": "SPEAKER_01"
        },
        {
          "word": "suit",
          "start": 61.874,
          "end": 62.094,
          "score": 0.859,
          "speaker": "SPEAKER_01"
        },
        {
          "word": "forced",
          "start": 62.394,
          "end": 62.695,
          "score": 0.874,
          "speaker": "SPEAKER_01"
        },
        {
          "word": "the",
          "start": 62.735,
          "end": 62.835,
          "score": 0.787,
          "speaker": "SPEAKER_01"
        },
        {
          "word": "administration",
          "start": 62.875,
          "end": 63.456,
          "score": 0.79,
          "speaker": "SPEAKER_01"
        },
        {
          "word": "to",
          "start": 63.496,
          "end": 63.576,
          "score": 0.588,
          "speaker": "SPEAKER_01"
        },
        {
          "word": "back",
          "start": 63.616,
          "end": 63.816,
          "score": 0.898,
          "speaker": "SPEAKER_01"
        },
        {
          "word": "down.",
          "start": 63.856,
          "end": 64.116,
          "score": 0.843,
          "speaker": "SPEAKER_01"
        }
      ],
      "speaker": "SPEAKER_01"
    },
    {
      "start": 64.517,
      "end": 69.722,
      "text": "The White House view is that it sent a strong message that disruptions at news conferences won't be tolerated.",
      "words": [
        {
          "word": "The",
          "start": 64.517,
          "end": 64.617,
          "score": 0.915,
          "speaker": "SPEAKER_01"
        },
        {
          "word": "White",
          "start": 64.717,
          "end": 64.917,
          "score": 0.877,
          "speaker": "SPEAKER_01"
        },
        {
          "word": "House",
          "start": 64.957,
          "end": 65.177,
          "score": 0.827,
          "speaker": "SPEAKER_01"
        },
        {
          "word": "view",
          "start": 65.217,
          "end": 65.418,
          "score": 0.955,
          "speaker": "SPEAKER_01"
        },
        {
          "word": "is",
          "start": 65.438,
          "end": 65.498,
          "score": 0.284,
          "speaker": "SPEAKER_01"
        },
        {
          "word": "that",
          "start": 65.518,
          "end": 65.618,
          "score": 0.882,
          "speaker": "SPEAKER_01"
        },
        {
          "word": "it",
          "start": 65.658,
          "end": 65.718,
          "score": 0.321,
          "speaker": "SPEAKER_01"
        },
        {
          "word": "sent",
          "start": 65.738,
          "end": 65.878,
          "score": 0.736,
          "speaker": "SPEAKER_01"
        },
        {
          "word": "a",
          "start": 65.918,
          "end": 65.958,
          "score": 0.666,
          "speaker": "SPEAKER_01"
        },
        {
          "word": "strong",
          "start": 65.998,
          "end": 66.299,
          "score": 0.797,
          "speaker": "SPEAKER_01"
        },
        {
          "word": "message",
          "start": 66.359,
          "end": 66.759,
          "score": 0.867,
          "speaker": "SPEAKER_01"
        },
        {
          "word": "that",
          "start": 67.039,
          "end": 67.179,
          "score": 0.858,
          "speaker": "SPEAKER_01"
        },
        {
          "word": "disruptions",
          "start": 67.219,
          "end": 67.82,
          "score": 0.821,
          "speaker": "SPEAKER_01"
        },
        {
          "word": "at",
          "start": 67.96,
          "end": 68.04,
          "score": 0.822,
          "speaker": "SPEAKER_01"
        },
        {
          "word": "news",
          "start": 68.08,
          "end": 68.261,
          "score": 0.774,
          "speaker": "SPEAKER_01"
        },
        {
          "word": "conferences",
          "start": 68.301,
          "end": 68.781,
          "score": 0.866,
          "speaker": "SPEAKER_01"
        },
        {
          "word": "won't",
          "start": 68.821,
          "end": 69.041,
          "score": 0.661,
          "speaker": "SPEAKER_01"
        },
        {
          "word": "be",
          "start": 69.081,
          "end": 69.162,
          "score": 0.929,
          "speaker": "SPEAKER_01"
        },
        {
          "word": "tolerated.",
          "start": 69.202,
          "end": 69.722,
          "score": 0.872,
          "speaker": "SPEAKER_01"
        }
      ],
      "speaker": "SPEAKER_01"
    },
    {
      "start": 70.203,
      "end": 76.97,
      "text": "And it would be encouraging, in my view, if both the president and the press were a bit more civil at these televised spectacles.",
      "words": [
        {
          "word": "And",
          "start": 70.203,
          "end": 70.283,
          "score": 0.951,
          "speaker": "SPEAKER_01"
        },
        {
          "word": "it",
          "start": 70.323,
          "end": 70.363,
          "score": 0.996,
          "speaker": "SPEAKER_01"
        },
        {
          "word": "would",
          "start": 70.403,
          "end": 70.543,
          "score": 0.865,
          "speaker": "SPEAKER_01"
        },
        {
          "word": "be",
          "start": 70.563,
          "end": 70.643,
          "score": 0.519,
          "speaker": "SPEAKER_01"
        },
        {
          "word": "encouraging,",
          "start": 70.683,
          "end": 71.184,
          "score": 0.865,
          "speaker": "SPEAKER_01"
        },
        {
          "word": "in",
          "start": 71.264,
          "end": 71.344,
          "score": 0.831,
          "speaker": "SPEAKER_01"
        },
        {
          "word": "my",
          "start": 71.404,
          "end": 71.604,
          "score": 0.774,
          "speaker": "SPEAKER_01"
        },
        {
          "word": "view,",
          "start": 71.664,
          "end": 71.844,
          "score": 0.785,
          "speaker": "SPEAKER_01"
        },
        {
          "word": "if",
          "start": 72.345,
          "end": 72.405,
          "score": 1.0,
          "speaker": "SPEAKER_01"
        },
        {
          "word": "both",
          "start": 72.485,
          "end": 72.665,
          "score": 0.794,
          "speaker": "SPEAKER_01"
        },
        {
          "word": "the",
          "start": 72.705,
          "end": 72.765,
          "score": 0.984,
          "speaker": "SPEAKER_01"
        },
        {
          "word": "president",
          "start": 72.805,
          "end": 73.206,
          "score": 0.911,
          "speaker": "SPEAKER_01"
        },
        {
          "word": "and",
          "start": 73.366,
          "end": 73.486,
          "score": 0.613,
          "speaker": "SPEAKER_01"
        },
        {
          "word": "the",
          "start": 73.526,
          "end": 73.586,
          "score": 0.976,
          "speaker": "SPEAKER_01"
        },
        {
          "word": "press",
          "start": 73.646,
          "end": 73.927,
          "score": 0.865,
          "speaker": "SPEAKER_01"
        },
        {
          "word": "were",
          "start": 74.047,
          "end": 74.247,
          "score": 0.799,
          "speaker": "SPEAKER_01"
        },
        {
          "word": "a",
          "start": 74.267,
          "end": 74.287,
          "score": 0.0,
          "speaker": "SPEAKER_01"
        },
        {
          "word": "bit",
          "start": 74.567,
          "end": 74.667,
          "score": 0.835,
          "speaker": "SPEAKER_01"
        },
        {
          "word": "more",
          "start": 74.707,
          "end": 74.868,
          "score": 0.783,
          "speaker": "SPEAKER_01"
        },
        {
          "word": "civil",
          "start": 74.908,
          "end": 75.208,
          "score": 0.841,
          "speaker": "SPEAKER_01"
        },
        {
          "word": "at",
          "start": 75.308,
          "end": 75.388,
          "score": 0.675,
          "speaker": "SPEAKER_01"
        },
        {
          "word": "these",
          "start": 75.428,
          "end": 75.628,
          "score": 0.72,
          "speaker": "SPEAKER_01"
        },
        {
          "word": "televised",
          "start": 75.708,
          "end": 76.229,
          "score": 0.861,
          "speaker": "SPEAKER_01"
        },
        {
          "word": "spectacles.",
          "start": 76.429,
          "end": 76.97,
          "score": 0.85,
          "speaker": "SPEAKER_01"
        }
      ],
      "speaker": "SPEAKER_01"
    }
  ],
  "word_segments": [
    {
      "word": "The",
      "start": 2.042,
      "end": 2.102,
      "score": 0.133,
      "speaker": "SPEAKER_01"
    },
    {
      "word": "White",
      "start": 2.142,
      "end": 2.262,
      "score": 0.501,
      "speaker": "SPEAKER_01"
    },
    {
      "word": "House",
      "start": 2.302,
      "end": 2.482,
      "score": 0.668,
      "speaker": "SPEAKER_01"
    },
    {
      "word": "ramped",
      "start": 2.582,
      "end": 2.902,
      "score": 0.924,
      "speaker": "SPEAKER_01"
    },
    {
      "word": "up",
      "start": 3.003,
      "end": 3.103,
      "score": 0.876,
      "speaker": "SPEAKER_01"
    },
    {
      "word": "its",
      "start": 3.143,
      "end": 3.263,
      "score": 0.853,
      "speaker": "SPEAKER_01"
    },
    {
      "word": "effort",
      "start": 3.323,
      "end": 3.563,
      "score": 0.897,
      "speaker": "SPEAKER_01"
    },
    {
      "word": "to",
      "start": 3.583,
      "end": 3.663,
      "score": 0.75,
      "speaker": "SPEAKER_01"
    },
    {
      "word": "revoke",
      "start": 3.723,
      "end": 4.023,
      "score": 0.872,
      "speaker": "SPEAKER_01"
    },
    {
      "word": "Jim",
      "start": 4.063,
      "end": 4.203,
      "score": 0.71,
      "speaker": "SPEAKER_01"
    },
    {
      "word": "Acosta's",
      "start": 4.243,
      "end": 4.683,
      "score": 0.706,
      "speaker": "SPEAKER_01"
    },
    {
      "word": "press",
      "start": 4.743,
      "end": 4.964,
      "score": 0.792,
      "speaker": "SPEAKER_01"
    },
    {
      "word": "pass",
      "start": 5.004,
      "end": 5.264,
      "score": 0.797,
      "speaker": "SPEAKER_01"
    },
    {
      "word": "after",
      "start": 5.364,
      "end": 5.564,
      "score": 0.9,
      "speaker": "SPEAKER_01"
    },
    {
      "word": "a",
      "start": 5.624,
      "end": 5.644,
      "score": 0.998,
      "speaker": "SPEAKER_01"
    },
    {
      "word": "federal",
      "start": 5.724,
      "end": 6.064,
      "score": 0.854,
      "speaker": "SPEAKER_01"
    },
    {
      "word": "judge",
      "start": 6.124,
      "end": 6.384,
      "score": 0.955,
      "speaker": "SPEAKER_01"
    },
    {
      "word": "in",
      "start": 6.444,
      "end": 6.524,
      "score": 0.83,
      "speaker": "SPEAKER_01"
    },
    {
      "word": "that",
      "start": 6.544,
      "end": 6.725,
      "score": 0.884,
      "speaker": "SPEAKER_01"
    },
    {
      "word": "lawsuit",
      "start": 6.825,
      "end": 7.245,
      "score": 0.863,
      "speaker": "SPEAKER_01"
    },
    {
      "word": "by",
      "start": 7.285,
      "end": 7.405,
      "score": 0.837,
      "speaker": "SPEAKER_01"
    },
    {
      "word": "CNN",
      "start": 7.445,
      "end": 7.885,
      "score": 0.755,
      "speaker": "SPEAKER_01"
    },
    {
      "word": "ordered",
      "start": 8.285,
      "end": 8.505,
      "score": 0.643,
      "speaker": "SPEAKER_01"
    },
    {
      "word": "his",
      "start": 8.545,
      "end": 8.666,
      "score": 0.834,
      "speaker": "SPEAKER_01"
    },
    {
      "word": "credentials",
      "start": 8.706,
      "end": 9.266,
      "score": 0.841,
      "speaker": "SPEAKER_01"
    },
    {
      "word": "temporarily",
      "start": 9.306,
      "end": 9.786,
      "score": 0.835,
      "speaker": "SPEAKER_01"
    },
    {
      "word": "restored.",
      "start": 9.846,
      "end": 10.146,
      "score": 0.886,
      "speaker": "SPEAKER_01"
    },
    {
      "word": "But",
      "start": 10.166,
      "end": 10.266,
      "score": 0.887,
      "speaker": "SPEAKER_01"
    },
    {
      "word": "then",
      "start": 10.306,
      "end": 10.587,
      "score": 0.92,
      "speaker": "SPEAKER_01"
    },
    {
      "word": "officials",
      "start": 10.967,
      "end": 11.327,
      "score": 0.882,
      "speaker": "SPEAKER_01"
    },
    {
      "word": "reversed",
      "start": 11.387,
      "end": 11.767,
      "score": 0.844,
      "speaker": "SPEAKER_01"
    },
    {
      "word": "themselves",
      "start": 11.807,
      "end": 12.207,
      "score": 0.907,
      "speaker": "SPEAKER_01"
    },
    {
      "word": "and",
      "start": 12.267,
      "end": 12.328,
      "score": 0.994,
      "speaker": "SPEAKER_01"
    },
    {
      "word": "agreed",
      "start": 12.368,
      "end": 12.608,
      "score": 0.866,
      "speaker": "SPEAKER_01"
    },
    {
      "word": "to",
      "start": 12.628,
      "end": 12.748,
      "score": 0.701,
      "speaker": "SPEAKER_01"
    },
    {
      "word": "permanently",
      "start": 13.108,
      "end": 13.648,
      "score": 0.946,
      "speaker": "SPEAKER_01"
    },
    {
      "word": "give",
      "start": 13.688,
      "end": 13.848,
      "score": 0.858,
      "speaker": "SPEAKER_01"
    },
    {
      "word": "the",
      "start": 13.868,
      "end": 13.968,
      "score": 0.67,
      "speaker": "SPEAKER_01"
    },
    {
      "word": "reporter",
      "start": 14.008,
      "end": 14.389,
      "score": 0.981,
      "speaker": "SPEAKER_01"
    },
    {
      "word": "back",
      "start": 14.429,
      "end": 14.609,
      "score": 0.918,
      "speaker": "SPEAKER_01"
    },
    {
      "word": "his",
      "start": 14.649,
      "end": 14.769,
      "score": 0.839,
      "speaker": "SPEAKER_01"
    },
    {
      "word": "hard",
      "start": 14.829,
      "end": 15.049,
      "score": 0.812,
      "speaker": "SPEAKER_01"
    },
    {
      "word": "pass.",
      "start": 15.089,
      "end": 15.389,
      "score": 0.912,
      "speaker": "SPEAKER_01"
    },
    {
      "word": "CNN",
      "start": 15.709,
      "end": 16.11,
      "score": 0.59,
      "speaker": "SPEAKER_01"
    },
    {
      "word": "dropped",
      "start": 16.13,
      "end": 16.41,
      "score": 0.68,
      "speaker": "SPEAKER_01"
    },
    {
      "word": "the",
      "start": 16.43,
      "end": 16.49,
      "score": 0.985,
      "speaker": "SPEAKER_01"
    },
    {
      "word": "lawsuit",
      "start": 16.53,
      "end": 16.99,
      "score": 0.886,
      "speaker": "SPEAKER_01"
    },
    {
      "word": "and",
      "start": 17.15,
      "end": 17.25,
      "score": 0.741,
      "speaker": "SPEAKER_01"
    },
    {
      "word": "basked",
      "start": 17.35,
      "end": 17.79,
      "score": 0.6,
      "speaker": "SPEAKER_01"
    },
    {
      "word": "in",
      "start": 17.971,
      "end": 18.051,
      "score": 0.857,
      "speaker": "SPEAKER_01"
    },
    {
      "word": "the",
      "start": 18.091,
      "end": 18.171,
      "score": 0.854,
      "speaker": "SPEAKER_01"
    },
    {
      "word": "outcome.",
      "start": 18.271,
      "end": 18.551,
      "score": 0.976,
      "speaker": "SPEAKER_01"
    },
    {
      "word": "I",
      "start": 19.87,
      "end": 19.93,
      "score": 0.839,
      "speaker": "SPEAKER_00"
    },
    {
      "word": "must",
      "start": 19.99,
      "end": 20.17,
      "score": 0.83,
      "speaker": "SPEAKER_00"
    },
    {
      "word": "say,",
      "start": 20.19,
      "end": 20.35,
      "score": 0.909,
      "speaker": "SPEAKER_00"
    },
    {
      "word": "I",
      "start": 20.39,
      "end": 20.43,
      "score": 0.7,
      "speaker": "SPEAKER_00"
    },
    {
      "word": "think",
      "start": 20.47,
      "end": 20.61,
      "score": 0.895,
      "speaker": "SPEAKER_00"
    },
    {
      "word": "this",
      "start": 20.65,
      "end": 20.811,
      "score": 0.919,
      "speaker": "SPEAKER_00"
    },
    {
      "word": "has",
      "start": 20.851,
      "end": 21.031,
      "score": 0.852,
      "speaker": "SPEAKER_00"
    },
    {
      "word": "been",
      "start": 21.071,
      "end": 21.251,
      "score": 0.837,
      "speaker": "SPEAKER_00"
    },
    {
      "word": "a",
      "start": 21.291,
      "end": 21.351,
      "score": 0.469,
      "speaker": "SPEAKER_00"
    },
    {
      "word": "significant",
      "start": 21.431,
      "end": 22.111,
      "score": 0.902,
      "speaker": "SPEAKER_00"
    },
    {
      "word": "victory",
      "start": 22.151,
      "end": 22.591,
      "score": 0.895,
      "speaker": "SPEAKER_00"
    },
    {
      "word": "for",
      "start": 22.671,
      "end": 22.872,
      "score": 0.854,
      "speaker": "SPEAKER_00"
    },
    {
      "word": "CNN",
      "start": 22.912,
      "end": 23.472,
      "score": 0.685,
      "speaker": "SPEAKER_00"
    },
    {
      "word": "and",
      "start": 24.392,
      "end": 24.492,
      "score": 0.971,
      "speaker": "SPEAKER_00"
    },
    {
      "word": "for",
      "start": 24.572,
      "end": 24.753,
      "score": 0.816,
      "speaker": "SPEAKER_00"
    },
    {
      "word": "the",
      "start": 24.813,
      "end": 24.893,
      "score": 0.96,
      "speaker": "SPEAKER_00"
    },
    {
      "word": "country.",
      "start": 24.933,
      "end": 25.293,
      "score": 0.744,
      "speaker": "SPEAKER_00"
    },
    {
      "word": "We've",
      "start": 27.294,
      "end": 27.494,
      "score": 0.9,
      "speaker": "SPEAKER_00"
    },
    {
      "word": "now",
      "start": 27.534,
      "end": 27.694,
      "score": 0.837,
      "speaker": "SPEAKER_00"
    },
    {
      "word": "reinforced",
      "start": 27.754,
      "end": 28.274,
      "score": 0.842,
      "speaker": "SPEAKER_00"
    },
    {
      "word": "through",
      "start": 28.294,
      "end": 28.474,
      "score": 0.861,
      "speaker": "SPEAKER_00"
    },
    {
      "word": "the",
      "start": 28.494,
      "end": 28.554,
      "score": 0.993,
      "speaker": "SPEAKER_00"
    },
    {
      "word": "courts",
      "start": 28.594,
      "end": 28.855,
      "score": 0.844,
      "speaker": "SPEAKER_00"
    },
    {
      "word": "and",
      "start": 28.915,
      "end": 28.995,
      "score": 0.881,
      "speaker": "SPEAKER_00"
    },
    {
      "word": "through",
      "start": 29.015,
      "end": 29.255,
      "score": 0.787,
      "speaker": "SPEAKER_00"
    },
    {
      "word": "the",
      "start": 29.275,
      "end": 29.355,
      "score": 0.827,
      "speaker": "SPEAKER_00"
    },
    {
      "word": "White",
      "start": 29.375,
      "end": 29.535,
      "score": 0.91,
      "speaker": "SPEAKER_00"
    },
    {
      "word": "House",
      "start": 29.555,
      "end": 29.735,
      "score": 0.873,
      "speaker": "SPEAKER_00"
    },
    {
      "word": "backing",
      "start": 29.775,
      "end": 30.135,
      "score": 0.947,
      "speaker": "SPEAKER_00"
    },
    {
      "word": "down,",
      "start": 30.155,
      "end": 30.415,
      "score": 0.892,
      "speaker": "SPEAKER_00"
    },
    {
      "word": "we've",
      "start": 30.876,
      "end": 31.016,
      "score": 0.342,
      "speaker": "SPEAKER_00"
    },
    {
      "word": "reinforced",
      "start": 31.076,
      "end": 31.636,
      "score": 0.841,
      "speaker": "SPEAKER_00"
    },
    {
      "word": "the",
      "start": 31.696,
      "end": 31.836,
      "score": 0.83,
      "speaker": "SPEAKER_00"
    },
    {
      "word": "sanctity",
      "start": 31.876,
      "end": 32.416,
      "score": 0.877,
      "speaker": "SPEAKER_00"
    },
    {
      "word": "of",
      "start": 32.456,
      "end": 32.536,
      "score": 0.81,
      "speaker": "SPEAKER_00"
    },
    {
      "word": "the",
      "start": 32.576,
      "end": 32.636,
      "score": 0.987,
      "speaker": "SPEAKER_00"
    },
    {
      "word": "First",
      "start": 32.676,
      "end": 32.917,
      "score": 0.708,
      "speaker": "SPEAKER_00"
    },
    {
      "word": "Amendment.",
      "start": 32.977,
      "end": 33.317,
      "score": 0.939,
      "speaker": "SPEAKER_00"
    },
    {
      "word": "The",
      "start": 34.209,
      "end": 34.269,
      "score": 0.999,
      "speaker": "SPEAKER_01"
    },
    {
      "word": "White",
      "start": 34.309,
      "end": 34.469,
      "score": 0.955,
      "speaker": "SPEAKER_01"
    },
    {
      "word": "House,",
      "start": 34.489,
      "end": 34.709,
      "score": 0.864,
      "speaker": "SPEAKER_01"
    },
    {
      "word": "criticized",
      "start": 34.79,
      "end": 35.29,
      "score": 0.806,
      "speaker": "SPEAKER_01"
    },
    {
      "word": "by",
      "start": 35.33,
      "end": 35.45,
      "score": 0.912,
      "speaker": "SPEAKER_01"
    },
    {
      "word": "the",
      "start": 35.51,
      "end": 35.57,
      "score": 0.999,
      "speaker": "SPEAKER_01"
    },
    {
      "word": "judge",
      "start": 35.61,
      "end": 35.81,
      "score": 0.827,
      "speaker": "SPEAKER_01"
    },
    {
      "word": "for",
      "start": 35.83,
      "end": 35.951,
      "score": 0.771,
      "speaker": "SPEAKER_01"
    },
    {
      "word": "a",
      "start": 35.971,
      "end": 35.991,
      "score": 0.955,
      "speaker": "SPEAKER_01"
    },
    {
      "word": "lack",
      "start": 36.031,
      "end": 36.211,
      "score": 0.85,
      "speaker": "SPEAKER_01"
    },
    {
      "word": "of",
      "start": 36.251,
      "end": 36.311,
      "score": 0.758,
      "speaker": "SPEAKER_01"
    },
    {
      "word": "due",
      "start": 36.331,
      "end": 36.511,
      "score": 0.752,
      "speaker": "SPEAKER_01"
    },
    {
      "word": "process,",
      "start": 36.571,
      "end": 37.071,
      "score": 0.856,
      "speaker": "SPEAKER_01"
    },
    {
      "word": "issued",
      "start": 37.132,
      "end": 37.392,
      "score": 0.885,
      "speaker": "SPEAKER_01"
    },
    {
      "word": "rules",
      "start": 37.452,
      "end": 37.692,
      "score": 0.892,
      "speaker": "SPEAKER_01"
    },
    {
      "word": "that",
      "start": 37.732,
      "end": 37.852,
      "score": 0.789,
      "speaker": "SPEAKER_01"
    },
    {
      "word": "say",
      "start": 37.872,
      "end": 38.032,
      "score": 0.784,
      "speaker": "SPEAKER_01"
    },
    {
      "word": "every",
      "start": 38.172,
      "end": 38.353,
      "score": 0.85,
      "speaker": "SPEAKER_01"
    },
    {
      "word": "reporter",
      "start": 38.393,
      "end": 38.793,
      "score": 0.881,
      "speaker": "SPEAKER_01"
    },
    {
      "word": "who's",
      "start": 38.813,
      "end": 38.973,
      "score": 0.795,
      "speaker": "SPEAKER_01"
    },
    {
      "word": "called",
      "start": 38.993,
      "end": 39.233,
      "score": 0.86,
      "speaker": "SPEAKER_01"
    },
    {
      "word": "on",
      "start": 39.293,
      "end": 39.393,
      "score": 0.824,
      "speaker": "SPEAKER_01"
    },
    {
      "word": "gets",
      "start": 39.434,
      "end": 39.614,
      "score": 0.83,
      "speaker": "SPEAKER_01"
    },
    {
      "word": "one",
      "start": 39.834,
      "end": 39.954,
      "score": 0.83,
      "speaker": "SPEAKER_01"
    },
    {
      "word": "question",
      "start": 40.014,
      "end": 40.434,
      "score": 0.806,
      "speaker": "SPEAKER_01"
    },
    {
      "word": "with",
      "start": 40.755,
      "end": 40.915,
      "score": 0.885,
      "speaker": "SPEAKER_01"
    },
    {
      "word": "follow-ups",
      "start": 40.975,
      "end": 41.435,
      "score": 0.946,
      "speaker": "SPEAKER_01"
    },
    {
      "word": "at",
      "start": 41.515,
      "end": 41.575,
      "score": 0.749,
      "speaker": "SPEAKER_01"
    },
    {
      "word": "the",
      "start": 41.595,
      "end": 41.655,
      "score": 0.992,
      "speaker": "SPEAKER_01"
    },
    {
      "word": "president's",
      "start": 41.695,
      "end": 42.076,
      "score": 0.823,
      "speaker": "SPEAKER_01"
    },
    {
      "word": "discretion",
      "start": 42.116,
      "end": 42.576,
      "score": 0.842,
      "speaker": "SPEAKER_01"
    },
    {
      "word": "and",
      "start": 42.937,
      "end": 43.037,
      "score": 0.767,
      "speaker": "SPEAKER_01"
    },
    {
      "word": "must",
      "start": 43.097,
      "end": 43.317,
      "score": 0.772,
      "speaker": "SPEAKER_01"
    },
    {
      "word": "give",
      "start": 43.377,
      "end": 43.537,
      "score": 0.997,
      "speaker": "SPEAKER_01"
    },
    {
      "word": "up",
      "start": 43.617,
      "end": 43.697,
      "score": 0.524,
      "speaker": "SPEAKER_01"
    },
    {
      "word": "the",
      "start": 43.737,
      "end": 43.817,
      "score": 0.996,
      "speaker": "SPEAKER_01"
    },
    {
      "word": "mic",
      "start": 43.857,
      "end": 44.098,
      "score": 0.696,
      "speaker": "SPEAKER_01"
    },
    {
      "word": "afterwards,",
      "start": 44.238,
      "end": 44.638,
      "score": 0.888,
      "speaker": "SPEAKER_01"
    },
    {
      "word": "precisely",
      "start": 44.698,
      "end": 45.279,
      "score": 0.823,
      "speaker": "SPEAKER_01"
    },
    {
      "word": "what",
      "start": 45.319,
      "end": 45.459,
      "score": 0.75,
      "speaker": "SPEAKER_01"
    },
    {
      "word": "Acosta",
      "start": 45.479,
      "end": 45.919,
      "score": 0.76,
      "speaker": "SPEAKER_01"
    },
    {
      "word": "failed",
      "start": 45.939,
      "end": 46.179,
      "score": 0.605,
      "speaker": "SPEAKER_01"
    },
    {
      "word": "to",
      "start": 46.199,
      "end": 46.279,
      "score": 0.748,
      "speaker": "SPEAKER_01"
    },
    {
      "word": "do",
      "start": 46.319,
      "end": 46.44,
      "score": 1.0,
      "speaker": "SPEAKER_01"
    },
    {
      "word": "or",
      "start": 46.52,
      "end": 46.6,
      "score": 0.716,
      "speaker": "SPEAKER_01"
    },
    {
      "word": "refused",
      "start": 46.64,
      "end": 47.0,
      "score": 0.743,
      "speaker": "SPEAKER_01"
    },
    {
      "word": "to",
      "start": 47.02,
      "end": 47.1,
      "score": 0.761,
      "speaker": "SPEAKER_01"
    },
    {
      "word": "do",
      "start": 47.14,
      "end": 47.32,
      "score": 0.856,
      "speaker": "SPEAKER_01"
    },
    {
      "word": "in",
      "start": 47.821,
      "end": 47.901,
      "score": 0.2,
      "speaker": "SPEAKER_01"
    },
    {
      "word": "his",
      "start": 47.941,
      "end": 48.061,
      "score": 0.675,
      "speaker": "SPEAKER_01"
    },
    {
      "word": "press",
      "start": 48.121,
      "end": 48.361,
      "score": 0.726,
      "speaker": "SPEAKER_01"
    },
    {
      "word": "conference",
      "start": 48.381,
      "end": 48.802,
      "score": 0.892,
      "speaker": "SPEAKER_01"
    },
    {
      "word": "confrontation",
      "start": 48.862,
      "end": 49.502,
      "score": 0.894,
      "speaker": "SPEAKER_01"
    },
    {
      "word": "with",
      "start": 49.522,
      "end": 49.662,
      "score": 0.392,
      "speaker": "SPEAKER_01"
    },
    {
      "word": "Trump.",
      "start": 49.702,
      "end": 49.943,
      "score": 0.706,
      "speaker": "SPEAKER_01"
    },
    {
      "word": "Now,",
      "start": 49.983,
      "end": 50.083,
      "score": 0.996,
      "speaker": "SPEAKER_01"
    },
    {
      "word": "this",
      "start": 50.123,
      "end": 50.243,
      "score": 0.874,
      "speaker": "SPEAKER_01"
    },
    {
      "word": "was",
      "start": 50.263,
      "end": 50.383,
      "score": 0.958,
      "speaker": "SPEAKER_01"
    },
    {
      "word": "largely",
      "start": 50.443,
      "end": 50.783,
      "score": 0.935,
      "speaker": "SPEAKER_01"
    },
    {
      "word": "a",
      "start": 50.823,
      "end": 50.843,
      "score": 0.996,
      "speaker": "SPEAKER_01"
    },
    {
      "word": "symbolic",
      "start": 50.903,
      "end": 51.444,
      "score": 0.956,
      "speaker": "SPEAKER_01"
    },
    {
      "word": "victory",
      "start": 51.504,
      "end": 51.784,
      "score": 0.837,
      "speaker": "SPEAKER_01"
    },
    {
      "word": "for",
      "start": 51.804,
      "end": 51.904,
      "score": 0.833,
      "speaker": "SPEAKER_01"
    },
    {
      "word": "the",
      "start": 51.924,
      "end": 51.984,
      "score": 0.998,
      "speaker": "SPEAKER_01"
    },
    {
      "word": "press",
      "start": 52.024,
      "end": 52.265,
      "score": 0.83,
      "speaker": "SPEAKER_01"
    },
    {
      "word": "because",
      "start": 52.625,
      "end": 52.865,
      "score": 0.852,
      "speaker": "SPEAKER_01"
    },
    {
      "word": "the",
      "start": 52.905,
      "end": 52.985,
      "score": 0.841,
      "speaker": "SPEAKER_01"
    },
    {
      "word": "judge",
      "start": 53.005,
      "end": 53.225,
      "score": 0.799,
      "speaker": "SPEAKER_01"
    },
    {
      "word": "said",
      "start": 53.265,
      "end": 53.526,
      "score": 0.844,
      "speaker": "SPEAKER_01"
    },
    {
      "word": "his",
      "start": 53.646,
      "end": 53.786,
      "score": 0.673,
      "speaker": "SPEAKER_01"
    },
    {
      "word": "narrow",
      "start": 53.846,
      "end": 54.146,
      "score": 0.88,
      "speaker": "SPEAKER_01"
    },
    {
      "word": "ruling",
      "start": 54.186,
      "end": 54.466,
      "score": 0.887,
      "speaker": "SPEAKER_01"
    },
    {
      "word": "wasn't",
      "start": 54.506,
      "end": 54.847,
      "score": 0.947,
      "speaker": "SPEAKER_01"
    },
    {
      "word": "on",
      "start": 55.047,
      "end": 55.127,
      "score": 0.838,
      "speaker": "SPEAKER_01"
    },
    {
      "word": "First",
      "start": 55.187,
      "end": 55.407,
      "score": 0.931,
      "speaker": "SPEAKER_01"
    },
    {
      "word": "Amendment",
      "start": 55.467,
      "end": 55.768,
      "score": 0.419,
      "speaker": "SPEAKER_01"
    },
    {
      "word": "grounds.",
      "start": 55.788,
      "end": 56.048,
      "score": 0.961,
      "speaker": "SPEAKER_01"
    },
    {
      "word": "It",
      "start": 56.448,
      "end": 56.508,
      "score": 0.978,
      "speaker": "SPEAKER_01"
    },
    {
      "word": "doesn't",
      "start": 56.548,
      "end": 56.829,
      "score": 0.757,
      "speaker": "SPEAKER_01"
    },
    {
      "word": "erase",
      "start": 56.889,
      "end": 57.269,
      "score": 0.747,
      "speaker": "SPEAKER_01"
    },
    {
      "word": "the",
      "start": 57.309,
      "end": 57.409,
      "score": 0.887,
      "speaker": "SPEAKER_01"
    },
    {
      "word": "widely",
      "start": 57.469,
      "end": 57.79,
      "score": 0.964,
      "speaker": "SPEAKER_01"
    },
    {
      "word": "criticized",
      "start": 57.85,
      "end": 58.35,
      "score": 0.836,
      "speaker": "SPEAKER_01"
    },
    {
      "word": "grandstanding",
      "start": 58.41,
      "end": 59.071,
      "score": 0.856,
      "speaker": "SPEAKER_01"
    },
    {
      "word": "by",
      "start": 59.091,
      "end": 59.191,
      "score": 0.975,
      "speaker": "SPEAKER_01"
    },
    {
      "word": "Jim",
      "start": 59.231,
      "end": 59.371,
      "score": 0.789,
      "speaker": "SPEAKER_01"
    },
    {
      "word": "Acosta,",
      "start": 59.411,
      "end": 59.812,
      "score": 0.825,
      "speaker": "SPEAKER_01"
    },
    {
      "word": "but",
      "start": 59.852,
      "end": 60.072,
      "score": 0.926,
      "speaker": "SPEAKER_01"
    },
    {
      "word": "there's",
      "start": 60.352,
      "end": 60.573,
      "score": 0.907,
      "speaker": "SPEAKER_01"
    },
    {
      "word": "no",
      "start": 60.633,
      "end": 60.813,
      "score": 0.694,
      "speaker": "SPEAKER_01"
    },
    {
      "word": "denying",
      "start": 60.853,
      "end": 61.253,
      "score": 0.876,
      "speaker": "SPEAKER_01"
    },
    {
      "word": "that",
      "start": 61.293,
      "end": 61.393,
      "score": 0.992,
      "speaker": "SPEAKER_01"
    },
    {
      "word": "CNN's",
      "start": 61.433,
      "end": 61.834,
      "score": 0.564,
      "speaker": "SPEAKER_01"
    },
    {
      "word": "suit",
      "start": 61.874,
      "end": 62.094,
      "score": 0.859,
      "speaker": "SPEAKER_01"
    },
    {
      "word": "forced",
      "start": 62.394,
      "end": 62.695,
      "score": 0.874,
      "speaker": "SPEAKER_01"
    },
    {
      "word": "the",
      "start": 62.735,
      "end": 62.835,
      "score": 0.787,
      "speaker": "SPEAKER_01"
    },
    {
      "word": "administration",
      "start": 62.875,
      "end": 63.456,
      "score": 0.79,
      "speaker": "SPEAKER_01"
    },
    {
      "word": "to",
      "start": 63.496,
      "end": 63.576,
      "score": 0.588,
      "speaker": "SPEAKER_01"
    },
    {
      "word": "back",
      "start": 63.616,
      "end": 63.816,
      "score": 0.898,
      "speaker": "SPEAKER_01"
    },
    {
      "word": "down.",
      "start": 63.856,
      "end": 64.116,
      "score": 0.843,
      "speaker": "SPEAKER_01"
    },
    {
      "word": "The",
      "start": 64.517,
      "end": 64.617,
      "score": 0.915,
      "speaker": "SPEAKER_01"
    },
    {
      "word": "White",
      "start": 64.717,
      "end": 64.917,
      "score": 0.877,
      "speaker": "SPEAKER_01"
    },
    {
      "word": "House",
      "start": 64.957,
      "end": 65.177,
      "score": 0.827,
      "speaker": "SPEAKER_01"
    },
    {
      "word": "view",
      "start": 65.217,
      "end": 65.418,
      "score": 0.955,
      "speaker": "SPEAKER_01"
    },
    {
      "word": "is",
      "start": 65.438,
      "end": 65.498,
      "score": 0.284,
      "speaker": "SPEAKER_01"
    },
    {
      "word": "that",
      "start": 65.518,
      "end": 65.618,
      "score": 0.882,
      "speaker": "SPEAKER_01"
    },
    {
      "word": "it",
      "start": 65.658,
      "end": 65.718,
      "score": 0.321,
      "speaker": "SPEAKER_01"
    },
    {
      "word": "sent",
      "start": 65.738,
      "end": 65.878,
      "score": 0.736,
      "speaker": "SPEAKER_01"
    },
    {
      "word": "a",
      "start": 65.918,
      "end": 65.958,
      "score": 0.666,
      "speaker": "SPEAKER_01"
    },
    {
      "word": "strong",
      "start": 65.998,
      "end": 66.299,
      "score": 0.797,
      "speaker": "SPEAKER_01"
    },
    {
      "word": "message",
      "start": 66.359,
      "end": 66.759,
      "score": 0.867,
      "speaker": "SPEAKER_01"
    },
    {
      "word": "that",
      "start": 67.039,
      "end": 67.179,
      "score": 0.858,
      "speaker": "SPEAKER_01"
    },
    {
      "word": "disruptions",
      "start": 67.219,
      "end": 67.82,
      "score": 0.821,
      "speaker": "SPEAKER_01"
    },
    {
      "word": "at",
      "start": 67.96,
      "end": 68.04,
      "score": 0.822,
      "speaker": "SPEAKER_01"
    },
    {
      "word": "news",
      "start": 68.08,
      "end": 68.261,
      "score": 0.774,
      "speaker": "SPEAKER_01"
    },
    {
      "word": "conferences",
      "start": 68.301,
      "end": 68.781,
      "score": 0.866,
      "speaker": "SPEAKER_01"
    },
    {
      "word": "won't",
      "start": 68.821,
      "end": 69.041,
      "score": 0.661,
      "speaker": "SPEAKER_01"
    },
    {
      "word": "be",
      "start": 69.081,
      "end": 69.162,
      "score": 0.929,
      "speaker": "SPEAKER_01"
    },
    {
      "word": "tolerated.",
      "start": 69.202,
      "end": 69.722,
      "score": 0.872,
      "speaker": "SPEAKER_01"
    },
    {
      "word": "And",
      "start": 70.203,
      "end": 70.283,
      "score": 0.951,
      "speaker": "SPEAKER_01"
    },
    {
      "word": "it",
      "start": 70.323,
      "end": 70.363,
      "score": 0.996,
      "speaker": "SPEAKER_01"
    },
    {
      "word": "would",
      "start": 70.403,
      "end": 70.543,
      "score": 0.865,
      "speaker": "SPEAKER_01"
    },
    {
      "word": "be",
      "start": 70.563,
      "end": 70.643,
      "score": 0.519,
      "speaker": "SPEAKER_01"
    },
    {
      "word": "encouraging,",
      "start": 70.683,
      "end": 71.184,
      "score": 0.865,
      "speaker": "SPEAKER_01"
    },
    {
      "word": "in",
      "start": 71.264,
      "end": 71.344,
      "score": 0.831,
      "speaker": "SPEAKER_01"
    },
    {
      "word": "my",
      "start": 71.404,
      "end": 71.604,
      "score": 0.774,
      "speaker": "SPEAKER_01"
    },
    {
      "word": "view,",
      "start": 71.664,
      "end": 71.844,
      "score": 0.785,
      "speaker": "SPEAKER_01"
    },
    {
      "word": "if",
      "start": 72.345,
      "end": 72.405,
      "score": 1.0,
      "speaker": "SPEAKER_01"
    },
    {
      "word": "both",
      "start": 72.485,
      "end": 72.665,
      "score": 0.794,
      "speaker": "SPEAKER_01"
    },
    {
      "word": "the",
      "start": 72.705,
      "end": 72.765,
      "score": 0.984,
      "speaker": "SPEAKER_01"
    },
    {
      "word": "president",
      "start": 72.805,
      "end": 73.206,
      "score": 0.911,
      "speaker": "SPEAKER_01"
    },
    {
      "word": "and",
      "start": 73.366,
      "end": 73.486,
      "score": 0.613,
      "speaker": "SPEAKER_01"
    },
    {
      "word": "the",
      "start": 73.526,
      "end": 73.586,
      "score": 0.976,
      "speaker": "SPEAKER_01"
    },
    {
      "word": "press",
      "start": 73.646,
      "end": 73.927,
      "score": 0.865,
      "speaker": "SPEAKER_01"
    },
    {
      "word": "were",
      "start": 74.047,
      "end": 74.247,
      "score": 0.799,
      "speaker": "SPEAKER_01"
    },
    {
      "word": "a",
      "start": 74.267,
      "end": 74.287,
      "score": 0.0,
      "speaker": "SPEAKER_01"
    },
    {
      "word": "bit",
      "start": 74.567,
      "end": 74.667,
      "score": 0.835,
      "speaker": "SPEAKER_01"
    },
    {
      "word": "more",
      "start": 74.707,
      "end": 74.868,
      "score": 0.783,
      "speaker": "SPEAKER_01"
    },
    {
      "word": "civil",
      "start": 74.908,
      "end": 75.208,
      "score": 0.841,
      "speaker": "SPEAKER_01"
    },
    {
      "word": "at",
      "start": 75.308,
      "end": 75.388,
      "score": 0.675,
      "speaker": "SPEAKER_01"
    },
    {
      "word": "these",
      "start": 75.428,
      "end": 75.628,
      "score": 0.72,
      "speaker": "SPEAKER_01"
    },
    {
      "word": "televised",
      "start": 75.708,
      "end": 76.229,
      "score": 0.861,
      "speaker": "SPEAKER_01"
    },
    {
      "word": "spectacles.",
      "start": 76.429,
      "end": 76.97,
      "score": 0.85,
      "speaker": "SPEAKER_01"
    }
  ],
  "language": "en"
}