{
  "segments": [
    {
      "start": 1.73,
      "end": 2.711,
      "text": " Senator Kamala Harris.",
      "words": [
        {
          "word": "Senator",
          "start": 1.73,
          "end": 2.05,
          "score": 0.519,
          "speaker": "SPEAKER_00"
        },
        {
          "word": "Kamala",
          "start": 2.071,
          "end": 2.411,
          "score": 0.558,
          "speaker": "SPEAKER_00"
        },
        {
          "word": "Harris.",
          "start": 2.431,
          "end": 2.711,
          "score": 0.612,
          "speaker": "SPEAKER_00"
        }
      ],
      "speaker": "SPEAKER_00"
    },
    {
      "start": 3.793,
      "end": 4.073,
      "text": "Thank you.",
      "words": [
        {
          "word": "Thank",
          "start": 3.793,
          "end": 3.993,
          "score": 0.893,
          "speaker": "SPEAKER_00"
        },
        {
          "word": "you.",
          "start": 4.013,
          "end": 4.073,
          "score": 0.225,
          "speaker": "SPEAKER_00"
        }
      ],
      "speaker": "SPEAKER_00"
    },
    {
      "start": 4.113,
      "end": 5.555,
      "text": "It's great to be back at TSU.",
      "words": [
        {
          "word": "It's",
          "start": 4.113,
          "end": 4.193,
          "score": 0.497,
          "speaker": "SPEAKER_00"
        },
        {
          "word": "great",
          "start": 4.213,
          "end": 4.393,
          "score": 0.777,
          "speaker": "SPEAKER_00"
        },
        {
          "word": "to",
          "start": 4.413,
          "end": 4.453,
          "score": 0.996,
          "speaker": "SPEAKER_00"
        },
        {
          "word": "be",
          "start": 4.493,
          "end": 4.573,
          "score": 0.938,
          "speaker": "SPEAKER_00"
        },
        {
          "word": "back",
          "start": 4.613,
          "end": 4.794,
          "score": 0.99,
          "speaker": "SPEAKER_00"
        },
        {
          "word": "at",
          "start": 4.854,
          "end": 4.934,
          "score": 0.663,
          "speaker": "SPEAKER_00"
        },
        {
          "word": "TSU.",
          "start": 4.954,
          "end": 5.555,
          "score": 0.771,
          "speaker": "SPEAKER_00"
        }
      ],
      "speaker": "SPEAKER_00"
    },
    {
      "start": 5.775,
      "end": 12.142,
      "text": "So I plan on spending tonight talking with you about my plans to address the problems that keep you up at night.",
      "words": [
        {
          "word": "So",
          "start": 5.775,
          "end": 5.915,
          "score": 0.884,
          "speaker": "SPEAKER_00"
        },
        {
          "word": "I",
          "start": 5.955,
          "end": 6.055,
          "score": 0.961,
          "speaker": "SPEAKER_00"
        },
        {
          "word": "plan",
          "start": 6.095,
          "end": 6.275,
          "score": 0.781,
          "speaker": "SPEAKER_00"
        },
        {
          "word": "on",
          "start": 6.315,
          "end": 6.416,
          "score": 0.525,
          "speaker": "SPEAKER_00"
        },
        {
          "word": "spending",
          "start": 6.476,
          "end": 6.776,
          "score": 0.979,
          "speaker": "SPEAKER_00"
        },
        {
          "word": "tonight",
          "start": 6.816,
          "end": 7.156,
          "score": 0.838,
          "speaker": "SPEAKER_00"
        },
        {
          "word": "talking",
          "start": 7.237,
          "end": 7.777,
          "score": 0.919,
          "speaker": "SPEAKER_00"
        },
        {
          "word": "with",
          "start": 8.358,
          "end": 8.498,
          "score": 0.808,
          "speaker": "SPEAKER_00"
        },
        {
          "word": "you",
          "start": 8.538,
          "end": 8.678,
          "score": 0.806,
          "speaker": "SPEAKER_00"
        },
        {
          "word": "about",
          "start": 8.718,
          "end": 8.918,
          "score": 0.916,
          "speaker": "SPEAKER_00"
        },
        {
          "word": "my",
          "start": 8.959,
          "end": 9.099,
          "score": 0.802,
          "speaker": "SPEAKER_00"
        },
        {
          "word": "plans",
          "start": 9.159,
          "end": 9.579,
          "score": 0.858,
          "speaker": "SPEAKER_00"
        },
        {
          "word": "to",
          "start": 9.679,
          "end": 9.779,
          "score": 0.869,
          "speaker": "SPEAKER_00"
        },
        {
          "word": "address",
          "start": 9.82,
          "end": 10.18,
          "score": 0.851,
          "speaker": "SPEAKER_00"
        },
        {
          "word": "the",
          "start": 10.38,
          "end": 10.52,
          "score": 0.993,
          "speaker": "SPEAKER_00"
        },
        {
          "word": "problems",
          "start": 10.64,
          "end": 11.081,
          "score": 0.809,
          "speaker": "SPEAKER_00"
        },
        {
          "word": "that",
          "start": 11.101,
          "end": 11.201,
          "score": 0.469,
          "speaker": "SPEAKER_00"
        },
        {
          "word": "keep",
          "start": 11.241,
          "end": 11.421,
          "score": 0.922,
          "speaker": "SPEAKER_00"
        },
        {
          "word": "you",
          "start": 11.441,
          "end": 11.542,
          "score": 0.925,
          "speaker": "SPEAKER_00"
        },
        {
          "word": "up",
          "start": 11.582,
          "end": 11.702,
          "score": 0.851,
          "speaker": "SPEAKER_00"
        },
        {
          "word": "at",
          "start": 11.762,
          "end": 11.842,
          "score": 0.969,
          "speaker": "SPEAKER_00"
        },
        {
          "word": "night.",
          "start": 11.902,
          "end": 12.142,
          "score": 0.83,
          "speaker": "SPEAKER_00"
        }
      ],
      "speaker": "SPEAKER_00"
    },
    {
      "start": 12.743,
      "end": 16.547,
      "text": "But first, I have a few words for Donald Trump, who we all know is watching.",
      "words": [
        {
          "word": "But",
          "start": 12.743,
          "end": 12.883,
          "score": 0.902,
          "speaker": "SPEAKER_00"
        },
        {
          "word": "first,",
          "start": 12.923,
          "end": 13.163,
          "score": 0.589,
          "speaker": "SPEAKER_00"
        },
        {
          "word": "I",
          "start": 13.183,
          "end": 13.203,
          "score": 0.336,
          "speaker": "SPEAKER_00"
        },
        {
          "word": "have",
          "start": 13.244,
          "end": 13.404,
          "score": 0.821,
          "speaker": "SPEAKER_00"
        },
        {
          "word": "a",
          "start": 13.444,
          "end": 13.484,
          "score": 0.497,
          "speaker": "SPEAKER_00"
        },
        {
          "word": "few",
          "start": 13.544,
          "end": 13.684,
          "score": 0.843,
          "speaker": "SPEAKER_00"
        },
        {
          "word": "words",
          "start": 13.724,
          "end": 13.924,
          "score": 0.836,
          "speaker": "SPEAKER_00"
        },
        {
          "word": "for",
          "start": 13.964,
          "end": 14.105,
          "score": 0.865,
          "speaker": "SPEAKER_00"
        },
        {
          "word": "Donald",
          "start": 14.165,
          "end": 14.485,
          "score": 0.804,
          "speaker": "SPEAKER_00"
        },
        {
          "word": "Trump,",
          "start": 14.525,
          "end": 14.805,
          "score": 0.827,
          "speaker": "SPEAKER_00"
        },
        {
          "word": "who",
          "start": 15.366,
          "end": 15.506,
          "score": 0.646,
          "speaker": "SPEAKER_00"
        },
        {
          "word": "we",
          "start": 15.526,
          "end": 15.646,
          "score": 0.861,
          "speaker": "SPEAKER_00"
        },
        {
          "word": "all",
          "start": 15.686,
          "end": 15.827,
          "score": 0.901,
          "speaker": "SPEAKER_00"
        },
        {
          "word": "know",
          "start": 15.867,
          "end": 15.987,
          "score": 0.871,
          "speaker": "SPEAKER_00"
        },
        {
          "word": "is",
          "start": 16.047,
          "end": 16.127,
          "score": 0.688,
          "speaker": "SPEAKER_00"
        },
        {
          "word": "watching.",
          "start": 16.167,
          "end": 16.547,
          "score": 0.876,
          "speaker": "SPEAKER_00"
        }
      ],
      "speaker": "SPEAKER_00"
    },
    {
      "start": 17.406,
      "end": 24.691,
      "text": " So President Trump, you spent the last two and a half years full time trying to sow hate and division among us.",
      "words": [
        {
          "word": "So",
          "start": 17.406,
          "end": 17.546,
          "score": 0.889,
          "speaker": "SPEAKER_00"
        },
        {
          "word": "President",
          "start": 17.606,
          "end": 18.086,
          "score": 0.655,
          "speaker": "SPEAKER_00"
        },
        {
          "word": "Trump,",
          "start": 18.126,
          "end": 18.467,
          "score": 0.879,
          "speaker": "SPEAKER_00"
        },
        {
          "word": "you",
          "start": 19.227,
          "end": 19.447,
          "score": 0.839,
          "speaker": "SPEAKER_00"
        },
        {
          "word": "spent",
          "start": 19.487,
          "end": 19.768,
          "score": 0.635,
          "speaker": "SPEAKER_00"
        },
        {
          "word": "the",
          "start": 19.808,
          "end": 19.888,
          "score": 0.845,
          "speaker": "SPEAKER_00"
        },
        {
          "word": "last",
          "start": 19.928,
          "end": 20.248,
          "score": 0.829,
          "speaker": "SPEAKER_00"
        },
        {
          "word": "two",
          "start": 20.408,
          "end": 20.588,
          "score": 0.756,
          "speaker": "SPEAKER_00"
        },
        {
          "word": "and",
          "start": 20.648,
          "end": 20.728,
          "score": 0.839,
          "speaker": "SPEAKER_00"
        },
        {
          "word": "a",
          "start": 20.768,
          "end": 20.808,
          "score": 0.499,
          "speaker": "SPEAKER_00"
        },
        {
          "word": "half",
          "start": 20.868,
          "end": 21.108,
          "score": 0.754,
          "speaker": "SPEAKER_00"
        },
        {
          "word": "years",
          "start": 21.168,
          "end": 21.449,
          "score": 0.733,
          "speaker": "SPEAKER_00"
        },
        {
          "word": "full",
          "start": 21.589,
          "end": 21.849,
          "score": 0.927,
          "speaker": "SPEAKER_00"
        },
        {
          "word": "time",
          "start": 21.929,
          "end": 22.249,
          "score": 0.689,
          "speaker": "SPEAKER_00"
        },
        {
          "word": "trying",
          "start": 22.329,
          "end": 22.569,
          "score": 0.93,
          "speaker": "SPEAKER_00"
        },
        {
          "word": "to",
          "start": 22.609,
          "end": 22.669,
          "score": 0.752,
          "speaker": "SPEAKER_00"
        },
        {
          "word": "sow",
          "start": 22.729,
          "end": 22.949,
          "score": 0.844,
          "speaker": "SPEAKER_00"
        },
        {
          "word": "hate",
          "start": 23.03,
          "end": 23.29,
          "score": 0.777,
          "speaker": "SPEAKER_00"
        },
        {
          "word": "and",
          "start": 23.41,
          "end": 23.49,
          "score": 0.82,
          "speaker": "SPEAKER_00"
        },
        {
          "word": "division",
          "start": 23.55,
          "end": 24.03,
          "score": 0.854,
          "speaker": "SPEAKER_00"
        },
        {
          "word": "among",
          "start": 24.19,
          "end": 24.49,
          "score": 0.81,
          "speaker": "SPEAKER_00"
        },
        {
          "word": "us.",
          "start": 24.59,
          "end": 24.691,
          "score": 0.744,
          "speaker": "SPEAKER_00"
        }
      ],
      "speaker": "SPEAKER_00"
    },
    {
      "start": 25.911,
      "end": 28.053,
      "text": "And that is why we've got nothing done.",
      "words": [
        {
          "word": "And",
          "start": 25.911,
          "end": 25.991,
          "score": 0.921,
          "speaker": "SPEAKER_00"
        },
        {
          "word": "that",
          "start": 26.031,
          "end": 26.171,
          "score": 0.905,
          "speaker": "SPEAKER_00"
        },
        {
          "word": "is",
          "start": 26.232,
          "end": 26.312,
          "score": 0.513,
          "speaker": "SPEAKER_00"
        },
        {
          "word": "why",
          "start": 26.412,
          "end": 26.752,
          "score": 0.828,
          "speaker": "SPEAKER_00"
        },
        {
          "word": "we've",
          "start": 26.832,
          "end": 27.032,
          "score": 0.853,
          "speaker": "SPEAKER_00"
        },
        {
          "word": "got",
          "start": 27.052,
          "end": 27.252,
          "score": 0.718,
          "speaker": "SPEAKER_00"
        },
        {
          "word": "nothing",
          "start": 27.352,
          "end": 27.712,
          "score": 0.844,
          "speaker": "SPEAKER_00"
        },
        {
          "word": "done.",
          "start": 27.792,
          "end": 28.053,
          "score": 0.696,
          "speaker": "SPEAKER_00"
        }
      ],
      "speaker": "SPEAKER_00"
    },
    {
      "start": 28.713,
      "end": 39.38,
      "text": "You have used hate, intimidation, fear, and over 12,000 lies as a way to distract from your failed policies and your broken promises.",
      "words": [
        {
          "word": "You",
          "start": 28.713,
          "end": 28.853,
          "score": 0.773,
          "speaker": "SPEAKER_00"
        },
        {
          "word": "have",
          "start": 28.893,
          "end": 29.013,
          "score": 0.875,
          "speaker": "SPEAKER_00"
        },
        {
          "word": "used",
          "start": 29.153,
          "end": 29.373,
          "score": 0.672,
          "speaker": "SPEAKER_00"
        },
        {
          "word": "hate,",
          "start": 29.494,
          "end": 29.814,
          "score": 0.732,
          "speaker": "SPEAKER_00"
        },
        {
          "word": "intimidation,",
          "start": 30.214,
          "end": 31.054,
          "score": 0.854,
          "speaker": "SPEAKER_00"
        },
        {
          "word": "fear,",
          "start": 31.835,
          "end": 32.155,
          "score": 0.833,
          "speaker": "SPEAKER_00"
        },
        {
          "word": "and",
          "start": 32.716,
          "end": 32.796,
          "score": 0.969,
          "speaker": "SPEAKER_00"
        },
        {
          "word": "over",
          "start": 32.916,
          "end": 34.036,
          "score": 0.852,
          "speaker": "SPEAKER_00"
        },
        {
          "word": "12,000"
        },
        {
          "word": "lies",
          "start": 34.096,
          "end": 34.497,
          "score": 0.872,
          "speaker": "SPEAKER_00"
        },
        {
          "word": "as",
          "start": 34.517,
          "end": 34.557,
          "score": 0.0,
          "speaker": "SPEAKER_00"
        },
        {
          "word": "a",
          "start": 34.657,
          "end": 34.737,
          "score": 0.112,
          "speaker": "SPEAKER_00"
        },
        {
          "word": "way",
          "start": 34.857,
          "end": 35.037,
          "score": 0.92,
          "speaker": "SPEAKER_00"
        },
        {
          "word": "to",
          "start": 35.077,
          "end": 35.157,
          "score": 0.776,
          "speaker": "SPEAKER_00"
        },
        {
          "word": "distract",
          "start": 35.217,
          "end": 35.897,
          "score": 0.817,
          "speaker": "SPEAKER_00"
        },
        {
          "word": "from",
          "start": 36.318,
          "end": 36.478,
          "score": 0.749,
          "speaker": "SPEAKER_00"
        },
        {
          "word": "your",
          "start": 36.498,
          "end": 36.678,
          "score": 0.789,
          "speaker": "SPEAKER_00"
        },
        {
          "word": "failed",
          "start": 36.798,
          "end": 37.158,
          "score": 0.847,
          "speaker": "SPEAKER_00"
        },
        {
          "word": "policies",
          "start": 37.258,
          "end": 37.919,
          "score": 0.798,
          "speaker": "SPEAKER_00"
        },
        {
          "word": "and",
          "start": 38.079,
          "end": 38.179,
          "score": 0.793,
          "speaker": "SPEAKER_00"
        },
        {
          "word": "your",
          "start": 38.199,
          "end": 38.359,
          "score": 0.68,
          "speaker": "SPEAKER_00"
        },
        {
          "word": "broken",
          "start": 38.399,
          "end": 38.739,
          "score": 0.982,
          "speaker": "SPEAKER_00"
        },
        {
          "word": "promises.",
          "start": 38.799,
          "end": 39.38,
          "score": 0.839,
          "speaker": "SPEAKER_00"
        }
      ],
      "speaker": "SPEAKER_00"
    },
    {
      "start": 40.06,
      "end": 48.605,
      "text": " The only reason you've not been indicted is because there was a memo in the Department of Justice that says a sitting president cannot be charged with a crime.",
      "words": [
        {
          "word": "The",
          "start": 40.06,
          "end": 40.16,
          "score": 0.78,
          "speaker": "SPEAKER_00"
        },
        {
          "word": "only",
          "start": 40.28,
          "end": 40.48,
          "score": 0.672,
          "speaker": "SPEAKER_00"
        },
        {
          "word": "reason",
          "start": 40.54,
          "end": 40.82,
          "score": 0.775,
          "speaker": "SPEAKER_00"
        },
        {
          "word": "you've",
          "start": 40.86,
          "end": 41.061,
          "score": 0.843,
          "speaker": "SPEAKER_00"
        },
        {
          "word": "not",
          "start": 41.101,
          "end": 41.261,
          "score": 0.756,
          "speaker": "SPEAKER_00"
        },
        {
          "word": "been",
          "start": 41.321,
          "end": 41.481,
          "score": 0.932,
          "speaker": "SPEAKER_00"
        },
        {
          "word": "indicted",
          "start": 41.541,
          "end": 42.041,
          "score": 0.778,
          "speaker": "SPEAKER_00"
        },
        {
          "word": "is",
          "start": 42.261,
          "end": 42.361,
          "score": 0.808,
          "speaker": "SPEAKER_00"
        },
        {
          "word": "because",
          "start": 42.421,
          "end": 42.741,
          "score": 0.791,
          "speaker": "SPEAKER_00"
        },
        {
          "word": "there",
          "start": 42.802,
          "end": 43.002,
          "score": 0.717,
          "speaker": "SPEAKER_00"
        },
        {
          "word": "was",
          "start": 43.062,
          "end": 43.322,
          "score": 0.777,
          "speaker": "SPEAKER_00"
        },
        {
          "word": "a",
          "start": 43.342,
          "end": 43.362,
          "score": 0.0,
          "speaker": "SPEAKER_00"
        },
        {
          "word": "memo",
          "start": 43.642,
          "end": 43.942,
          "score": 0.99,
          "speaker": "SPEAKER_00"
        },
        {
          "word": "in",
          "start": 43.982,
          "end": 44.042,
          "score": 0.748,
          "speaker": "SPEAKER_00"
        },
        {
          "word": "the",
          "start": 44.082,
          "end": 44.142,
          "score": 0.998,
          "speaker": "SPEAKER_00"
        },
        {
          "word": "Department",
          "start": 44.182,
          "end": 44.682,
          "score": 0.852,
          "speaker": "SPEAKER_00"
        },
        {
          "word": "of",
          "start": 44.703,
          "end": 44.763,
          "score": 0.758,
          "speaker": "SPEAKER_00"
        },
        {
          "word": "Justice",
          "start": 44.823,
          "end": 45.223,
          "score": 0.869,
          "speaker": "SPEAKER_00"
        },
        {
          "word": "that",
          "start": 45.263,
          "end": 45.403,
          "score": 0.807,
          "speaker": "SPEAKER_00"
        },
        {
          "word": "says",
          "start": 45.423,
          "end": 45.623,
          "score": 0.727,
          "speaker": "SPEAKER_00"
        },
        {
          "word": "a",
          "start": 45.723,
          "end": 45.763,
          "score": 0.526,
          "speaker": "SPEAKER_00"
        },
        {
          "word": "sitting",
          "start": 45.823,
          "end": 46.083,
          "score": 0.904,
          "speaker": "SPEAKER_00"
        },
        {
          "word": "president",
          "start": 46.143,
          "end": 46.583,
          "score": 0.891,
          "speaker": "SPEAKER_00"
        },
        {
          "word": "cannot",
          "start": 46.864,
          "end": 47.204,
          "score": 0.977,
          "speaker": "SPEAKER_00"
        },
        {
          "word": "be",
          "start": 47.264,
          "end": 47.384,
          "score": 0.688,
          "speaker": "SPEAKER_00"
        },
        {
          "word": "charged",
          "start": 47.444,
          "end": 47.904,
          "score": 0.821,
          "speaker": "SPEAKER_00"
        },
        {
          "word": "with",
          "start": 47.984,
          "end": 48.104,
          "score": 0.899,
          "speaker": "SPEAKER_00"
        },
        {
          "word": "a",
          "start": 48.144,
          "end": 48.184,
          "score": 0.497,
          "speaker": "SPEAKER_00"
        },
        {
          "word": "crime.",
          "start": 48.224,
          "end": 48.605,
          "score": 0.8,
          "speaker": "SPEAKER_00"
        }
      ],
      "speaker": "SPEAKER_00"
    },
    {
      "start": 49.285,
      "end": 50.706,
      "text": "But here's what you don't get.",
      "words": [
        {
          "word": "But",
          "start": 49.285,
          "end": 49.445,
          "score": 0.799,
          "speaker": "SPEAKER_00"
        },
        {
          "word": "here's",
          "start": 49.545,
          "end": 49.805,
          "score": 0.811,
          "speaker": "SPEAKER_00"
        },
        {
          "word": "what",
          "start": 49.825,
          "end": 49.985,
          "score": 0.774,
          "speaker": "SPEAKER_00"
        },
        {
          "word": "you",
          "start": 50.005,
          "end": 50.145,
          "score": 0.866,
          "speaker": "SPEAKER_00"
        },
        {
          "word": "don't",
          "start": 50.205,
          "end": 50.426,
          "score": 0.683,
          "speaker": "SPEAKER_00"
        },
        {
          "word": "get.",
          "start": 50.466,
          "end": 50.706,
          "score": 0.506,
          "speaker": "SPEAKER_00"
        }
      ],
      "speaker": "SPEAKER_00"
    },
    {
      "start": 51.586,
      "end": 54.428,
      "text": "What you don't get is that the American people",
      "words": [
        {
          "word": "What",
          "start": 51.586,
          "end": 51.726,
          "score": 0.957,
          "speaker": "SPEAKER_00"
        },
        {
          "word": "you",
          "start": 51.806,
          "end": 52.006,
          "score": 0.799,
          "speaker": "SPEAKER_00"
        },
        {
          "word": "don't",
          "start": 52.046,
          "end": 52.266,
          "score": 0.529,
          "speaker": "SPEAKER_00"
        },
        {
          "word": "get",
          "start": 52.307,
          "end": 52.547,
          "score": 0.531,
          "speaker": "SPEAKER_00"
        },
        {
          "word": "is",
          "start": 52.907,
          "end": 52.987,
          "score": 0.734,
          "speaker": "SPEAKER_00"
        },
        {
          "word": "that",
          "start": 53.027,
          "end": 53.167,
          "score": 0.942,
          "speaker": "SPEAKER_00"
        },
        {
          "word": "the",
          "start": 53.207,
          "end": 53.327,
          "score": 0.708,
          "speaker": "SPEAKER_00"
        },
        {
          "word": "American",
          "start": 53.407,
          "end": 54.027,
          "score": 0.802,
          "speaker": "SPEAKER_00"
        },
        {
          "word": "people",
          "start": 54.087,
          "end": 54.428,
          "score": 0.863,
          "speaker": "SPEAKER_00"
        }
      ],
      "speaker": "SPEAKER_00"
    },
    {
      "start": 55.268,
      "end": 56.809,
      "text": " are so much better than this.",
      "words": [
        {
          "word": "are",
          "start": 55.268,
          "end": 55.388,
          "score": 0.677,
          "speaker": "SPEAKER_00"
        },
        {
          "word": "so",
          "start": 55.528,
          "end": 55.688,
          "score": 0.901,
          "speaker": "SPEAKER_00"
        },
        {
          "word": "much",
          "start": 55.768,
          "end": 55.948,
          "score": 0.833,
          "speaker": "SPEAKER_00"
        },
        {
          "word": "better",
          "start": 56.069,
          "end": 56.329,
          "score": 0.892,
          "speaker": "SPEAKER_00"
        },
        {
          "word": "than",
          "start": 56.369,
          "end": 56.509,
          "score": 0.807,
          "speaker": "SPEAKER_00"
        },
        {
          "word": "this.",
          "start": 56.569,
          "end": 56.809,
          "score": 0.734,
          "speaker": "SPEAKER_00"
        }
      ],
      "speaker": "SPEAKER_00"
    },
    {
      "start": 57.349,
      "end": 66.394,
      "text": "And we know that the vast majority of us have so much more in common than what separates us, regardless of our race, where we live, or the party with which we're registered to vote.",
      "words": [
        {
          "word": "And",
          "start": 57.349,
          "end": 57.449,
          "score": 0.785,
          "speaker": "SPEAKER_00"
        },
        {
          "word": "we",
          "start": 57.569,
          "end": 57.789,
          "score": 0.85,
          "speaker": "SPEAKER_00"
        },
        {
          "word": "know",
          "start": 57.85,
          "end": 58.01,
          "score": 0.808,
          "speaker": "SPEAKER_00"
        },
        {
          "word": "that",
          "start": 58.07,
          "end": 58.19,
          "score": 0.819,
          "speaker": "SPEAKER_00"
        },
        {
          "word": "the",
          "start": 58.23,
          "end": 58.31,
          "score": 0.963,
          "speaker": "SPEAKER_00"
        },
        {
          "word": "vast",
          "start": 58.41,
          "end": 58.71,
          "score": 0.833,
          "speaker": "SPEAKER_00"
        },
        {
          "word": "majority",
          "start": 58.77,
          "end": 59.19,
          "score": 0.786,
          "speaker": "SPEAKER_00"
        },
        {
          "word": "of",
          "start": 59.23,
          "end": 59.27,
          "score": 1.0,
          "speaker": "SPEAKER_00"
        },
        {
          "word": "us",
          "start": 59.37,
          "end": 59.45,
          "score": 0.744,
          "speaker": "SPEAKER_00"
        },
        {
          "word": "have",
          "start": 59.51,
          "end": 59.671,
          "score": 0.771,
          "speaker": "SPEAKER_00"
        },
        {
          "word": "so",
          "start": 59.831,
          "end": 60.011,
          "score": 0.887,
          "speaker": "SPEAKER_00"
        },
        {
          "word": "much",
          "start": 60.051,
          "end": 60.231,
          "score": 0.69,
          "speaker": "SPEAKER_00"
        },
        {
          "word": "more",
          "start": 60.291,
          "end": 60.451,
          "score": 0.747,
          "speaker": "SPEAKER_00"
        },
        {
          "word": "in",
          "start": 60.491,
          "end": 60.551,
          "score": 0.793,
          "speaker": "SPEAKER_00"
        },
        {
          "word": "common",
          "start": 60.591,
          "end": 60.891,
          "score": 0.908,
          "speaker": "SPEAKER_00"
        },
        {
          "word": "than",
          "start": 60.931,
          "end": 61.031,
          "score": 0.878,
          "speaker": "SPEAKER_00"
        },
        {
          "word": "what",
          "start": 61.051,
          "end": 61.211,
          "score": 0.856,
          "speaker": "SPEAKER_00"
        },
        {
          "word": "separates",
          "start": 61.271,
          "end": 61.732,
          "score": 0.851,
          "speaker": "SPEAKER_00"
        },
        {
          "word": "us,",
          "start": 61.812,
          "end": 61.912,
          "score": 0.694,
          "speaker": "SPEAKER_00"
        },
        {
          "word": "regardless",
          "start": 62.192,
          "end": 62.692,
          "score": 0.808,
          "speaker": "SPEAKER_00"
        },
        {
          "word": "of",
          "start": 62.732,
          "end": 62.792,
          "score": 0.75,
          "speaker": "SPEAKER_00"
        },
        {
          "word": "our",
          "start": 62.852,
          "end": 62.972,
          "score": 0.707,
          "speaker": "SPEAKER_00"
        },
        {
          "word": "race,",
          "start": 63.072,
          "end": 63.373,
          "score": 0.915,
          "speaker": "SPEAKER_00"
        },
        {
          "word": "where",
          "start": 63.693,
          "end": 63.913,
          "score": 0.766,
          "speaker": "SPEAKER_00"
        },
        {
          "word": "we",
          "start": 63.953,
          "end": 64.073,
          "score": 0.696,
          "speaker": "SPEAKER_00"
        },
        {
          "word": "live,",
          "start": 64.133,
          "end": 64.373,
          "score": 0.85,
          "speaker": "SPEAKER_00"
        },
        {
          "word": "or",
          "start": 64.493,
          "end": 64.573,
          "score": 0.79,
          "speaker": "SPEAKER_00"
        },
        {
          "word": "the",
          "start": 64.593,
          "end": 64.693,
          "score": 0.855,
          "speaker": "SPEAKER_00"
        },
        {
          "word": "party",
          "start": 64.753,
          "end": 65.054,
          "score": 0.86,
          "speaker": "SPEAKER_00"
        },
        {
          "word": "with",
          "start": 65.074,
          "end": 65.194,
          "score": 0.922,
          "speaker": "SPEAKER_00"
        },
        {
          "word": "which",
          "start": 65.234,
          "end": 65.394,
          "score": 0.846,
          "speaker": "SPEAKER_00"
        },
        {
          "word": "we're",
          "start": 65.414,
          "end": 65.574,
          "score": 0.68,
          "speaker": "SPEAKER_00"
        },
        {
          "word": "registered",
          "start": 65.594,
          "end": 66.034,
          "score": 0.758,
          "speaker": "SPEAKER_00"
        },
        {
          "word": "to",
          "start": 66.054,
          "end": 66.134,
          "score": 0.62,
          "speaker": "SPEAKER_00"
        },
        {
          "word": "vote.",
          "start": 66.174,
          "end": 66.394,
          "score": 0.884,
          "speaker": "SPEAKER_00"
        }
      ],
      "speaker": "SPEAKER_00"
    },
    {
      "start": 66.654,
      "end": 76.54,
      "text": "And I plan on focusing on our common issues, our common hopes and desires, and in that way unifying our country, winning this election, and turning the page for America.",
      "words": [
        {
          "word": "And",
          "start": 66.654,
          "end": 66.754,
          "score": 0.9,
          "speaker": "SPEAKER_00"
        },
        {
          "word": "I",
          "start": 66.835,
          "end": 66.915,
          "score": 0.993,
          "speaker": "SPEAKER_00"
        },
        {
          "word": "plan",
          "start": 66.955,
          "end": 67.175,
          "score": 0.727,
          "speaker": "SPEAKER_00"
        },
        {
          "word": "on",
          "start": 67.235,
          "end": 67.315,
          "score": 0.834,
          "speaker": "SPEAKER_00"
        },
        {
          "word": "focusing",
          "start": 67.395,
          "end": 67.895,
          "score": 0.886,
          "speaker": "SPEAKER_00"
        },
        {
          "word": "on",
          "start": 67.955,
          "end": 68.035,
          "score": 0.888,
          "speaker": "SPEAKER_00"
        },
        {
          "word": "our",
          "start": 68.095,
          "end": 68.215,
          "score": 0.631,
          "speaker": "SPEAKER_00"
        },
        {
          "word": "common",
          "start": 68.255,
          "end": 68.636,
          "score": 0.951,
          "speaker": "SPEAKER_00"
        },
        {
          "word": "issues,",
          "start": 68.696,
          "end": 68.996,
          "score": 0.858,
          "speaker": "SPEAKER_00"
        },
        {
          "word": "our",
          "start": 69.276,
          "end": 69.356,
          "score": 0.861,
          "speaker": "SPEAKER_00"
        },
        {
          "word": "common",
          "start": 69.416,
          "end": 69.756,
          "score": 0.93,
          "speaker": "SPEAKER_00"
        },
        {
          "word": "hopes",
          "start": 69.796,
          "end": 70.016,
          "score": 0.867,
          "speaker": "SPEAKER_00"
        },
        {
          "word": "and",
          "start": 70.076,
          "end": 70.156,
          "score": 0.85,
          "speaker": "SPEAKER_00"
        },
        {
          "word": "desires,",
          "start": 70.196,
          "end": 70.717,
          "score": 0.913,
          "speaker": "SPEAKER_00"
        },
        {
          "word": "and",
          "start": 71.057,
          "end": 71.157,
          "score": 0.784,
          "speaker": "SPEAKER_00"
        },
        {
          "word": "in",
          "start": 71.197,
          "end": 71.257,
          "score": 0.769,
          "speaker": "SPEAKER_00"
        },
        {
          "word": "that",
          "start": 71.317,
          "end": 71.457,
          "score": 0.888,
          "speaker": "SPEAKER_00"
        },
        {
          "word": "way",
          "start": 71.517,
          "end": 71.637,
          "score": 0.705,
          "speaker": "SPEAKER_00"
        },
        {
          "word": "unifying",
          "start": 71.777,
          "end": 72.318,
          "score": 0.759,
          "speaker": "SPEAKER_00"
        },
        {
          "word": "our",
          "start": 72.418,
          "end": 72.518,
          "score": 0.97,
          "speaker": "SPEAKER_00"
        },
        {
          "word": "country,",
          "start": 72.598,
          "end": 72.998,
          "score": 0.811,
          "speaker": "SPEAKER_00"
        },
        {
          "word": "winning",
          "start": 73.378,
          "end": 73.698,
          "score": 0.918,
          "speaker": "SPEAKER_00"
        },
        {
          "word": "this",
          "start": 73.738,
          "end": 73.918,
          "score": 0.854,
          "speaker": "SPEAKER_00"
        },
        {
          "word": "election,",
          "start": 73.999,
          "end": 74.479,
          "score": 0.793,
          "speaker": "SPEAKER_00"
        },
        {
          "word": "and",
          "start": 74.859,
          "end": 74.939,
          "score": 0.867,
          "speaker": "SPEAKER_00"
        },
        {
          "word": "turning",
          "start": 75.019,
          "end": 75.339,
          "score": 0.898,
          "speaker": "SPEAKER_00"
        },
        {
          "word": "the",
          "start": 75.399,
          "end": 75.479,
          "score": 0.891,
          "speaker": "SPEAKER_00"
        },
        {
          "word": "page",
          "start": 75.539,
          "end": 75.8,
          "score": 0.94,
          "speaker": "SPEAKER_00"
        },
        {
          "word": "for",
          "start": 75.86,
          "end": 76.0,
          "score": 0.671,
          "speaker": "SPEAKER_00"
        },
        {
          "word": "America.",
          "start": 76.06,
          "end": 76.54,
          "score": 0.808,
          "speaker": "SPEAKER_00"
        }
      ],
      "speaker": "SPEAKER_00"
    },
    {
      "start": 77.42,
      "end": 79.882,
      "text": "And now, President Trump, you can go back to watching Fox News.",
      "words": [
        {
          "word": "And",
          "start": 77.42,
          "end": 77.52,
          "score": 0.742,
          "speaker": "SPEAKER_00"
        },
        {
          "word": "now,",
          "start": 77.54,
          "end": 77.701,
          "score": 0.839,
          "speaker": "SPEAKER_00"
        },
        {
          "word": "President",
          "start": 77.761,
          "end": 78.121,
          "score": 0.683,
          "speaker": "SPEAKER_00"
        },
        {
          "word": "Trump,",
          "start": 78.141,
          "end": 78.361,
          "score": 0.828,
          "speaker": "SPEAKER_00"
        },
        {
          "word": "you",
          "start": 78.381,
          "end": 78.461,
          "score": 0.838,
          "speaker": "SPEAKER_00"
        },
        {
          "word": "can",
          "start": 78.481,
          "end": 78.581,
          "score": 0.87,
          "speaker": "SPEAKER_00"
        },
        {
          "word": "go",
          "start": 78.601,
          "end": 78.681,
          "score": 0.998,
          "speaker": "SPEAKER_00"
        },
        {
          "word": "back",
          "start": 78.721,
          "end": 78.861,
          "score": 0.638,
          "speaker": "SPEAKER_00"
        },
        {
          "word": "to",
          "start": 78.901,
          "end": 78.961,
          "score": 0.912,
          "speaker": "SPEAKER_00"
        },
        {
          "word": "watching",
          "start": 79.001,
          "end": 79.321,
          "score": 0.677,
          "speaker": "SPEAKER_00"
        },
        {
          "word": "Fox",
          "start": 79.341,
          "end": 79.622,
          "score": 0.965,
          "speaker": "SPEAKER_00"
        },
        {
          "word": "News.",
          "start": 79.682,
          "end": 79.882,
          "score": 0.846,
          "speaker": "SPEAKER_00"
        }
      ],
      "speaker": "SPEAKER_00"
    }
  ],
  "word_segments": [
    {
      "word": "Senator",
      "start": 1.73,
      "end": 2.05,
      "score": 0.519,
      "speaker": "SPEAKER_00"
    },
    {
      "word": "Kamala",
      "start": 2.071,
      "end": 2.411,
      "score": 0.558,
      "speaker": "SPEAKER_00"
    },
    {
      "word": "Harris.",
      "start": 2.431,
      "end": 2.711,
      "score": 0.612,
      "speaker": "SPEAKER_00"
    },
    {
      "word": "Thank",
      "start": 3.793,
      "end": 3.993,
      "score": 0.893,
      "speaker": "SPEAKER_00"
    },
    {
      "word": "you.",
      "start": 4.013,
      "end": 4.073,
      "score": 0.225,
      "speaker": "SPEAKER_00"
    },
    {
      "word": "It's",
      "start": 4.113,
      "end": 4.193,
      "score": 0.497,
      "speaker": "SPEAKER_00"
    },
    {
      "word": "great",
      "start": 4.213,
      "end": 4.393,
      "score": 0.777,
      "speaker": "SPEAKER_00"
    },
    {
      "word": "to",
      "start": 4.413,
      "end": 4.453,
      "score": 0.996,
      "speaker": "SPEAKER_00"
    },
    {
      "word": "be",
      "start": 4.493,
      "end": 4.573,
      "score": 0.938,
      "speaker": "SPEAKER_00"
    },
    {
      "word": "back",
      "start": 4.613,
      "end": 4.794,
      "score": 0.99,
      "speaker": "SPEAKER_00"
    },
    {
      "word": "at",
      "start": 4.854,
      "end": 4.934,
      "score": 0.663,
      "speaker": "SPEAKER_00"
    },
    {
      "word": "TSU.",
      "start": 4.954,
      "end": 5.555,
      "score": 0.771,
      "speaker": "SPEAKER_00"
    },
    {
      "word": "So",
      "start": 5.775,
      "end": 5.915,
      "score": 0.884,
      "speaker": "SPEAKER_00"
    },
    {
      "word": "I",
      "start": 5.955,
      "end": 6.055,
      "score": 0.961,
      "speaker": "SPEAKER_00"
    },
    {
      "word": "plan",
      "start": 6.095,
      "end": 6.275,
      "score": 0.781,
      "speaker": "SPEAKER_00"
    },
    {
      "word": "on",
      "start": 6.315,
      "end": 6.416,
      "score": 0.525,
      "speaker": "SPEAKER_00"
    },
    {
      "word": "spending",
      "start": 6.476,
      "end": 6.776,
      "score": 0.979,
      "speaker": "SPEAKER_00"
    },
    {
      "word": "tonight",
      "start": 6.816,
      "end": 7.156,
      "score": 0.838,
      "speaker": "SPEAKER_00"
    },
    {
      "word": "talking",
      "start": 7.237,
      "end": 7.777,
      "score": 0.919,
      "speaker": "SPEAKER_00"
    },
    {
      "word": "with",
      "start": 8.358,
      "end": 8.498,
      "score": 0.808,
      "speaker": "SPEAKER_00"
    },
    {
      "word": "you",
      "start": 8.538,
      "end": 8.678,
      "score": 0.806,
      "speaker": "SPEAKER_00"
    },
    {
      "word": "about",
      "start": 8.718,
      "end": 8.918,
      "score": 0.916,
      "speaker": "SPEAKER_00"
    },
    {
      "word": "my",
      "start": 8.959,
      "end": 9.099,
      "score": 0.802,
      "speaker": "SPEAKER_00"
    },
    {
      "word": "plans",
      "start": 9.159,
      "end": 9.579,
      "score": 0.858,
      "speaker": "SPEAKER_00"
    },
    {
      "word": "to",
      "start": 9.679,
      "end": 9.779,
      "score": 0.869,
      "speaker": "SPEAKER_00"
    },
    {
      "word": "address",
      "start": 9.82,
      "end": 10.18,
      "score": 0.851,
      "speaker": "SPEAKER_00"
    },
    {
      "word": "the",
      "start": 10.38,
      "end": 10.52,
      "score": 0.993,
      "speaker": "SPEAKER_00"
    },
    {
      "word": "problems",
      "start": 10.64,
      "end": 11.081,
      "score": 0.809,
      "speaker": "SPEAKER_00"
    },
    {
      "word": "that",
      "start": 11.101,
      "end": 11.201,
      "score": 0.469,
      "speaker": "SPEAKER_00"
    },
    {
      "word": "keep",
      "start": 11.241,
      "end": 11.421,
      "score": 0.922,
      "speaker": "SPEAKER_00"
    },
    {
      "word": "you",
      "start": 11.441,
      "end": 11.542,
      "score": 0.925,
      "speaker": "SPEAKER_00"
    },
    {
      "word": "up",
      "start": 11.582,
      "end": 11.702,
      "score": 0.851,
      "speaker": "SPEAKER_00"
    },
    {
      "word": "at",
      "start": 11.762,
      "end": 11.842,
      "score": 0.969,
      "speaker": "SPEAKER_00"
    },
    {
      "word": "night.",
      "start": 11.902,
      "end": 12.142,
      "score": 0.83,
      "speaker": "SPEAKER_00"
    },
    {
      "word": "But",
      "start": 12.743,
      "end": 12.883,
      "score": 0.902,
      "speaker": "SPEAKER_00"
    },
    {
      "word": "first,",
      "start": 12.923,
      "end": 13.163,
      "score": 0.589,
      "speaker": "SPEAKER_00"
    },
    {
      "word": "I",
      "start": 13.183,
      "end": 13.203,
      "score": 0.336,
      "speaker": "SPEAKER_00"
    },
    {
      "word": "have",
      "start": 13.244,
      "end": 13.404,
      "score": 0.821,
      "speaker": "SPEAKER_00"
    },
    {
      "word": "a",
      "start": 13.444,
      "end": 13.484,
      "score": 0.497,
      "speaker": "SPEAKER_00"
    },
    {
      "word": "few",
      "start": 13.544,
      "end": 13.684,
      "score": 0.843,
      "speaker": "SPEAKER_00"
    },
    {
      "word": "words",
      "start": 13.724,
      "end": 13.924,
      "score": 0.836,
      "speaker": "SPEAKER_00"
    },
    {
      "word": "for",
      "start": 13.964,
      "end": 14.105,
      "score": 0.865,
      "speaker": "SPEAKER_00"
    },
    {
      "word": "Donald",
      "start": 14.165,
      "end": 14.485,
      "score": 0.804,
      "speaker": "SPEAKER_00"
    },
    {
      "word": "Trump,",
      "start": 14.525,
      "end": 14.805,
      "score": 0.827,
      "speaker": "SPEAKER_00"
    },
    {
      "word": "who",
      "start": 15.366,
      "end": 15.506,
      "score": 0.646,
      "speaker": "SPEAKER_00"
    },
    {
      "word": "we",
      "start": 15.526,
      "end": 15.646,
      "score": 0.861,
      "speaker": "SPEAKER_00"
    },
    {
      "word": "all",
      "start": 15.686,
      "end": 15.827,
      "score": 0.901,
      "speaker": "SPEAKER_00"
    },
    {
      "word": "know",
      "start": 15.867,
      "end": 15.987,
      "score": 0.871,
      "speaker": "SPEAKER_00"
    },
    {
      "word": "is",
      "start": 16.047,
      "end": 16.127,
      "score": 0.688,
      "speaker": "SPEAKER_00"
    },
    {
      "word": "watching.",
      "start": 16.167,
      "end": 16.547,
      "score": 0.876,
      "speaker": "SPEAKER_00"
    },
    {
      "word": "So",
      "start": 17.406,
      "end": 17.546,
      "score": 0.889,
      "speaker": "SPEAKER_00"
    },
    {
      "word": "President",
      "start": 17.606,
      "end": 18.086,
      "score": 0.655,
      "speaker": "SPEAKER_00"
    },
    {
      "word": "Trump,",
      "start": 18.126,
      "end": 18.467,
      "score": 0.879,
      "speaker": "SPEAKER_00"
    },
    {
      "word": "you",
      "start": 19.227,
      "end": 19.447,
      "score": 0.839,
      "speaker": "SPEAKER_00"
    },
    {
      "word": "spent",
      "start": 19.487,
      "end": 19.768,
      "score": 0.635,
      "speaker": "SPEAKER_00"
    },
    {
      "word": "the",
      "start": 19.808,
      "end": 19.888,
      "score": 0.845,
      "speaker": "SPEAKER_00"
    },
    {
      "word": "last",
      "start": 19.928,
      "end": 20.248,
      "score": 0.829,
      "speaker": "SPEAKER_00"
    },
    {
      "word": "two",
      "start": 20.408,
      "end": 20.588,
      "score": 0.756,
      "speaker": "SPEAKER_00"
    },
    {
      "word": "and",
      "start": 20.648,
      "end": 20.728,
      "score": 0.839,
      "speaker": "SPEAKER_00"
    },
    {
      "word": "a",
      "start": 20.768,
      "end": 20.808,
      "score": 0.499,
      "speaker": "SPEAKER_00"
    },
    {
      "word": "half",
      "start": 20.868,
      "end": 21.108,
      "score": 0.754,
      "speaker": "SPEAKER_00"
    },
    {
      "word": "years",
      "start": 21.168,
      "end": 21.449,
      "score": 0.733,
      "speaker": "SPEAKER_00"
    },
    {
      "word": "full",
      "start": 21.589,
      "end": 21.849,
      "score": 0.927,
      "speaker": "SPEAKER_00"
    },
    {
      "word": "time",
      "start": 21.929,
      "end": 22.249,
      "score": 0.689,
      "speaker": "SPEAKER_00"
    },
    {
      "word": "trying",
      "start": 22.329,
      "end": 22.569,
      "score": 0.93,
      "speaker": "SPEAKER_00"
    },
    {
      "word": "to",
      "start": 22.609,
      "end": 22.669,
      "score": 0.752,
      "speaker": "SPEAKER_00"
    },
    {
      "word": "sow",
      "start": 22.729,
      "end": 22.949,
      "score": 0.844,
      "speaker": "SPEAKER_00"
    },
    {
      "word": "hate",
      "start": 23.03,
      "end": 23.29,
      "score": 0.777,
      "speaker": "SPEAKER_00"
    },
    {
      "word": "and",
      "start": 23.41,
      "end": 23.49,
      "score": 0.82,
      "speaker": "SPEAKER_00"
    },
    {
      "word": "division",
      "start": 23.55,
      "end": 24.03,
      "score": 0.854,
      "speaker": "SPEAKER_00"
    },
    {
      "word": "among",
      "start": 24.19,
      "end": 24.49,
      "score": 0.81,
      "speaker": "SPEAKER_00"
    },
    {
      "word": "us.",
      "start": 24.59,
      "end": 24.691,
      "score": 0.744,
      "speaker": "SPEAKER_00"
    },
    {
      "word": "And",
      "start": 25.911,
      "end": 25.991,
      "score": 0.921,
      "speaker": "SPEAKER_00"
    },
    {
      "word": "that",
      "start": 26.031,
      "end": 26.171,
      "score": 0.905,
      "speaker": "SPEAKER_00"
    },
    {
      "word": "is",
      "start": 26.232,
      "end": 26.312,
      "score": 0.513,
      "speaker": "SPEAKER_00"
    },
    {
      "word": "why",
      "start": 26.412,
      "end": 26.752,
      "score": 0.828,
      "speaker": "SPEAKER_00"
    },
    {
      "word": "we've",
      "start": 26.832,
      "end": 27.032,
      "score": 0.853,
      "speaker": "SPEAKER_00"
    },
    {
      "word": "got",
      "start": 27.052,
      "end": 27.252,
      "score": 0.718,
      "speaker": "SPEAKER_00"
    },
    {
      "word": "nothing",
      "start": 27.352,
      "end": 27.712,
      "score": 0.844,
      "speaker": "SPEAKER_00"
    },
    {
      "word": "done.",
      "start": 27.792,
      "end": 28.053,
      "score": 0.696,
      "speaker": "SPEAKER_00"
    },
    {
      "word": "You",
      "start": 28.713,
      "end": 28.853,
      "score": 0.773,
      "speaker": "SPEAKER_00"
    },
    {
      "word": "have",
      "start": 28.893,
      "end": 29.013,
      "score": 0.875,
      "speaker": "SPEAKER_00"
    },
    {
      "word": "used",
      "start": 29.153,
      "end": 29.373,
      "score": 0.672,
      "speaker": "SPEAKER_00"
    },
    {
      "word": "hate,",
      "start": 29.494,
      "end": 29.814,
      "score": 0.732,
      "speaker": "SPEAKER_00"
    },
    {
      "word": "intimidation,",
      "start": 30.214,
      "end": 31.054,
      "score": 0.854,
      "speaker": "SPEAKER_00"
    },
    {
      "word": "fear,",
      "start": 31.835,
      "end": 32.155,
      "score": 0.833,
      "speaker": "SPEAKER_00"
    },
    {
      "word": "and",
      "start": 32.716,
      "end": 32.796,
      "score": 0.969,
      "speaker": "SPEAKER_00"
    },
    {
      "word": "over",
      "start": 32.916,
      "end": 34.036,
      "score": 0.852,
      "speaker": "SPEAKER_00"
    },
    {
      "word": "12,000"
    },
    {
      "word": "lies",
      "start": 34.096,
      "end": 34.497,
      "score": 0.872,
      "speaker": "SPEAKER_00"
    },
    {
      "word": "as",
      "start": 34.517,
      "end": 34.557,
      "score": 0.0,
      "speaker": "SPEAKER_00"
    },
    {
      "word": "a",
      "start": 34.657,
      "end": 34.737,
      "score": 0.112,
      "speaker": "SPEAKER_00"
    },
    {
      "word": "way",
      "start": 34.857,
      "end": 35.037,
      "score": 0.92,
      "speaker": "SPEAKER_00"
    },
    {
      "word": "to",
      "start": 35.077,
      "end": 35.157,
      "score": 0.776,
      "speaker": "SPEAKER_00"
    },
    {
      "word": "distract",
      "start": 35.217,
      "end": 35.897,
      "score": 0.817,
      "speaker": "SPEAKER_00"
    },
    {
      "word": "from",
      "start": 36.318,
      "end": 36.478,
      "score": 0.749,
      "speaker": "SPEAKER_00"
    },
    {
      "word": "your",
      "start": 36.498,
      "end": 36.678,
      "score": 0.789,
      "speaker": "SPEAKER_00"
    },
    {
      "word": "failed",
      "start": 36.798,
      "end": 37.158,
      "score": 0.847,
      "speaker": "SPEAKER_00"
    },
    {
      "word": "policies",
      "start": 37.258,
      "end": 37.919,
      "score": 0.798,
      "speaker": "SPEAKER_00"
    },
    {
      "word": "and",
      "start": 38.079,
      "end": 38.179,
      "score": 0.793,
      "speaker": "SPEAKER_00"
    },
    {
      "word": "your",
      "start": 38.199,
      "end": 38.359,
      "score": 0.68,
      "speaker": "SPEAKER_00"
    },
    {
      "word": "broken",
      "start": 38.399,
      "end": 38.739,
      "score": 0.982,
      "speaker": "SPEAKER_00"
    },
    {
      "word": "promises.",
      "start": 38.799,
      "end": 39.38,
      "score": 0.839,
      "speaker": "SPEAKER_00"
    },
    {
      "word": "The",
      "start": 40.06,
      "end": 40.16,
      "score": 0.78,
      "speaker": "SPEAKER_00"
    },
    {
      "word": "only",
      "start": 40.28,
      "end": 40.48,
      "score": 0.672,
      "speaker": "SPEAKER_00"
    },
    {
      "word": "reason",
      "start": 40.54,
      "end": 40.82,
      "score": 0.775,
      "speaker": "SPEAKER_00"
    },
    {
      "word": "you've",
      "start": 40.86,
      "end": 41.061,
      "score": 0.843,
      "speaker": "SPEAKER_00"
    },
    {
      "word": "not",
      "start": 41.101,
      "end": 41.261,
      "score": 0.756,
      "speaker": "SPEAKER_00"
    },
    {
      "word": "been",
      "start": 41.321,
      "end": 41.481,
      "score": 0.932,
      "speaker": "SPEAKER_00"
    },
    {
      "word": "indicted",
      "start": 41.541,
      "end": 42.041,
      "score": 0.778,
      "speaker": "SPEAKER_00"
    },
    {
      "word": "is",
      "start": 42.261,
      "end": 42.361,
      "score": 0.808,
      "speaker": "SPEAKER_00"
    },
    {
      "word": "because",
      "start": 42.421,
      "end": 42.741,
      "score": 0.791,
      "speaker": "SPEAKER_00"
    },
    {
      "word": "there",
      "start": 42.802,
      "end": 43.002,
      "score": 0.717,
      "speaker": "SPEAKER_00"
    },
    {
      "word": "was",
      "start": 43.062,
      "end": 43.322,
      "score": 0.777,
      "speaker": "SPEAKER_00"
    },
    {
      "word": "a",
      "start": 43.342,
      "end": 43.362,
      "score": 0.0,
      "speaker": "SPEAKER_00"
    },
    {
      "word": "memo",
      "start": 43.642,
      "end": 43.942,
      "score": 0.99,
      "speaker": "SPEAKER_00"
    },
    {
      "word": "in",
      "start": 43.982,
      "end": 44.042,
      "score": 0.748,
      "speaker": "SPEAKER_00"
    },
    {
      "word": "the",
      "start": 44.082,
      "end": 44.142,
      "score": 0.998,
      "speaker": "SPEAKER_00"
    },
    {
      "word": "Department",
      "start": 44.182,
      "end": 44.682,
      "score": 0.852,
      "speaker": "SPEAKER_00"
    },
    {
      "word": "of",
      "start": 44.703,
      "end": 44.763,
      "score": 0.758,
      "speaker": "SPEAKER_00"
    },
    {
      "word": "Justice",
      "start": 44.823,
      "end": 45.223,
      "score": 0.869,
      "speaker": "SPEAKER_00"
    },
    {
      "word": "that",
      "start": 45.263,
      "end": 45.403,
      "score": 0.807,
      "speaker": "SPEAKER_00"
    },
    {
      "word": "says",
      "start": 45.423,
      "end": 45.623,
      "score": 0.727,
      "speaker": "SPEAKER_00"
    },
    {
      "word": "a",
      "start": 45.723,
      "end": 45.763,
      "score": 0.526,
      "speaker": "SPEAKER_00"
    },
    {
      "word": "sitting",
      "start": 45.823,
      "end": 46.083,
      "score": 0.904,
      "speaker": "SPEAKER_00"
    },
    {
      "word": "president",
      "start": 46.143,
      "end": 46.583,
      "score": 0.891,
      "speaker": "SPEAKER_00"
    },
    {
      "word": "cannot",
      "start": 46.864,
      "end": 47.204,
      "score": 0.977,
      "speaker": "SPEAKER_00"
    },
    {
      "word": "be",
      "start": 47.264,
      "end": 47.384,
      "score": 0.688,
      "speaker": "SPEAKER_00"
    },
    {
      "word": "charged",
      "start": 47.444,
      "end": 47.904,
      "score": 0.821,
      "speaker": "SPEAKER_00"
    },
    {
      "word": "with",
      "start": 47.984,
      "end": 48.104,
      "score": 0.899,
      "speaker": "SPEAKER_00"
    },
    {
      "word": "a",
      "start": 48.144,
      "end": 48.184,
      "score": 0.497,
      "speaker": "SPEAKER_00"
    },
    {
      "word": "crime.",
      "start": 48.224,
      "end": 48.605,
      "score": 0.8,
      "speaker": "SPEAKER_00"
    },
    {
      "word": "But",
      "start": 49.285,
      "end": 49.445,
      "score": 0.799,
      "speaker": "SPEAKER_00"
    },
    {
      "word": "here's",
      "start": 49.545,
      "end": 49.805,
      "score": 0.811,
      "speaker": "SPEAKER_00"
    },
    {
      "word": "what",
      "start": 49.825,
      "end": 49.985,
      "score": 0.774,
      "speaker": "SPEAKER_00"
    },
    {
      "word": "you",
      "start": 50.005,
      "end": 50.145,
      "score": 0.866,
      "speaker": "SPEAKER_00"
    },
    {
      "word": "don't",
      "start": 50.205,
      "end": 50.426,
      "score": 0.683,
      "speaker": "SPEAKER_00"
    },
    {
      "word": "get.",
      "start": 50.466,
      "end": 50.706,
      "score": 0.506,
      "speaker": "SPEAKER_00"
    },
    {
      "word": "What",
      "start": 51.586,
      "end": 51.726,
      "score": 0.957,
      "speaker": "SPEAKER_00"
    },
    {
      "word": "you",
      "start": 51.806,
      "end": 52.006,
      "score": 0.799,
      "speaker": "SPEAKER_00"
    },
    {
      "word": "don't",
      "start": 52.046,
      "end": 52.266,
      "score": 0.529,
      "speaker": "SPEAKER_00"
    },
    {
      "word": "get",
      "start": 52.307,
      "end": 52.547,
      "score": 0.531,
      "speaker": "SPEAKER_00"
    },
    {
      "word": "is",
      "start": 52.907,
      "end": 52.987,
      "score": 0.734,
      "speaker": "SPEAKER_00"
    },
    {
      "word": "that",
      "start": 53.027,
      "end": 53.167,
      "score": 0.942,
      "speaker": "SPEAKER_00"
    },
    {
      "word": "the",
      "start": 53.207,
      "end": 53.327,
      "score": 0.708,
      "speaker": "SPEAKER_00"
    },
    {
      "word": "American",
      "start": 53.407,
      "end": 54.027,
      "score": 0.802,
      "speaker": "SPEAKER_00"
    },
    {
      "word": "people",
      "start": 54.087,
      "end": 54.428,
      "score": 0.863,
      "speaker": "SPEAKER_00"
    },
    {
      "word": "are",
      "start": 55.268,
      "end": 55.388,
      "score": 0.677,
      "speaker": "SPEAKER_00"
    },
    {
      "word": "so",
      "start": 55.528,
      "end": 55.688,
      "score": 0.901,
      "speaker": "SPEAKER_00"
    },
    {
      "word": "much",
      "start": 55.768,
      "end": 55.948,
      "score": 0.833,
      "speaker": "SPEAKER_00"
    },
    {
      "word": "better",
      "start": 56.069,
      "end": 56.329,
      "score": 0.892,
      "speaker": "SPEAKER_00"
    },
    {
      "word": "than",
      "start": 56.369,
      "end": 56.509,
      "score": 0.807,
      "speaker": "SPEAKER_00"
    },
    {
      "word": "this.",
      "start": 56.569,
      "end": 56.809,
      "score": 0.734,
      "speaker": "SPEAKER_00"
    },
    {
      "word": "And",
      "start": 57.349,
      "end": 57.449,
      "score": 0.785,
      "speaker": "SPEAKER_00"
    },
    {
      "word": "we",
      "start": 57.569,
      "end": 57.789,
      "score": 0.85,
      "speaker": "SPEAKER_00"
    },
    {
      "word": "know",
      "start": 57.85,
      "end": 58.01,
      "score": 0.808,
      "speaker": "SPEAKER_00"
    },
    {
      "word": "that",
      "start": 58.07,
      "end": 58.19,
      "score": 0.819,
      "speaker": "SPEAKER_00"
    },
    {
      "word": "the",
      "start": 58.23,
      "end": 58.31,
      "score": 0.963,
      "speaker": "SPEAKER_00"
    },
    {
      "word": "vast",
      "start": 58.41,
      "end": 58.71,
      "score": 0.833,
      "speaker": "SPEAKER_00"
    },
    {
      "word": "majority",
      "start": 58.77,
      "end": 59.19,
      "score": 0.786,
      "speaker": "SPEAKER_00"
    },
    {
      "word": "of",
      "start": 59.23,
      "end": 59.27,
      "score": 1.0,
      "speaker": "SPEAKER_00"
    },
    {
      "word": "us",
      "start": 59.37,
      "end": 59.45,
      "score": 0.744,
      "speaker": "SPEAKER_00"
    },
    {
      "word": "have",
      "start": 59.51,
      "end": 59.671,
      "score": 0.771,
      "speaker": "SPEAKER_00"
    },
    {
      "word": "so",
      "start": 59.831,
      "end": 60.011,
      "score": 0.887,
      "speaker": "SPEAKER_00"
    },
    {
      "word": "much",
      "start": 60.051,
      "end": 60.231,
      "score": 0.69,
      "speaker": "SPEAKER_00"
    },
    {
      "word": "more",
      "start": 60.291,
      "end": 60.451,
      "score": 0.747,
      "speaker": "SPEAKER_00"
    },
    {
      "word": "in",
      "start": 60.491,
      "end": 60.551,
      "score": 0.793,
      "speaker": "SPEAKER_00"
    },
    {
      "word": "common",
      "start": 60.591,
      "end": 60.891,
      "score": 0.908,
      "speaker": "SPEAKER_00"
    },
    {
      "word": "than",
      "start": 60.931,
      "end": 61.031,
      "score": 0.878,
      "speaker": "SPEAKER_00"
    },
    {
      "word": "what",
      "start": 61.051,
      "end": 61.211,
      "score": 0.856,
      "speaker": "SPEAKER_00"
    },
    {
      "word": "separates",
      "start": 61.271,
      "end": 61.732,
      "score": 0.851,
      "speaker": "SPEAKER_00"
    },
    {
      "word": "us,",
      "start": 61.812,
      "end": 61.912,
      "score": 0.694,
      "speaker": "SPEAKER_00"
    },
    {
      "word": "regardless",
      "start": 62.192,
      "end": 62.692,
      "score": 0.808,
      "speaker": "SPEAKER_00"
    },
    {
      "word": "of",
      "start": 62.732,
      "end": 62.792,
      "score": 0.75,
      "speaker": "SPEAKER_00"
    },
    {
      "word": "our",
      "start": 62.852,
      "end": 62.972,
      "score": 0.707,
      "speaker": "SPEAKER_00"
    },
    {
      "word": "race,",
      "start": 63.072,
      "end": 63.373,
      "score": 0.915,
      "speaker": "SPEAKER_00"
    },
    {
      "word": "where",
      "start": 63.693,
      "end": 63.913,
      "score": 0.766,
      "speaker": "SPEAKER_00"
    },
    {
      "word": "we",
      "start": 63.953,
      "end": 64.073,
      "score": 0.696,
      "speaker": "SPEAKER_00"
    },
    {
      "word": "live,",
      "start": 64.133,
      "end": 64.373,
      "score": 0.85,
      "speaker": "SPEAKER_00"
    },
    {
      "word": "or",
      "start": 64.493,
      "end": 64.573,
      "score": 0.79,
      "speaker": "SPEAKER_00"
    },
    {
      "word": "the",
      "start": 64.593,
      "end": 64.693,
      "score": 0.855,
      "speaker": "SPEAKER_00"
    },
    {
      "word": "party",
      "start": 64.753,
      "end": 65.054,
      "score": 0.86,
      "speaker": "SPEAKER_00"
    },
    {
      "word": "with",
      "start": 65.074,
      "end": 65.194,
      "score": 0.922,
      "speaker": "SPEAKER_00"
    },
    {
      "word": "which",
      "start": 65.234,
      "end": 65.394,
      "score": 0.846,
      "speaker": "SPEAKER_00"
    },
    {
      "word": "we're",
      "start": 65.414,
      "end": 65.574,
      "score": 0.68,
      "speaker": "SPEAKER_00"
    },
    {
      "word": "registered",
      "start": 65.594,
      "end": 66.034,
      "score": 0.758,
      "speaker": "SPEAKER_00"
    },
    {
      "word": "to",
      "start": 66.054,
      "end": 66.134,
      "score": 0.62,
      "speaker": "SPEAKER_00"
    },
    {
      "word": "vote.",
      "start": 66.174,
      "end": 66.394,
      "score": 0.884,
      "speaker": "SPEAKER_00"
    },
    {
      "word": "And",
      "start": 66.654,
      "end": 66.754,
      "score": 0.9,
      "speaker": "SPEAKER_00"
    },
    {
      "word": "I",
      "start": 66.835,
      "end": 66.915,
      "score": 0.993,
      "speaker": "SPEAKER_00"
    },
    {
      "word": "plan",
      "start": 66.955,
      "end": 67.175,
      "score": 0.727,
      "speaker": "SPEAKER_00"
    },
    {
      "word": "on",
      "start": 67.235,
      "end": 67.315,
      "score": 0.834,
      "speaker": "SPEAKER_00"
    },
    {
      "word": "focusing",
      "start": 67.395,
      "end": 67.895,
      "score": 0.886,
      "speaker": "SPEAKER_00"
    },
    {
      "word": "on",
      "start": 67.955,
      "end": 68.035,
      "score": 0.888,
      "speaker": "SPEAKER_00"
    },
    {
      "word": "our",
      "start": 68.095,
      "end": 68.215,
      "score": 0.631,
      "speaker": "SPEAKER_00"
    },
    {
      "word": "common",
      "start": 68.255,
      "end": 68.636,
      "score": 0.951,
      "speaker": "SPEAKER_00"
    },
    {
      "word": "issues,",
      "start": 68.696,
      "end": 68.996,
      "score": 0.858,
      "speaker": "SPEAKER_00"
    },
    {
      "word": "our",
      "start": 69.276,
      "end": 69.356,
      "score": 0.861,
      "speaker": "SPEAKER_00"
    },
    {
      "word": "common",
      "start": 69.416,
      "end": 69.756,
      "score": 0.93,
      "speaker": "SPEAKER_00"
    },
    {
      "word": "hopes",
      "start": 69.796,
      "end": 70.016,
      "score": 0.867,
      "speaker": "SPEAKER_00"
    },
    {
      "word": "and",
      "start": 70.076,
      "end": 70.156,
      "score": 0.85,
      "speaker": "SPEAKER_00"
    },
    {
      "word": "desires,",
      "start": 70.196,
      "end": 70.717,
      "score": 0.913,
      "speaker": "SPEAKER_00"
    },
    {
      "word": "and",
      "start": 71.057,
      "end": 71.157,
      "score": 0.784,
      "speaker": "SPEAKER_00"
    },
    {
      "word": "in",
      "start": 71.197,
      "end": 71.257,
      "score": 0.769,
      "speaker": "SPEAKER_00"
    },
    {
      "word": "that",
      "start": 71.317,
      "end": 71.457,
      "score": 0.888,
      "speaker": "SPEAKER_00"
    },
    {
      "word": "way",
      "start": 71.517,
      "end": 71.637,
      "score": 0.705,
      "speaker": "SPEAKER_00"
    },
    {
      "word": "unifying",
      "start": 71.777,
      "end": 72.318,
      "score": 0.759,
      "speaker": "SPEAKER_00"
    },
    {
      "word": "our",
      "start": 72.418,
      "end": 72.518,
      "score": 0.97,
      "speaker": "SPEAKER_00"
    },
    {
      "word": "country,",
      "start": 72.598,
      "end": 72.998,
      "score": 0.811,
      "speaker": "SPEAKER_00"
    },
    {
      "word": "winning",
      "start": 73.378,
      "end": 73.698,
      "score": 0.918,
      "speaker": "SPEAKER_00"
    },
    {
      "word": "this",
      "start": 73.738,
      "end": 73.918,
      "score": 0.854,
      "speaker": "SPEAKER_00"
    },
    {
      "word": "election,",
      "start": 73.999,
      "end": 74.479,
      "score": 0.793,
      "speaker": "SPEAKER_00"
    },
    {
      "word": "and",
      "start": 74.859,
      "end": 74.939,
      "score": 0.867,
      "speaker": "SPEAKER_00"
    },
    {
      "word": "turning",
      "start": 75.019,
      "end": 75.339,
      "score": 0.898,
      "speaker": "SPEAKER_00"
    },
    {
      "word": "the",
      "start": 75.399,
      "end": 75.479,
      "score": 0.891,
      "speaker": "SPEAKER_00"
    },
    {
      "word": "page",
      "start": 75.539,
      "end": 75.8,
      "score": 0.94,
      "speaker": "SPEAKER_00"
    },
    {
      "word": "for",
      "start": 75.86,
      "end": 76.0,
      "score": 0.671,
      "speaker": "SPEAKER_00"
    },
    {
      "word": "America.",
      "start": 76.06,
      "end": 76.54,
      "score": 0.808,
      "speaker": "SPEAKER_00"
    },
    {
      "word": "And",
      "start": 77.42,
      "end": 77.52,
      "score": 0.742,
      "speaker": "SPEAKER_00"
    },
    {
      "word": "now,",
      "start": 77.54,
      "end": 77.701,
      "score": 0.839,
      "speaker": "SPEAKER_00"
    },
    {
      "word": "President",
      "start": 77.761,
      "end": 78.121,
      "score": 0.683,
      "speaker": "SPEAKER_00"
    },
    {
      "word": "Trump,",
      "start": 78.141,
      "end": 78.361,
      "score": 0.828,
      "speaker": "SPEAKER_00"
    },
    {
      "word": "you",
      "start": 78.381,
      "end": 78.461,
      "score": 0.838,
      "speaker": "SPEAKER_00"
    },
    {
      "word": "can",
      "start": 78.481,
      "end": 78.581,
      "score": 0.87,
      "speaker": "SPEAKER_00"
    },
    {
      "word": "go",
      "start": 78.601,
      "end": 78.681,
      "score": 0.998,
      "speaker": "SPEAKER_00"
    },
    {
      "word": "back",
      "start": 78.721,
      "end": 78.861,
      "score": 0.638,
      "speaker": "SPEAKER_00"
    },
    {
      "word": "to",
      "start": 78.901,
      "end": 78.961,
      "score": 0.912,
      "speaker": "SPEAKER_00"
    },
    {
      "word": "watching",
      "start": 79.001,
      "end": 79.321,
      "score": 0.677,
      "speaker": "SPEAKER_00"
    },
    {
      "word": "Fox",
      "start": 79.341,
      "end": 79.622,
      "score": 0.965,
      "speaker": "SPEAKER_00"
    },
    {
      "word": "News.",
      "start": 79.682,
      "end": 79.882,
      "score": 0.846,
      "speaker": "SPEAKER_00"
    }
  ],
  "language": "en"
}