{
  "segments": [
    {
      "start": 40.828,
      "end": 46.173,
      "text": " You can use this tool to basically search through your transcripts because it gives you automatic transcription.",
      "words": [
        {
          "word": "You",
          "start": 40.828,
          "end": 40.888,
          "score": 0.0,
          "speaker": "SPEAKER_01"
        },
        {
          "word": "can",
          "start": 40.908,
          "end": 41.008,
          "score": 0.383,
          "speaker": "SPEAKER_01"
        },
        {
          "word": "use",
          "start": 41.068,
          "end": 41.168,
          "score": 0.701,
          "speaker": "SPEAKER_01"
        },
        {
          "word": "this",
          "start": 41.208,
          "end": 41.328,
          "score": 0.482,
          "speaker": "SPEAKER_01"
        },
        {
          "word": "tool",
          "start": 41.388,
          "end": 41.789,
          "score": 0.865,
          "speaker": "SPEAKER_01"
        },
        {
          "word": "to",
          "start": 41.909,
          "end": 42.209,
          "score": 0.878,
          "speaker": "SPEAKER_01"
        },
        {
          "word": "basically",
          "start": 42.309,
          "end": 42.93,
          "score": 0.768,
          "speaker": "SPEAKER_01"
        },
        {
          "word": "search",
          "start": 42.97,
          "end": 43.25,
          "score": 0.829,
          "speaker": "SPEAKER_01"
        },
        {
          "word": "through",
          "start": 43.31,
          "end": 43.771,
          "score": 0.714,
          "speaker": "SPEAKER_01"
        },
        {
          "word": "your",
          "start": 43.871,
          "end": 44.011,
          "score": 0.949,
          "speaker": "SPEAKER_01"
        },
        {
          "word": "transcripts",
          "start": 44.051,
          "end": 44.511,
          "score": 0.718,
          "speaker": "SPEAKER_01"
        },
        {
          "word": "because",
          "start": 44.531,
          "end": 44.711,
          "score": 0.382,
          "speaker": "SPEAKER_01"
        },
        {
          "word": "it",
          "start": 44.771,
          "end": 44.851,
          "score": 0.5,
          "speaker": "SPEAKER_01"
        },
        {
          "word": "gives",
          "start": 44.891,
          "end": 45.032,
          "score": 0.647,
          "speaker": "SPEAKER_01"
        },
        {
          "word": "you",
          "start": 45.052,
          "end": 45.132,
          "score": 0.149,
          "speaker": "SPEAKER_01"
        },
        {
          "word": "automatic",
          "start": 45.192,
          "end": 45.552,
          "score": 0.929,
          "speaker": "SPEAKER_01"
        },
        {
          "word": "transcription.",
          "start": 45.592,
          "end": 46.173,
          "score": 0.846,
          "speaker": "SPEAKER_01"
        }
      ],
      "speaker": "SPEAKER_01"
    },
    {
      "start": 49.856,
      "end": 67.231,
      "text": "Already seeing some users from American newsrooms and Swedish newsrooms picking it up and actually contributing to what we're doing.",
      "words": [
        {
          "word": "Already",
          "start": 49.856,
          "end": 57.442,
          "score": 0.725,
          "speaker": "SPEAKER_00"
        },
        {
          "word": "seeing",
          "start": 57.482,
          "end": 57.783,
          "score": 0.937,
          "speaker": "SPEAKER_00"
        },
        {
          "word": "some",
          "start": 57.843,
          "end": 58.183,
          "score": 0.905,
          "speaker": "SPEAKER_01"
        },
        {
          "word": "users",
          "start": 58.904,
          "end": 59.344,
          "score": 0.823,
          "speaker": "SPEAKER_01"
        },
        {
          "word": "from",
          "start": 59.544,
          "end": 59.964,
          "score": 0.784,
          "speaker": "SPEAKER_01"
        },
        {
          "word": "American",
          "start": 60.885,
          "end": 61.326,
          "score": 0.82,
          "speaker": "SPEAKER_01"
        },
        {
          "word": "newsrooms",
          "start": 61.346,
          "end": 61.906,
          "score": 0.63,
          "speaker": "SPEAKER_01"
        },
        {
          "word": "and",
          "start": 62.226,
          "end": 62.447,
          "score": 0.853,
          "speaker": "SPEAKER_01"
        },
        {
          "word": "Swedish",
          "start": 62.587,
          "end": 62.927,
          "score": 0.798,
          "speaker": "SPEAKER_01"
        },
        {
          "word": "newsrooms",
          "start": 63.067,
          "end": 63.588,
          "score": 0.612,
          "speaker": "SPEAKER_01"
        },
        {
          "word": "picking",
          "start": 63.708,
          "end": 63.988,
          "score": 0.861,
          "speaker": "SPEAKER_01"
        },
        {
          "word": "it",
          "start": 64.028,
          "end": 64.068,
          "score": 0.972,
          "speaker": "SPEAKER_01"
        },
        {
          "word": "up",
          "start": 64.228,
          "end": 64.328,
          "score": 0.968,
          "speaker": "SPEAKER_01"
        },
        {
          "word": "and",
          "start": 64.428,
          "end": 64.528,
          "score": 0.812,
          "speaker": "SPEAKER_01"
        },
        {
          "word": "actually",
          "start": 65.209,
          "end": 65.489,
          "score": 0.88,
          "speaker": "SPEAKER_01"
        },
        {
          "word": "contributing",
          "start": 65.529,
          "end": 66.15,
          "score": 0.878,
          "speaker": "SPEAKER_01"
        },
        {
          "word": "to",
          "start": 66.23,
          "end": 66.47,
          "score": 0.924,
          "speaker": "SPEAKER_01"
        },
        {
          "word": "what",
          "start": 66.73,
          "end": 66.85,
          "score": 0.771,
          "speaker": "SPEAKER_01"
        },
        {
          "word": "we're",
          "start": 66.87,
          "end": 67.011,
          "score": 0.758,
          "speaker": "SPEAKER_01"
        },
        {
          "word": "doing.",
          "start": 67.031,
          "end": 67.231,
          "score": 0.94,
          "speaker": "SPEAKER_01"
        }
      ],
      "speaker": "SPEAKER_01"
    }
  ],
  "word_segments": [
    {
      "word": "You",
      "start": 40.828,
      "end": 40.888,
      "score": 0.0,
      "speaker": "SPEAKER_01"
    },
    {
      "word": "can",
      "start": 40.908,
      "end": 41.008,
      "score": 0.383,
      "speaker": "SPEAKER_01"
    },
    {
      "word": "use",
      "start": 41.068,
      "end": 41.168,
      "score": 0.701,
      "speaker": "SPEAKER_01"
    },
    {
      "word": "this",
      "start": 41.208,
      "end": 41.328,
      "score": 0.482,
      "speaker": "SPEAKER_01"
    },
    {
      "word": "tool",
      "start": 41.388,
      "end": 41.789,
      "score": 0.865,
      "speaker": "SPEAKER_01"
    },
    {
      "word": "to",
      "start": 41.909,
      "end": 42.209,
      "score": 0.878,
      "speaker": "SPEAKER_01"
    },
    {
      "word": "basically",
      "start": 42.309,
      "end": 42.93,
      "score": 0.768,
      "speaker": "SPEAKER_01"
    },
    {
      "word": "search",
      "start": 42.97,
      "end": 43.25,
      "score": 0.829,
      "speaker": "SPEAKER_01"
    },
    {
      "word": "through",
      "start": 43.31,
      "end": 43.771,
      "score": 0.714,
      "speaker": "SPEAKER_01"
    },
    {
      "word": "your",
      "start": 43.871,
      "end": 44.011,
      "score": 0.949,
      "speaker": "SPEAKER_01"
    },
    {
      "word": "transcripts",
      "start": 44.051,
      "end": 44.511,
      "score": 0.718,
      "speaker": "SPEAKER_01"
    },
    {
      "word": "because",
      "start": 44.531,
      "end": 44.711,
      "score": 0.382,
      "speaker": "SPEAKER_01"
    },
    {
      "word": "it",
      "start": 44.771,
      "end": 44.851,
      "score": 0.5,
      "speaker": "SPEAKER_01"
    },
    {
      "word": "gives",
      "start": 44.891,
      "end": 45.032,
      "score": 0.647,
      "speaker": "SPEAKER_01"
    },
    {
      "word": "you",
      "start": 45.052,
      "end": 45.132,
      "score": 0.149,
      "speaker": "SPEAKER_01"
    },
    {
      "word": "automatic",
      "start": 45.192,
      "end": 45.552,
      "score": 0.929,
      "speaker": "SPEAKER_01"
    },
    {
      "word": "transcription.",
      "start": 45.592,
      "end": 46.173,
      "score": 0.846,
      "speaker": "SPEAKER_01"
    },
    {
      "word": "Already",
      "start": 49.856,
      "end": 57.442,
      "score": 0.725,
      "speaker": "SPEAKER_00"
    },
    {
      "word": "seeing",
      "start": 57.482,
      "end": 57.783,
      "score": 0.937,
      "speaker": "SPEAKER_00"
    },
    {
      "word": "some",
      "start": 57.843,
      "end": 58.183,
      "score": 0.905,
      "speaker": "SPEAKER_01"
    },
    {
      "word": "users",
      "start": 58.904,
      "end": 59.344,
      "score": 0.823,
      "speaker": "SPEAKER_01"
    },
    {
      "word": "from",
      "start": 59.544,
      "end": 59.964,
      "score": 0.784,
      "speaker": "SPEAKER_01"
    },
    {
      "word": "American",
      "start": 60.885,
      "end": 61.326,
      "score": 0.82,
      "speaker": "SPEAKER_01"
    },
    {
      "word": "newsrooms",
      "start": 61.346,
      "end": 61.906,
      "score": 0.63,
      "speaker": "SPEAKER_01"
    },
    {
      "word": "and",
      "start": 62.226,
      "end": 62.447,
      "score": 0.853,
      "speaker": "SPEAKER_01"
    },
    {
      "word": "Swedish",
      "start": 62.587,
      "end": 62.927,
      "score": 0.798,
      "speaker": "SPEAKER_01"
    },
    {
      "word": "newsrooms",
      "start": 63.067,
      "end": 63.588,
      "score": 0.612,
      "speaker": "SPEAKER_01"
    },
    {
      "word": "picking",
      "start": 63.708,
      "end": 63.988,
      "score": 0.861,
      "speaker": "SPEAKER_01"
    },
    {
      "word": "it",
      "start": 64.028,
      "end": 64.068,
      "score": 0.972,
      "speaker": "SPEAKER_01"
    },
    {
      "word": "up",
      "start": 64.228,
      "end": 64.328,
      "score": 0.968,
      "speaker": "SPEAKER_01"
    },
    {
      "word": "and",
      "start": 64.428,
      "end": 64.528,
      "score": 0.812,
      "speaker": "SPEAKER_01"
    },
    {
      "word": "actually",
      "start": 65.209,
      "end": 65.489,
      "score": 0.88,
      "speaker": "SPEAKER_01"
    },
    {
      "word": "contributing",
      "start": 65.529,
      "end": 66.15,
      "score": 0.878,
      "speaker": "SPEAKER_01"
    },
    {
      "word": "to",
      "start": 66.23,
      "end": 66.47,
      "score": 0.924,
      "speaker": "SPEAKER_01"
    },
    {
      "word": "what",
      "start": 66.73,
      "end": 66.85,
      "score": 0.771,
      "speaker": "SPEAKER_01"
    },
    {
      "word": "we're",
      "start": 66.87,
      "end": 67.011,
      "score": 0.758,
      "speaker": "SPEAKER_01"
    },
    {
      "word": "doing.",
      "start": 67.031,
      "end": 67.231,
      "score": 0.94,
      "speaker": "SPEAKER_01"
    }
  ],
  "language": "en"
}