{
  "segments": [
    {
      "start": 0.169,
      "end": 22.241,
      "text": " Now is the moment as we leave the European Union to reunite our country and allow the warmth and natural affection that we all share for our European neighbours to find renewed expression in one great new national project of building a deep, special and democratically accountable partnership with those nations we are proud to call our closest friends.",
      "words": [
        {
          "word": "Now",
          "start": 0.169,
          "end": 0.229,
          "score": 0.004,
          "speaker": "SPEAKER_00"
        },
        {
          "word": "is",
          "start": 0.269,
          "end": 0.369,
          "score": 0.564,
          "speaker": "SPEAKER_00"
        },
        {
          "word": "the",
          "start": 0.409,
          "end": 0.489,
          "score": 0.813,
          "speaker": "SPEAKER_00"
        },
        {
          "word": "moment",
          "start": 0.529,
          "end": 0.889,
          "score": 0.889,
          "speaker": "SPEAKER_00"
        },
        {
          "word": "as",
          "start": 0.97,
          "end": 1.03,
          "score": 0.997,
          "speaker": "SPEAKER_00"
        },
        {
          "word": "we",
          "start": 1.09,
          "end": 1.19,
          "score": 0.834,
          "speaker": "SPEAKER_00"
        },
        {
          "word": "leave",
          "start": 1.23,
          "end": 1.39,
          "score": 0.694,
          "speaker": "SPEAKER_00"
        },
        {
          "word": "the",
          "start": 1.41,
          "end": 1.47,
          "score": 0.962,
          "speaker": "SPEAKER_00"
        },
        {
          "word": "European",
          "start": 1.53,
          "end": 1.89,
          "score": 0.847,
          "speaker": "SPEAKER_00"
        },
        {
          "word": "Union",
          "start": 2.01,
          "end": 2.27,
          "score": 0.834,
          "speaker": "SPEAKER_00"
        },
        {
          "word": "to",
          "start": 2.55,
          "end": 2.71,
          "score": 0.874,
          "speaker": "SPEAKER_00"
        },
        {
          "word": "reunite",
          "start": 2.81,
          "end": 3.611,
          "score": 0.809,
          "speaker": "SPEAKER_00"
        },
        {
          "word": "our",
          "start": 3.871,
          "end": 3.971,
          "score": 0.743,
          "speaker": "SPEAKER_00"
        },
        {
          "word": "country",
          "start": 4.031,
          "end": 4.471,
          "score": 0.818,
          "speaker": "SPEAKER_00"
        },
        {
          "word": "and",
          "start": 4.992,
          "end": 5.092,
          "score": 0.824,
          "speaker": "SPEAKER_00"
        },
        {
          "word": "allow",
          "start": 5.152,
          "end": 5.392,
          "score": 0.95,
          "speaker": "SPEAKER_00"
        },
        {
          "word": "the",
          "start": 5.432,
          "end": 5.512,
          "score": 0.827,
          "speaker": "SPEAKER_00"
        },
        {
          "word": "warmth",
          "start": 5.552,
          "end": 5.912,
          "score": 0.828,
          "speaker": "SPEAKER_00"
        },
        {
          "word": "and",
          "start": 6.112,
          "end": 6.212,
          "score": 0.632,
          "speaker": "SPEAKER_00"
        },
        {
          "word": "natural",
          "start": 6.292,
          "end": 6.753,
          "score": 0.842,
          "speaker": "SPEAKER_00"
        },
        {
          "word": "affection",
          "start": 6.873,
          "end": 7.453,
          "score": 0.853,
          "speaker": "SPEAKER_00"
        },
        {
          "word": "that",
          "start": 7.853,
          "end": 7.973,
          "score": 0.99,
          "speaker": "SPEAKER_00"
        },
        {
          "word": "we",
          "start": 8.013,
          "end": 8.133,
          "score": 0.83,
          "speaker": "SPEAKER_00"
        },
        {
          "word": "all",
          "start": 8.213,
          "end": 8.373,
          "score": 0.848,
          "speaker": "SPEAKER_00"
        },
        {
          "word": "share",
          "start": 8.453,
          "end": 8.754,
          "score": 0.925,
          "speaker": "SPEAKER_00"
        },
        {
          "word": "for",
          "start": 8.814,
          "end": 8.954,
          "score": 0.949,
          "speaker": "SPEAKER_00"
        },
        {
          "word": "our",
          "start": 9.074,
          "end": 9.214,
          "score": 0.729,
          "speaker": "SPEAKER_00"
        },
        {
          "word": "European",
          "start": 9.554,
          "end": 9.954,
          "score": 0.842,
          "speaker": "SPEAKER_00"
        },
        {
          "word": "neighbours",
          "start": 10.014,
          "end": 10.354,
          "score": 0.783,
          "speaker": "SPEAKER_00"
        },
        {
          "word": "to",
          "start": 10.635,
          "end": 10.735,
          "score": 0.918,
          "speaker": "SPEAKER_00"
        },
        {
          "word": "find",
          "start": 10.795,
          "end": 11.035,
          "score": 0.826,
          "speaker": "SPEAKER_00"
        },
        {
          "word": "renewed",
          "start": 11.095,
          "end": 11.475,
          "score": 0.86,
          "speaker": "SPEAKER_00"
        },
        {
          "word": "expression",
          "start": 11.535,
          "end": 11.975,
          "score": 0.859,
          "speaker": "SPEAKER_00"
        },
        {
          "word": "in",
          "start": 12.075,
          "end": 12.135,
          "score": 0.994,
          "speaker": "SPEAKER_00"
        },
        {
          "word": "one",
          "start": 12.275,
          "end": 12.375,
          "score": 0.856,
          "speaker": "SPEAKER_00"
        },
        {
          "word": "great",
          "start": 12.456,
          "end": 12.676,
          "score": 0.887,
          "speaker": "SPEAKER_00"
        },
        {
          "word": "new",
          "start": 12.796,
          "end": 12.996,
          "score": 0.771,
          "speaker": "SPEAKER_00"
        },
        {
          "word": "national",
          "start": 13.296,
          "end": 13.676,
          "score": 0.894,
          "speaker": "SPEAKER_00"
        },
        {
          "word": "project",
          "start": 13.736,
          "end": 14.116,
          "score": 0.982,
          "speaker": "SPEAKER_00"
        },
        {
          "word": "of",
          "start": 14.697,
          "end": 14.777,
          "score": 0.847,
          "speaker": "SPEAKER_00"
        },
        {
          "word": "building",
          "start": 14.837,
          "end": 15.177,
          "score": 0.82,
          "speaker": "SPEAKER_00"
        },
        {
          "word": "a",
          "start": 15.217,
          "end": 15.277,
          "score": 0.382,
          "speaker": "SPEAKER_00"
        },
        {
          "word": "deep,",
          "start": 15.317,
          "end": 15.537,
          "score": 0.819,
          "speaker": "SPEAKER_00"
        },
        {
          "word": "special",
          "start": 15.897,
          "end": 16.298,
          "score": 0.891,
          "speaker": "SPEAKER_00"
        },
        {
          "word": "and",
          "start": 16.758,
          "end": 16.838,
          "score": 0.915,
          "speaker": "SPEAKER_00"
        },
        {
          "word": "democratically",
          "start": 16.898,
          "end": 17.498,
          "score": 0.833,
          "speaker": "SPEAKER_00"
        },
        {
          "word": "accountable",
          "start": 17.538,
          "end": 17.978,
          "score": 0.945,
          "speaker": "SPEAKER_00"
        },
        {
          "word": "partnership",
          "start": 18.018,
          "end": 18.519,
          "score": 0.851,
          "speaker": "SPEAKER_00"
        },
        {
          "word": "with",
          "start": 18.959,
          "end": 19.099,
          "score": 0.878,
          "speaker": "SPEAKER_00"
        },
        {
          "word": "those",
          "start": 19.139,
          "end": 19.359,
          "score": 0.817,
          "speaker": "SPEAKER_00"
        },
        {
          "word": "nations",
          "start": 19.439,
          "end": 19.759,
          "score": 0.89,
          "speaker": "SPEAKER_00"
        },
        {
          "word": "we",
          "start": 19.799,
          "end": 19.879,
          "score": 0.778,
          "speaker": "SPEAKER_00"
        },
        {
          "word": "are",
          "start": 19.919,
          "end": 20.0,
          "score": 0.997,
          "speaker": "SPEAKER_00"
        },
        {
          "word": "proud",
          "start": 20.04,
          "end": 20.4,
          "score": 0.727,
          "speaker": "SPEAKER_00"
        },
        {
          "word": "to",
          "start": 20.78,
          "end": 20.88,
          "score": 0.76,
          "speaker": "SPEAKER_00"
        },
        {
          "word": "call",
          "start": 20.9,
          "end": 21.16,
          "score": 0.874,
          "speaker": "SPEAKER_00"
        },
        {
          "word": "our",
          "start": 21.42,
          "end": 21.5,
          "score": 0.843,
          "speaker": "SPEAKER_00"
        },
        {
          "word": "closest",
          "start": 21.54,
          "end": 21.921,
          "score": 0.981,
          "speaker": "SPEAKER_00"
        },
        {
          "word": "friends.",
          "start": 21.961,
          "end": 22.241,
          "score": 0.762,
          "speaker": "SPEAKER_00"
        }
      ],
      "speaker": "SPEAKER_00"
    },
    {
      "start": 22.921,
      "end": 29.984,
      "text": " The Bill ensures that the implementation period must end on 31 December next year, with no possibility of an extension.",
      "words": [
        {
          "word": "The",
          "start": 22.921,
          "end": 23.021,
          "score": 0.931,
          "speaker": "SPEAKER_00"
        },
        {
          "word": "Bill",
          "start": 23.041,
          "end": 23.281,
          "score": 0.985,
          "speaker": "SPEAKER_00"
        },
        {
          "word": "ensures",
          "start": 23.341,
          "end": 23.881,
          "score": 0.717,
          "speaker": "SPEAKER_00"
        },
        {
          "word": "that",
          "start": 23.921,
          "end": 24.022,
          "score": 0.853,
          "speaker": "SPEAKER_00"
        },
        {
          "word": "the",
          "start": 24.042,
          "end": 24.102,
          "score": 0.999,
          "speaker": "SPEAKER_00"
        },
        {
          "word": "implementation",
          "start": 24.122,
          "end": 24.762,
          "score": 0.941,
          "speaker": "SPEAKER_00"
        },
        {
          "word": "period",
          "start": 24.802,
          "end": 25.182,
          "score": 0.794,
          "speaker": "SPEAKER_00"
        },
        {
          "word": "must",
          "start": 25.562,
          "end": 25.722,
          "score": 0.803,
          "speaker": "SPEAKER_00"
        },
        {
          "word": "end",
          "start": 25.922,
          "end": 26.102,
          "score": 0.725,
          "speaker": "SPEAKER_00"
        },
        {
          "word": "on",
          "start": 26.162,
          "end": 26.322,
          "score": 0.641,
          "speaker": "SPEAKER_00"
        },
        {
          "word": "31"
        },
        {
          "word": "December",
          "start": 26.903,
          "end": 27.223,
          "score": 0.971,
          "speaker": "SPEAKER_00"
        },
        {
          "word": "next",
          "start": 27.243,
          "end": 27.403,
          "score": 0.768,
          "speaker": "SPEAKER_00"
        },
        {
          "word": "year,",
          "start": 27.423,
          "end": 27.563,
          "score": 0.874,
          "speaker": "SPEAKER_00"
        },
        {
          "word": "with",
          "start": 27.603,
          "end": 27.743,
          "score": 0.782,
          "speaker": "SPEAKER_00"
        },
        {
          "word": "no",
          "start": 27.803,
          "end": 28.143,
          "score": 0.95,
          "speaker": "SPEAKER_00"
        },
        {
          "word": "possibility",
          "start": 28.383,
          "end": 29.224,
          "score": 0.948,
          "speaker": "SPEAKER_00"
        },
        {
          "word": "of",
          "start": 29.324,
          "end": 29.404,
          "score": 0.829,
          "speaker": "SPEAKER_00"
        },
        {
          "word": "an",
          "start": 29.424,
          "end": 29.464,
          "score": 0.932,
          "speaker": "SPEAKER_00"
        },
        {
          "word": "extension.",
          "start": 29.524,
          "end": 29.984,
          "score": 0.926,
          "speaker": "SPEAKER_00"
        }
      ],
      "speaker": "SPEAKER_00"
    },
    {
      "start": 30.824,
      "end": 39.908,
      "text": "It paves the way for a new agreement on our future relationship with our European neighbours, based on an ambitious free trade agreement.",
      "words": [
        {
          "word": "It",
          "start": 30.824,
          "end": 30.884,
          "score": 0.75,
          "speaker": "SPEAKER_00"
        },
        {
          "word": "paves",
          "start": 30.964,
          "end": 31.305,
          "score": 0.875,
          "speaker": "SPEAKER_00"
        },
        {
          "word": "the",
          "start": 31.345,
          "end": 31.445,
          "score": 0.71,
          "speaker": "SPEAKER_00"
        },
        {
          "word": "way",
          "start": 31.465,
          "end": 31.785,
          "score": 0.816,
          "speaker": "SPEAKER_00"
        },
        {
          "word": "for",
          "start": 32.225,
          "end": 32.385,
          "score": 0.843,
          "speaker": "SPEAKER_00"
        },
        {
          "word": "a",
          "start": 32.425,
          "end": 32.485,
          "score": 0.336,
          "speaker": "SPEAKER_00"
        },
        {
          "word": "new",
          "start": 32.545,
          "end": 32.745,
          "score": 0.851,
          "speaker": "SPEAKER_00"
        },
        {
          "word": "agreement",
          "start": 32.785,
          "end": 33.225,
          "score": 0.824,
          "speaker": "SPEAKER_00"
        },
        {
          "word": "on",
          "start": 33.786,
          "end": 33.866,
          "score": 0.968,
          "speaker": "SPEAKER_00"
        },
        {
          "word": "our",
          "start": 34.086,
          "end": 34.226,
          "score": 0.847,
          "speaker": "SPEAKER_00"
        },
        {
          "word": "future",
          "start": 34.366,
          "end": 34.786,
          "score": 0.708,
          "speaker": "SPEAKER_00"
        },
        {
          "word": "relationship",
          "start": 34.826,
          "end": 35.406,
          "score": 0.91,
          "speaker": "SPEAKER_00"
        },
        {
          "word": "with",
          "start": 35.746,
          "end": 35.907,
          "score": 0.861,
          "speaker": "SPEAKER_00"
        },
        {
          "word": "our",
          "start": 35.987,
          "end": 36.087,
          "score": 0.886,
          "speaker": "SPEAKER_00"
        },
        {
          "word": "European",
          "start": 36.167,
          "end": 36.627,
          "score": 0.829,
          "speaker": "SPEAKER_00"
        },
        {
          "word": "neighbours,",
          "start": 36.667,
          "end": 37.067,
          "score": 0.768,
          "speaker": "SPEAKER_00"
        },
        {
          "word": "based",
          "start": 37.147,
          "end": 37.427,
          "score": 0.909,
          "speaker": "SPEAKER_00"
        },
        {
          "word": "on",
          "start": 37.527,
          "end": 37.627,
          "score": 0.863,
          "speaker": "SPEAKER_00"
        },
        {
          "word": "an",
          "start": 37.647,
          "end": 37.687,
          "score": 0.807,
          "speaker": "SPEAKER_00"
        },
        {
          "word": "ambitious",
          "start": 37.787,
          "end": 38.228,
          "score": 0.951,
          "speaker": "SPEAKER_00"
        },
        {
          "word": "free",
          "start": 38.568,
          "end": 38.788,
          "score": 0.787,
          "speaker": "SPEAKER_00"
        },
        {
          "word": "trade",
          "start": 38.828,
          "end": 39.148,
          "score": 0.784,
          "speaker": "SPEAKER_00"
        },
        {
          "word": "agreement.",
          "start": 39.488,
          "end": 39.908,
          "score": 0.761,
          "speaker": "SPEAKER_00"
        }
      ],
      "speaker": "SPEAKER_00"
    },
    {
      "start": 40.208,
      "end": 45.951,
      "text": "Our aim is to provide a close friendship between sovereign equals",
      "words": [
        {
          "word": "Our",
          "start": 40.208,
          "end": 40.308,
          "score": 0.838,
          "speaker": "SPEAKER_00"
        },
        {
          "word": "aim",
          "start": 40.408,
          "end": 40.569,
          "score": 0.728,
          "speaker": "SPEAKER_00"
        },
        {
          "word": "is",
          "start": 40.649,
          "end": 40.769,
          "score": 0.679,
          "speaker": "SPEAKER_00"
        },
        {
          "word": "to",
          "start": 40.849,
          "end": 41.049,
          "score": 0.884,
          "speaker": "SPEAKER_00"
        },
        {
          "word": "provide",
          "start": 41.609,
          "end": 42.049,
          "score": 0.861,
          "speaker": "SPEAKER_00"
        },
        {
          "word": "a",
          "start": 42.249,
          "end": 42.369,
          "score": 0.986,
          "speaker": "SPEAKER_00"
        },
        {
          "word": "close",
          "start": 42.649,
          "end": 42.97,
          "score": 0.956,
          "speaker": "SPEAKER_00"
        },
        {
          "word": "friendship",
          "start": 43.71,
          "end": 44.13,
          "score": 0.742,
          "speaker": "SPEAKER_00"
        },
        {
          "word": "between",
          "start": 44.91,
          "end": 45.19,
          "score": 0.809,
          "speaker": "SPEAKER_00"
        },
        {
          "word": "sovereign",
          "start": 45.271,
          "end": 45.591,
          "score": 0.833,
          "speaker": "SPEAKER_00"
        },
        {
          "word": "equals",
          "start": 45.651,
          "end": 45.951,
          "score": 0.953,
          "speaker": "SPEAKER_00"
        }
      ],
      "speaker": "SPEAKER_00"
    },
    {
      "start": 47.113,
      "end": 53.379,
      "text": " to promote our common interests, inspired by pride in our European heritage and civilisation.",
      "words": [
        {
          "word": "to",
          "start": 47.113,
          "end": 47.193,
          "score": 0.895,
          "speaker": "SPEAKER_00"
        },
        {
          "word": "promote",
          "start": 47.233,
          "end": 47.533,
          "score": 0.902,
          "speaker": "SPEAKER_00"
        },
        {
          "word": "our",
          "start": 47.593,
          "end": 47.694,
          "score": 0.834,
          "speaker": "SPEAKER_00"
        },
        {
          "word": "common",
          "start": 47.734,
          "end": 47.954,
          "score": 0.867,
          "speaker": "SPEAKER_00"
        },
        {
          "word": "interests,",
          "start": 47.974,
          "end": 48.414,
          "score": 0.755,
          "speaker": "SPEAKER_00"
        },
        {
          "word": "inspired",
          "start": 49.115,
          "end": 49.655,
          "score": 0.778,
          "speaker": "SPEAKER_00"
        },
        {
          "word": "by",
          "start": 49.695,
          "end": 49.815,
          "score": 0.77,
          "speaker": "SPEAKER_00"
        },
        {
          "word": "pride",
          "start": 49.895,
          "end": 50.276,
          "score": 0.706,
          "speaker": "SPEAKER_00"
        },
        {
          "word": "in",
          "start": 50.596,
          "end": 50.656,
          "score": 0.893,
          "speaker": "SPEAKER_00"
        },
        {
          "word": "our",
          "start": 50.696,
          "end": 50.796,
          "score": 0.847,
          "speaker": "SPEAKER_00"
        },
        {
          "word": "European",
          "start": 50.856,
          "end": 51.237,
          "score": 0.858,
          "speaker": "SPEAKER_00"
        },
        {
          "word": "heritage",
          "start": 51.277,
          "end": 51.717,
          "score": 0.841,
          "speaker": "SPEAKER_00"
        },
        {
          "word": "and",
          "start": 52.157,
          "end": 52.278,
          "score": 0.676,
          "speaker": "SPEAKER_00"
        },
        {
          "word": "civilisation.",
          "start": 52.638,
          "end": 53.379,
          "score": 0.711,
          "speaker": "SPEAKER_00"
        }
      ],
      "speaker": "SPEAKER_00"
    },
    {
      "start": 53.519,
      "end": 63.127,
      "text": "I am absolutely determined that this great project will not be the project of one government or one party, but of the British nation as a whole.",
      "words": [
        {
          "word": "I",
          "start": 53.519,
          "end": 53.579,
          "score": 0.94,
          "speaker": "SPEAKER_00"
        },
        {
          "word": "am",
          "start": 53.639,
          "end": 53.699,
          "score": 0.992,
          "speaker": "SPEAKER_00"
        },
        {
          "word": "absolutely",
          "start": 53.919,
          "end": 54.419,
          "score": 0.784,
          "speaker": "SPEAKER_00"
        },
        {
          "word": "determined",
          "start": 54.439,
          "end": 54.84,
          "score": 0.805,
          "speaker": "SPEAKER_00"
        },
        {
          "word": "that",
          "start": 55.02,
          "end": 55.16,
          "score": 0.807,
          "speaker": "SPEAKER_00"
        },
        {
          "word": "this",
          "start": 55.2,
          "end": 55.38,
          "score": 0.912,
          "speaker": "SPEAKER_00"
        },
        {
          "word": "great",
          "start": 55.641,
          "end": 55.881,
          "score": 0.831,
          "speaker": "SPEAKER_00"
        },
        {
          "word": "project",
          "start": 56.081,
          "end": 56.501,
          "score": 0.828,
          "speaker": "SPEAKER_00"
        },
        {
          "word": "will",
          "start": 56.701,
          "end": 56.862,
          "score": 0.858,
          "speaker": "SPEAKER_00"
        },
        {
          "word": "not",
          "start": 56.902,
          "end": 57.022,
          "score": 0.907,
          "speaker": "SPEAKER_00"
        },
        {
          "word": "be",
          "start": 57.062,
          "end": 57.142,
          "score": 0.81,
          "speaker": "SPEAKER_00"
        },
        {
          "word": "the",
          "start": 57.162,
          "end": 57.242,
          "score": 0.831,
          "speaker": "SPEAKER_00"
        },
        {
          "word": "project",
          "start": 57.282,
          "end": 57.642,
          "score": 0.878,
          "speaker": "SPEAKER_00"
        },
        {
          "word": "of",
          "start": 58.003,
          "end": 58.083,
          "score": 0.831,
          "speaker": "SPEAKER_00"
        },
        {
          "word": "one",
          "start": 58.203,
          "end": 58.323,
          "score": 0.798,
          "speaker": "SPEAKER_00"
        },
        {
          "word": "government",
          "start": 58.383,
          "end": 58.743,
          "score": 0.805,
          "speaker": "SPEAKER_00"
        },
        {
          "word": "or",
          "start": 59.084,
          "end": 59.164,
          "score": 0.922,
          "speaker": "SPEAKER_00"
        },
        {
          "word": "one",
          "start": 59.284,
          "end": 59.424,
          "score": 0.869,
          "speaker": "SPEAKER_00"
        },
        {
          "word": "party,",
          "start": 59.784,
          "end": 60.125,
          "score": 0.999,
          "speaker": "SPEAKER_00"
        },
        {
          "word": "but",
          "start": 60.305,
          "end": 60.405,
          "score": 0.972,
          "speaker": "SPEAKER_00"
        },
        {
          "word": "of",
          "start": 60.445,
          "end": 60.505,
          "score": 0.742,
          "speaker": "SPEAKER_00"
        },
        {
          "word": "the",
          "start": 60.525,
          "end": 60.605,
          "score": 0.827,
          "speaker": "SPEAKER_00"
        },
        {
          "word": "British",
          "start": 60.645,
          "end": 60.905,
          "score": 0.841,
          "speaker": "SPEAKER_00"
        },
        {
          "word": "nation",
          "start": 60.965,
          "end": 61.225,
          "score": 0.86,
          "speaker": "SPEAKER_00"
        },
        {
          "word": "as",
          "start": 61.366,
          "end": 61.446,
          "score": 0.851,
          "speaker": "SPEAKER_00"
        },
        {
          "word": "a",
          "start": 61.526,
          "end": 61.586,
          "score": 0.964,
          "speaker": "SPEAKER_00"
        },
        {
          "word": "whole.",
          "start": 61.626,
          "end": 63.127,
          "score": 0.454,
          "speaker": "SPEAKER_00"
        }
      ],
      "speaker": "SPEAKER_00"
    },
    {
      "start": 63.528,
      "end": 69.393,
      "text": "So Parliament, as I have said, will be kept fully informed about the progress of these negotiations.",
      "words": [
        {
          "word": "So",
          "start": 63.528,
          "end": 63.808,
          "score": 0.812,
          "speaker": "SPEAKER_00"
        },
        {
          "word": "Parliament,",
          "start": 63.888,
          "end": 64.328,
          "score": 0.804,
          "speaker": "SPEAKER_00"
        },
        {
          "word": "as",
          "start": 64.508,
          "end": 64.608,
          "score": 0.828,
          "speaker": "SPEAKER_00"
        },
        {
          "word": "I",
          "start": 64.689,
          "end": 64.769,
          "score": 0.774,
          "speaker": "SPEAKER_00"
        },
        {
          "word": "have",
          "start": 64.809,
          "end": 64.929,
          "score": 0.961,
          "speaker": "SPEAKER_00"
        },
        {
          "word": "said,",
          "start": 64.969,
          "end": 65.169,
          "score": 0.812,
          "speaker": "SPEAKER_00"
        },
        {
          "word": "will",
          "start": 65.209,
          "end": 65.389,
          "score": 0.856,
          "speaker": "SPEAKER_00"
        },
        {
          "word": "be",
          "start": 65.409,
          "end": 65.489,
          "score": 0.762,
          "speaker": "SPEAKER_00"
        },
        {
          "word": "kept",
          "start": 65.529,
          "end": 65.769,
          "score": 0.722,
          "speaker": "SPEAKER_00"
        },
        {
          "word": "fully",
          "start": 65.83,
          "end": 66.11,
          "score": 0.831,
          "speaker": "SPEAKER_00"
        },
        {
          "word": "informed",
          "start": 66.17,
          "end": 66.69,
          "score": 0.862,
          "speaker": "SPEAKER_00"
        },
        {
          "word": "about",
          "start": 67.091,
          "end": 67.311,
          "score": 0.788,
          "speaker": "SPEAKER_00"
        },
        {
          "word": "the",
          "start": 67.331,
          "end": 67.411,
          "score": 0.826,
          "speaker": "SPEAKER_00"
        },
        {
          "word": "progress",
          "start": 67.451,
          "end": 67.911,
          "score": 0.919,
          "speaker": "SPEAKER_00"
        },
        {
          "word": "of",
          "start": 68.292,
          "end": 68.352,
          "score": 0.879,
          "speaker": "SPEAKER_00"
        },
        {
          "word": "these",
          "start": 68.412,
          "end": 68.572,
          "score": 0.89,
          "speaker": "SPEAKER_00"
        },
        {
          "word": "negotiations.",
          "start": 68.632,
          "end": 69.393,
          "score": 0.902,
          "speaker": "SPEAKER_00"
        }
      ],
      "speaker": "SPEAKER_00"
    }
  ],
  "word_segments": [
    {
      "word": "Now",
      "start": 0.169,
      "end": 0.229,
      "score": 0.004,
      "speaker": "SPEAKER_00"
    },
    {
      "word": "is",
      "start": 0.269,
      "end": 0.369,
      "score": 0.564,
      "speaker": "SPEAKER_00"
    },
    {
      "word": "the",
      "start": 0.409,
      "end": 0.489,
      "score": 0.813,
      "speaker": "SPEAKER_00"
    },
    {
      "word": "moment",
      "start": 0.529,
      "end": 0.889,
      "score": 0.889,
      "speaker": "SPEAKER_00"
    },
    {
      "word": "as",
      "start": 0.97,
      "end": 1.03,
      "score": 0.997,
      "speaker": "SPEAKER_00"
    },
    {
      "word": "we",
      "start": 1.09,
      "end": 1.19,
      "score": 0.834,
      "speaker": "SPEAKER_00"
    },
    {
      "word": "leave",
      "start": 1.23,
      "end": 1.39,
      "score": 0.694,
      "speaker": "SPEAKER_00"
    },
    {
      "word": "the",
      "start": 1.41,
      "end": 1.47,
      "score": 0.962,
      "speaker": "SPEAKER_00"
    },
    {
      "word": "European",
      "start": 1.53,
      "end": 1.89,
      "score": 0.847,
      "speaker": "SPEAKER_00"
    },
    {
      "word": "Union",
      "start": 2.01,
      "end": 2.27,
      "score": 0.834,
      "speaker": "SPEAKER_00"
    },
    {
      "word": "to",
      "start": 2.55,
      "end": 2.71,
      "score": 0.874,
      "speaker": "SPEAKER_00"
    },
    {
      "word": "reunite",
      "start": 2.81,
      "end": 3.611,
      "score": 0.809,
      "speaker": "SPEAKER_00"
    },
    {
      "word": "our",
      "start": 3.871,
      "end": 3.971,
      "score": 0.743,
      "speaker": "SPEAKER_00"
    },
    {
      "word": "country",
      "start": 4.031,
      "end": 4.471,
      "score": 0.818,
      "speaker": "SPEAKER_00"
    },
    {
      "word": "and",
      "start": 4.992,
      "end": 5.092,
      "score": 0.824,
      "speaker": "SPEAKER_00"
    },
    {
      "word": "allow",
      "start": 5.152,
      "end": 5.392,
      "score": 0.95,
      "speaker": "SPEAKER_00"
    },
    {
      "word": "the",
      "start": 5.432,
      "end": 5.512,
      "score": 0.827,
      "speaker": "SPEAKER_00"
    },
    {
      "word": "warmth",
      "start": 5.552,
      "end": 5.912,
      "score": 0.828,
      "speaker": "SPEAKER_00"
    },
    {
      "word": "and",
      "start": 6.112,
      "end": 6.212,
      "score": 0.632,
      "speaker": "SPEAKER_00"
    },
    {
      "word": "natural",
      "start": 6.292,
      "end": 6.753,
      "score": 0.842,
      "speaker": "SPEAKER_00"
    },
    {
      "word": "affection",
      "start": 6.873,
      "end": 7.453,
      "score": 0.853,
      "speaker": "SPEAKER_00"
    },
    {
      "word": "that",
      "start": 7.853,
      "end": 7.973,
      "score": 0.99,
      "speaker": "SPEAKER_00"
    },
    {
      "word": "we",
      "start": 8.013,
      "end": 8.133,
      "score": 0.83,
      "speaker": "SPEAKER_00"
    },
    {
      "word": "all",
      "start": 8.213,
      "end": 8.373,
      "score": 0.848,
      "speaker": "SPEAKER_00"
    },
    {
      "word": "share",
      "start": 8.453,
      "end": 8.754,
      "score": 0.925,
      "speaker": "SPEAKER_00"
    },
    {
      "word": "for",
      "start": 8.814,
      "end": 8.954,
      "score": 0.949,
      "speaker": "SPEAKER_00"
    },
    {
      "word": "our",
      "start": 9.074,
      "end": 9.214,
      "score": 0.729,
      "speaker": "SPEAKER_00"
    },
    {
      "word": "European",
      "start": 9.554,
      "end": 9.954,
      "score": 0.842,
      "speaker": "SPEAKER_00"
    },
    {
      "word": "neighbours",
      "start": 10.014,
      "end": 10.354,
      "score": 0.783,
      "speaker": "SPEAKER_00"
    },
    {
      "word": "to",
      "start": 10.635,
      "end": 10.735,
      "score": 0.918,
      "speaker": "SPEAKER_00"
    },
    {
      "word": "find",
      "start": 10.795,
      "end": 11.035,
      "score": 0.826,
      "speaker": "SPEAKER_00"
    },
    {
      "word": "renewed",
      "start": 11.095,
      "end": 11.475,
      "score": 0.86,
      "speaker": "SPEAKER_00"
    },
    {
      "word": "expression",
      "start": 11.535,
      "end": 11.975,
      "score": 0.859,
      "speaker": "SPEAKER_00"
    },
    {
      "word": "in",
      "start": 12.075,
      "end": 12.135,
      "score": 0.994,
      "speaker": "SPEAKER_00"
    },
    {
      "word": "one",
      "start": 12.275,
      "end": 12.375,
      "score": 0.856,
      "speaker": "SPEAKER_00"
    },
    {
      "word": "great",
      "start": 12.456,
      "end": 12.676,
      "score": 0.887,
      "speaker": "SPEAKER_00"
    },
    {
      "word": "new",
      "start": 12.796,
      "end": 12.996,
      "score": 0.771,
      "speaker": "SPEAKER_00"
    },
    {
      "word": "national",
      "start": 13.296,
      "end": 13.676,
      "score": 0.894,
      "speaker": "SPEAKER_00"
    },
    {
      "word": "project",
      "start": 13.736,
      "end": 14.116,
      "score": 0.982,
      "speaker": "SPEAKER_00"
    },
    {
      "word": "of",
      "start": 14.697,
      "end": 14.777,
      "score": 0.847,
      "speaker": "SPEAKER_00"
    },
    {
      "word": "building",
      "start": 14.837,
      "end": 15.177,
      "score": 0.82,
      "speaker": "SPEAKER_00"
    },
    {
      "word": "a",
      "start": 15.217,
      "end": 15.277,
      "score": 0.382,
      "speaker": "SPEAKER_00"
    },
    {
      "word": "deep,",
      "start": 15.317,
      "end": 15.537,
      "score": 0.819,
      "speaker": "SPEAKER_00"
    },
    {
      "word": "special",
      "start": 15.897,
      "end": 16.298,
      "score": 0.891,
      "speaker": "SPEAKER_00"
    },
    {
      "word": "and",
      "start": 16.758,
      "end": 16.838,
      "score": 0.915,
      "speaker": "SPEAKER_00"
    },
    {
      "word": "democratically",
      "start": 16.898,
      "end": 17.498,
      "score": 0.833,
      "speaker": "SPEAKER_00"
    },
    {
      "word": "accountable",
      "start": 17.538,
      "end": 17.978,
      "score": 0.945,
      "speaker": "SPEAKER_00"
    },
    {
      "word": "partnership",
      "start": 18.018,
      "end": 18.519,
      "score": 0.851,
      "speaker": "SPEAKER_00"
    },
    {
      "word": "with",
      "start": 18.959,
      "end": 19.099,
      "score": 0.878,
      "speaker": "SPEAKER_00"
    },
    {
      "word": "those",
      "start": 19.139,
      "end": 19.359,
      "score": 0.817,
      "speaker": "SPEAKER_00"
    },
    {
      "word": "nations",
      "start": 19.439,
      "end": 19.759,
      "score": 0.89,
      "speaker": "SPEAKER_00"
    },
    {
      "word": "we",
      "start": 19.799,
      "end": 19.879,
      "score": 0.778,
      "speaker": "SPEAKER_00"
    },
    {
      "word": "are",
      "start": 19.919,
      "end": 20.0,
      "score": 0.997,
      "speaker": "SPEAKER_00"
    },
    {
      "word": "proud",
      "start": 20.04,
      "end": 20.4,
      "score": 0.727,
      "speaker": "SPEAKER_00"
    },
    {
      "word": "to",
      "start": 20.78,
      "end": 20.88,
      "score": 0.76,
      "speaker": "SPEAKER_00"
    },
    {
      "word": "call",
      "start": 20.9,
      "end": 21.16,
      "score": 0.874,
      "speaker": "SPEAKER_00"
    },
    {
      "word": "our",
      "start": 21.42,
      "end": 21.5,
      "score": 0.843,
      "speaker": "SPEAKER_00"
    },
    {
      "word": "closest",
      "start": 21.54,
      "end": 21.921,
      "score": 0.981,
      "speaker": "SPEAKER_00"
    },
    {
      "word": "friends.",
      "start": 21.961,
      "end": 22.241,
      "score": 0.762,
      "speaker": "SPEAKER_00"
    },
    {
      "word": "The",
      "start": 22.921,
      "end": 23.021,
      "score": 0.931,
      "speaker": "SPEAKER_00"
    },
    {
      "word": "Bill",
      "start": 23.041,
      "end": 23.281,
      "score": 0.985,
      "speaker": "SPEAKER_00"
    },
    {
      "word": "ensures",
      "start": 23.341,
      "end": 23.881,
      "score": 0.717,
      "speaker": "SPEAKER_00"
    },
    {
      "word": "that",
      "start": 23.921,
      "end": 24.022,
      "score": 0.853,
      "speaker": "SPEAKER_00"
    },
    {
      "word": "the",
      "start": 24.042,
      "end": 24.102,
      "score": 0.999,
      "speaker": "SPEAKER_00"
    },
    {
      "word": "implementation",
      "start": 24.122,
      "end": 24.762,
      "score": 0.941,
      "speaker": "SPEAKER_00"
    },
    {
      "word": "period",
      "start": 24.802,
      "end": 25.182,
      "score": 0.794,
      "speaker": "SPEAKER_00"
    },
    {
      "word": "must",
      "start": 25.562,
      "end": 25.722,
      "score": 0.803,
      "speaker": "SPEAKER_00"
    },
    {
      "word": "end",
      "start": 25.922,
      "end": 26.102,
      "score": 0.725,
      "speaker": "SPEAKER_00"
    },
    {
      "word": "on",
      "start": 26.162,
      "end": 26.322,
      "score": 0.641,
      "speaker": "SPEAKER_00"
    },
    {
      "word": "31"
    },
    {
      "word": "December",
      "start": 26.903,
      "end": 27.223,
      "score": 0.971,
      "speaker": "SPEAKER_00"
    },
    {
      "word": "next",
      "start": 27.243,
      "end": 27.403,
      "score": 0.768,
      "speaker": "SPEAKER_00"
    },
    {
      "word": "year,",
      "start": 27.423,
      "end": 27.563,
      "score": 0.874,
      "speaker": "SPEAKER_00"
    },
    {
      "word": "with",
      "start": 27.603,
      "end": 27.743,
      "score": 0.782,
      "speaker": "SPEAKER_00"
    },
    {
      "word": "no",
      "start": 27.803,
      "end": 28.143,
      "score": 0.95,
      "speaker": "SPEAKER_00"
    },
    {
      "word": "possibility",
      "start": 28.383,
      "end": 29.224,
      "score": 0.948,
      "speaker": "SPEAKER_00"
    },
    {
      "word": "of",
      "start": 29.324,
      "end": 29.404,
      "score": 0.829,
      "speaker": "SPEAKER_00"
    },
    {
      "word": "an",
      "start": 29.424,
      "end": 29.464,
      "score": 0.932,
      "speaker": "SPEAKER_00"
    },
    {
      "word": "extension.",
      "start": 29.524,
      "end": 29.984,
      "score": 0.926,
      "speaker": "SPEAKER_00"
    },
    {
      "word": "It",
      "start": 30.824,
      "end": 30.884,
      "score": 0.75,
      "speaker": "SPEAKER_00"
    },
    {
      "word": "paves",
      "start": 30.964,
      "end": 31.305,
      "score": 0.875,
      "speaker": "SPEAKER_00"
    },
    {
      "word": "the",
      "start": 31.345,
      "end": 31.445,
      "score": 0.71,
      "speaker": "SPEAKER_00"
    },
    {
      "word": "way",
      "start": 31.465,
      "end": 31.785,
      "score": 0.816,
      "speaker": "SPEAKER_00"
    },
    {
      "word": "for",
      "start": 32.225,
      "end": 32.385,
      "score": 0.843,
      "speaker": "SPEAKER_00"
    },
    {
      "word": "a",
      "start": 32.425,
      "end": 32.485,
      "score": 0.336,
      "speaker": "SPEAKER_00"
    },
    {
      "word": "new",
      "start": 32.545,
      "end": 32.745,
      "score": 0.851,
      "speaker": "SPEAKER_00"
    },
    {
      "word": "agreement",
      "start": 32.785,
      "end": 33.225,
      "score": 0.824,
      "speaker": "SPEAKER_00"
    },
    {
      "word": "on",
      "start": 33.786,
      "end": 33.866,
      "score": 0.968,
      "speaker": "SPEAKER_00"
    },
    {
      "word": "our",
      "start": 34.086,
      "end": 34.226,
      "score": 0.847,
      "speaker": "SPEAKER_00"
    },
    {
      "word": "future",
      "start": 34.366,
      "end": 34.786,
      "score": 0.708,
      "speaker": "SPEAKER_00"
    },
    {
      "word": "relationship",
      "start": 34.826,
      "end": 35.406,
      "score": 0.91,
      "speaker": "SPEAKER_00"
    },
    {
      "word": "with",
      "start": 35.746,
      "end": 35.907,
      "score": 0.861,
      "speaker": "SPEAKER_00"
    },
    {
      "word": "our",
      "start": 35.987,
      "end": 36.087,
      "score": 0.886,
      "speaker": "SPEAKER_00"
    },
    {
      "word": "European",
      "start": 36.167,
      "end": 36.627,
      "score": 0.829,
      "speaker": "SPEAKER_00"
    },
    {
      "word": "neighbours,",
      "start": 36.667,
      "end": 37.067,
      "score": 0.768,
      "speaker": "SPEAKER_00"
    },
    {
      "word": "based",
      "start": 37.147,
      "end": 37.427,
      "score": 0.909,
      "speaker": "SPEAKER_00"
    },
    {
      "word": "on",
      "start": 37.527,
      "end": 37.627,
      "score": 0.863,
      "speaker": "SPEAKER_00"
    },
    {
      "word": "an",
      "start": 37.647,
      "end": 37.687,
      "score": 0.807,
      "speaker": "SPEAKER_00"
    },
    {
      "word": "ambitious",
      "start": 37.787,
      "end": 38.228,
      "score": 0.951,
      "speaker": "SPEAKER_00"
    },
    {
      "word": "free",
      "start": 38.568,
      "end": 38.788,
      "score": 0.787,
      "speaker": "SPEAKER_00"
    },
    {
      "word": "trade",
      "start": 38.828,
      "end": 39.148,
      "score": 0.784,
      "speaker": "SPEAKER_00"
    },
    {
      "word": "agreement.",
      "start": 39.488,
      "end": 39.908,
      "score": 0.761,
      "speaker": "SPEAKER_00"
    },
    {
      "word": "Our",
      "start": 40.208,
      "end": 40.308,
      "score": 0.838,
      "speaker": "SPEAKER_00"
    },
    {
      "word": "aim",
      "start": 40.408,
      "end": 40.569,
      "score": 0.728,
      "speaker": "SPEAKER_00"
    },
    {
      "word": "is",
      "start": 40.649,
      "end": 40.769,
      "score": 0.679,
      "speaker": "SPEAKER_00"
    },
    {
      "word": "to",
      "start": 40.849,
      "end": 41.049,
      "score": 0.884,
      "speaker": "SPEAKER_00"
    },
    {
      "word": "provide",
      "start": 41.609,
      "end": 42.049,
      "score": 0.861,
      "speaker": "SPEAKER_00"
    },
    {
      "word": "a",
      "start": 42.249,
      "end": 42.369,
      "score": 0.986,
      "speaker": "SPEAKER_00"
    },
    {
      "word": "close",
      "start": 42.649,
      "end": 42.97,
      "score": 0.956,
      "speaker": "SPEAKER_00"
    },
    {
      "word": "friendship",
      "start": 43.71,
      "end": 44.13,
      "score": 0.742,
      "speaker": "SPEAKER_00"
    },
    {
      "word": "between",
      "start": 44.91,
      "end": 45.19,
      "score": 0.809,
      "speaker": "SPEAKER_00"
    },
    {
      "word": "sovereign",
      "start": 45.271,
      "end": 45.591,
      "score": 0.833,
      "speaker": "SPEAKER_00"
    },
    {
      "word": "equals",
      "start": 45.651,
      "end": 45.951,
      "score": 0.953,
      "speaker": "SPEAKER_00"
    },
    {
      "word": "to",
      "start": 47.113,
      "end": 47.193,
      "score": 0.895,
      "speaker": "SPEAKER_00"
    },
    {
      "word": "promote",
      "start": 47.233,
      "end": 47.533,
      "score": 0.902,
      "speaker": "SPEAKER_00"
    },
    {
      "word": "our",
      "start": 47.593,
      "end": 47.694,
      "score": 0.834,
      "speaker": "SPEAKER_00"
    },
    {
      "word": "common",
      "start": 47.734,
      "end": 47.954,
      "score": 0.867,
      "speaker": "SPEAKER_00"
    },
    {
      "word": "interests,",
      "start": 47.974,
      "end": 48.414,
      "score": 0.755,
      "speaker": "SPEAKER_00"
    },
    {
      "word": "inspired",
      "start": 49.115,
      "end": 49.655,
      "score": 0.778,
      "speaker": "SPEAKER_00"
    },
    {
      "word": "by",
      "start": 49.695,
      "end": 49.815,
      "score": 0.77,
      "speaker": "SPEAKER_00"
    },
    {
      "word": "pride",
      "start": 49.895,
      "end": 50.276,
      "score": 0.706,
      "speaker": "SPEAKER_00"
    },
    {
      "word": "in",
      "start": 50.596,
      "end": 50.656,
      "score": 0.893,
      "speaker": "SPEAKER_00"
    },
    {
      "word": "our",
      "start": 50.696,
      "end": 50.796,
      "score": 0.847,
      "speaker": "SPEAKER_00"
    },
    {
      "word": "European",
      "start": 50.856,
      "end": 51.237,
      "score": 0.858,
      "speaker": "SPEAKER_00"
    },
    {
      "word": "heritage",
      "start": 51.277,
      "end": 51.717,
      "score": 0.841,
      "speaker": "SPEAKER_00"
    },
    {
      "word": "and",
      "start": 52.157,
      "end": 52.278,
      "score": 0.676,
      "speaker": "SPEAKER_00"
    },
    {
      "word": "civilisation.",
      "start": 52.638,
      "end": 53.379,
      "score": 0.711,
      "speaker": "SPEAKER_00"
    },
    {
      "word": "I",
      "start": 53.519,
      "end": 53.579,
      "score": 0.94,
      "speaker": "SPEAKER_00"
    },
    {
      "word": "am",
      "start": 53.639,
      "end": 53.699,
      "score": 0.992,
      "speaker": "SPEAKER_00"
    },
    {
      "word": "absolutely",
      "start": 53.919,
      "end": 54.419,
      "score": 0.784,
      "speaker": "SPEAKER_00"
    },
    {
      "word": "determined",
      "start": 54.439,
      "end": 54.84,
      "score": 0.805,
      "speaker": "SPEAKER_00"
    },
    {
      "word": "that",
      "start": 55.02,
      "end": 55.16,
      "score": 0.807,
      "speaker": "SPEAKER_00"
    },
    {
      "word": "this",
      "start": 55.2,
      "end": 55.38,
      "score": 0.912,
      "speaker": "SPEAKER_00"
    },
    {
      "word": "great",
      "start": 55.641,
      "end": 55.881,
      "score": 0.831,
      "speaker": "SPEAKER_00"
    },
    {
      "word": "project",
      "start": 56.081,
      "end": 56.501,
      "score": 0.828,
      "speaker": "SPEAKER_00"
    },
    {
      "word": "will",
      "start": 56.701,
      "end": 56.862,
      "score": 0.858,
      "speaker": "SPEAKER_00"
    },
    {
      "word": "not",
      "start": 56.902,
      "end": 57.022,
      "score": 0.907,
      "speaker": "SPEAKER_00"
    },
    {
      "word": "be",
      "start": 57.062,
      "end": 57.142,
      "score": 0.81,
      "speaker": "SPEAKER_00"
    },
    {
      "word": "the",
      "start": 57.162,
      "end": 57.242,
      "score": 0.831,
      "speaker": "SPEAKER_00"
    },
    {
      "word": "project",
      "start": 57.282,
      "end": 57.642,
      "score": 0.878,
      "speaker": "SPEAKER_00"
    },
    {
      "word": "of",
      "start": 58.003,
      "end": 58.083,
      "score": 0.831,
      "speaker": "SPEAKER_00"
    },
    {
      "word": "one",
      "start": 58.203,
      "end": 58.323,
      "score": 0.798,
      "speaker": "SPEAKER_00"
    },
    {
      "word": "government",
      "start": 58.383,
      "end": 58.743,
      "score": 0.805,
      "speaker": "SPEAKER_00"
    },
    {
      "word": "or",
      "start": 59.084,
      "end": 59.164,
      "score": 0.922,
      "speaker": "SPEAKER_00"
    },
    {
      "word": "one",
      "start": 59.284,
      "end": 59.424,
      "score": 0.869,
      "speaker": "SPEAKER_00"
    },
    {
      "word": "party,",
      "start": 59.784,
      "end": 60.125,
      "score": 0.999,
      "speaker": "SPEAKER_00"
    },
    {
      "word": "but",
      "start": 60.305,
      "end": 60.405,
      "score": 0.972,
      "speaker": "SPEAKER_00"
    },
    {
      "word": "of",
      "start": 60.445,
      "end": 60.505,
      "score": 0.742,
      "speaker": "SPEAKER_00"
    },
    {
      "word": "the",
      "start": 60.525,
      "end": 60.605,
      "score": 0.827,
      "speaker": "SPEAKER_00"
    },
    {
      "word": "British",
      "start": 60.645,
      "end": 60.905,
      "score": 0.841,
      "speaker": "SPEAKER_00"
    },
    {
      "word": "nation",
      "start": 60.965,
      "end": 61.225,
      "score": 0.86,
      "speaker": "SPEAKER_00"
    },
    {
      "word": "as",
      "start": 61.366,
      "end": 61.446,
      "score": 0.851,
      "speaker": "SPEAKER_00"
    },
    {
      "word": "a",
      "start": 61.526,
      "end": 61.586,
      "score": 0.964,
      "speaker": "SPEAKER_00"
    },
    {
      "word": "whole.",
      "start": 61.626,
      "end": 63.127,
      "score": 0.454,
      "speaker": "SPEAKER_00"
    },
    {
      "word": "So",
      "start": 63.528,
      "end": 63.808,
      "score": 0.812,
      "speaker": "SPEAKER_00"
    },
    {
      "word": "Parliament,",
      "start": 63.888,
      "end": 64.328,
      "score": 0.804,
      "speaker": "SPEAKER_00"
    },
    {
      "word": "as",
      "start": 64.508,
      "end": 64.608,
      "score": 0.828,
      "speaker": "SPEAKER_00"
    },
    {
      "word": "I",
      "start": 64.689,
      "end": 64.769,
      "score": 0.774,
      "speaker": "SPEAKER_00"
    },
    {
      "word": "have",
      "start": 64.809,
      "end": 64.929,
      "score": 0.961,
      "speaker": "SPEAKER_00"
    },
    {
      "word": "said,",
      "start": 64.969,
      "end": 65.169,
      "score": 0.812,
      "speaker": "SPEAKER_00"
    },
    {
      "word": "will",
      "start": 65.209,
      "end": 65.389,
      "score": 0.856,
      "speaker": "SPEAKER_00"
    },
    {
      "word": "be",
      "start": 65.409,
      "end": 65.489,
      "score": 0.762,
      "speaker": "SPEAKER_00"
    },
    {
      "word": "kept",
      "start": 65.529,
      "end": 65.769,
      "score": 0.722,
      "speaker": "SPEAKER_00"
    },
    {
      "word": "fully",
      "start": 65.83,
      "end": 66.11,
      "score": 0.831,
      "speaker": "SPEAKER_00"
    },
    {
      "word": "informed",
      "start": 66.17,
      "end": 66.69,
      "score": 0.862,
      "speaker": "SPEAKER_00"
    },
    {
      "word": "about",
      "start": 67.091,
      "end": 67.311,
      "score": 0.788,
      "speaker": "SPEAKER_00"
    },
    {
      "word": "the",
      "start": 67.331,
      "end": 67.411,
      "score": 0.826,
      "speaker": "SPEAKER_00"
    },
    {
      "word": "progress",
      "start": 67.451,
      "end": 67.911,
      "score": 0.919,
      "speaker": "SPEAKER_00"
    },
    {
      "word": "of",
      "start": 68.292,
      "end": 68.352,
      "score": 0.879,
      "speaker": "SPEAKER_00"
    },
    {
      "word": "these",
      "start": 68.412,
      "end": 68.572,
      "score": 0.89,
      "speaker": "SPEAKER_00"
    },
    {
      "word": "negotiations.",
      "start": 68.632,
      "end": 69.393,
      "score": 0.902,
      "speaker": "SPEAKER_00"
    }
  ],
  "language": "en"
}