{
  "segments": [
    {
      "start": 0.069,
      "end": 4.892,
      "text": " And President Trump loves to talk about his TV ratings, if not his current approval ratings.",
      "words": [
        {
          "word": "And",
          "start": 0.069,
          "end": 0.149,
          "score": 0.435,
          "speaker": "SPEAKER_00"
        },
        {
          "word": "President",
          "start": 0.189,
          "end": 0.569,
          "score": 0.871,
          "speaker": "SPEAKER_00"
        },
        {
          "word": "Trump",
          "start": 0.629,
          "end": 0.91,
          "score": 0.728,
          "speaker": "SPEAKER_00"
        },
        {
          "word": "loves",
          "start": 1.03,
          "end": 1.31,
          "score": 0.824,
          "speaker": "SPEAKER_00"
        },
        {
          "word": "to",
          "start": 1.35,
          "end": 1.43,
          "score": 0.941,
          "speaker": "SPEAKER_00"
        },
        {
          "word": "talk",
          "start": 1.49,
          "end": 1.71,
          "score": 0.857,
          "speaker": "SPEAKER_00"
        },
        {
          "word": "about",
          "start": 1.75,
          "end": 1.93,
          "score": 0.821,
          "speaker": "SPEAKER_00"
        },
        {
          "word": "his",
          "start": 1.97,
          "end": 2.09,
          "score": 0.757,
          "speaker": "SPEAKER_00"
        },
        {
          "word": "TV",
          "start": 2.17,
          "end": 2.511,
          "score": 0.9,
          "speaker": "SPEAKER_00"
        },
        {
          "word": "ratings,",
          "start": 2.591,
          "end": 2.991,
          "score": 0.894,
          "speaker": "SPEAKER_00"
        },
        {
          "word": "if",
          "start": 3.071,
          "end": 3.151,
          "score": 0.856,
          "speaker": "SPEAKER_00"
        },
        {
          "word": "not",
          "start": 3.711,
          "end": 3.852,
          "score": 0.76,
          "speaker": "SPEAKER_00"
        },
        {
          "word": "his",
          "start": 3.892,
          "end": 3.972,
          "score": 0.833,
          "speaker": "SPEAKER_00"
        },
        {
          "word": "current",
          "start": 4.032,
          "end": 4.272,
          "score": 0.948,
          "speaker": "SPEAKER_00"
        },
        {
          "word": "approval",
          "start": 4.292,
          "end": 4.592,
          "score": 0.872,
          "speaker": "SPEAKER_00"
        },
        {
          "word": "ratings.",
          "start": 4.612,
          "end": 4.892,
          "score": 0.806,
          "speaker": "SPEAKER_00"
        }
      ],
      "speaker": "SPEAKER_00"
    },
    {
      "start": 4.952,
      "end": 11.337,
      "text": "So he must be pleased to know that 33 million people watched the primetime rollout of his Supreme Court pick, Neil Gorsuch.",
      "words": [
        {
          "word": "So",
          "start": 4.952,
          "end": 5.092,
          "score": 0.879,
          "speaker": "SPEAKER_00"
        },
        {
          "word": "he",
          "start": 5.373,
          "end": 5.473,
          "score": 0.867,
          "speaker": "SPEAKER_00"
        },
        {
          "word": "must",
          "start": 5.553,
          "end": 5.753,
          "score": 0.868,
          "speaker": "SPEAKER_00"
        },
        {
          "word": "be",
          "start": 5.793,
          "end": 5.893,
          "score": 0.832,
          "speaker": "SPEAKER_00"
        },
        {
          "word": "pleased",
          "start": 5.933,
          "end": 6.173,
          "score": 0.746,
          "speaker": "SPEAKER_00"
        },
        {
          "word": "to",
          "start": 6.193,
          "end": 6.253,
          "score": 0.898,
          "speaker": "SPEAKER_00"
        },
        {
          "word": "know",
          "start": 6.273,
          "end": 6.393,
          "score": 0.873,
          "speaker": "SPEAKER_00"
        },
        {
          "word": "that",
          "start": 6.433,
          "end": 6.533,
          "score": 0.875,
          "speaker": "SPEAKER_00"
        },
        {
          "word": "33"
        },
        {
          "word": "million",
          "start": 7.214,
          "end": 7.494,
          "score": 0.837,
          "speaker": "SPEAKER_00"
        },
        {
          "word": "people",
          "start": 7.514,
          "end": 7.794,
          "score": 0.935,
          "speaker": "SPEAKER_00"
        },
        {
          "word": "watched",
          "start": 7.834,
          "end": 8.174,
          "score": 0.793,
          "speaker": "SPEAKER_00"
        },
        {
          "word": "the",
          "start": 8.214,
          "end": 8.295,
          "score": 0.997,
          "speaker": "SPEAKER_00"
        },
        {
          "word": "primetime",
          "start": 8.335,
          "end": 8.835,
          "score": 0.906,
          "speaker": "SPEAKER_00"
        },
        {
          "word": "rollout",
          "start": 8.875,
          "end": 9.375,
          "score": 0.712,
          "speaker": "SPEAKER_00"
        },
        {
          "word": "of",
          "start": 9.695,
          "end": 9.755,
          "score": 0.992,
          "speaker": "SPEAKER_00"
        },
        {
          "word": "his",
          "start": 9.816,
          "end": 9.916,
          "score": 0.868,
          "speaker": "SPEAKER_00"
        },
        {
          "word": "Supreme",
          "start": 9.956,
          "end": 10.236,
          "score": 0.867,
          "speaker": "SPEAKER_00"
        },
        {
          "word": "Court",
          "start": 10.276,
          "end": 10.496,
          "score": 0.864,
          "speaker": "SPEAKER_00"
        },
        {
          "word": "pick,",
          "start": 10.536,
          "end": 10.676,
          "score": 0.787,
          "speaker": "SPEAKER_00"
        },
        {
          "word": "Neil",
          "start": 10.736,
          "end": 10.916,
          "score": 0.714,
          "speaker": "SPEAKER_00"
        },
        {
          "word": "Gorsuch.",
          "start": 10.956,
          "end": 11.337,
          "score": 0.82,
          "speaker": "SPEAKER_00"
        }
      ],
      "speaker": "SPEAKER_00"
    },
    {
      "start": 11.777,
      "end": 13.458,
      "text": "But what do Americans think of the choice?",
      "words": [
        {
          "word": "But",
          "start": 11.777,
          "end": 11.877,
          "score": 0.909,
          "speaker": "SPEAKER_00"
        },
        {
          "word": "what",
          "start": 11.897,
          "end": 12.017,
          "score": 0.851,
          "speaker": "SPEAKER_00"
        },
        {
          "word": "do",
          "start": 12.037,
          "end": 12.137,
          "score": 0.879,
          "speaker": "SPEAKER_00"
        },
        {
          "word": "Americans",
          "start": 12.177,
          "end": 12.637,
          "score": 0.81,
          "speaker": "SPEAKER_00"
        },
        {
          "word": "think",
          "start": 12.737,
          "end": 12.938,
          "score": 0.865,
          "speaker": "SPEAKER_00"
        },
        {
          "word": "of",
          "start": 12.958,
          "end": 13.018,
          "score": 0.744,
          "speaker": "SPEAKER_00"
        },
        {
          "word": "the",
          "start": 13.038,
          "end": 13.118,
          "score": 0.808,
          "speaker": "SPEAKER_00"
        },
        {
          "word": "choice?",
          "start": 13.158,
          "end": 13.458,
          "score": 0.89,
          "speaker": "SPEAKER_00"
        }
      ],
      "speaker": "SPEAKER_00"
    },
    {
      "start": 13.518,
      "end": 19.262,
      "text": "Well, a brand new CNN poll shows that a plurality, 39%, were left with a positive first impression.",
      "words": [
        {
          "word": "Well,",
          "start": 13.518,
          "end": 13.738,
          "score": 0.907,
          "speaker": "SPEAKER_00"
        },
        {
          "word": "a",
          "start": 13.918,
          "end": 13.958,
          "score": 0.62,
          "speaker": "SPEAKER_00"
        },
        {
          "word": "brand",
          "start": 13.978,
          "end": 14.158,
          "score": 0.725,
          "speaker": "SPEAKER_00"
        },
        {
          "word": "new",
          "start": 14.178,
          "end": 14.299,
          "score": 0.433,
          "speaker": "SPEAKER_00"
        },
        {
          "word": "CNN",
          "start": 14.319,
          "end": 14.659,
          "score": 0.663,
          "speaker": "SPEAKER_00"
        },
        {
          "word": "poll",
          "start": 14.679,
          "end": 14.899,
          "score": 0.777,
          "speaker": "SPEAKER_00"
        },
        {
          "word": "shows",
          "start": 14.939,
          "end": 15.159,
          "score": 0.804,
          "speaker": "SPEAKER_00"
        },
        {
          "word": "that",
          "start": 15.199,
          "end": 15.299,
          "score": 0.908,
          "speaker": "SPEAKER_00"
        },
        {
          "word": "a",
          "start": 15.339,
          "end": 15.359,
          "score": 0.922,
          "speaker": "SPEAKER_00"
        },
        {
          "word": "plurality,",
          "start": 15.399,
          "end": 15.98,
          "score": 0.913,
          "speaker": "SPEAKER_00"
        },
        {
          "word": "39%,"
        },
        {
          "word": "were",
          "start": 16.7,
          "end": 17.06,
          "score": 0.658,
          "speaker": "SPEAKER_00"
        },
        {
          "word": "left",
          "start": 17.501,
          "end": 17.661,
          "score": 0.746,
          "speaker": "SPEAKER_00"
        },
        {
          "word": "with",
          "start": 17.681,
          "end": 17.801,
          "score": 0.867,
          "speaker": "SPEAKER_00"
        },
        {
          "word": "a",
          "start": 17.841,
          "end": 17.901,
          "score": 0.724,
          "speaker": "SPEAKER_00"
        },
        {
          "word": "positive",
          "start": 18.001,
          "end": 18.481,
          "score": 0.764,
          "speaker": "SPEAKER_00"
        },
        {
          "word": "first",
          "start": 18.521,
          "end": 18.762,
          "score": 0.773,
          "speaker": "SPEAKER_00"
        },
        {
          "word": "impression.",
          "start": 18.822,
          "end": 19.262,
          "score": 0.925,
          "speaker": "SPEAKER_00"
        }
      ],
      "speaker": "SPEAKER_00"
    },
    {
      "start": 19.282,
      "end": 27.788,
      "text": "That compares with 45% for President Obama's never-confirmed pick, Judge Merrick Garland, and 54% for now Chief Justice John Roberts.",
      "words": [
        {
          "word": "That",
          "start": 19.282,
          "end": 19.402,
          "score": 0.872,
          "speaker": "SPEAKER_00"
        },
        {
          "word": "compares",
          "start": 19.422,
          "end": 19.722,
          "score": 0.875,
          "speaker": "SPEAKER_00"
        },
        {
          "word": "with",
          "start": 19.762,
          "end": 19.882,
          "score": 0.884,
          "speaker": "SPEAKER_00"
        },
        {
          "word": "45%"
        },
        {
          "word": "for",
          "start": 20.263,
          "end": 20.883,
          "score": 0.733,
          "speaker": "SPEAKER_00"
        },
        {
          "word": "President",
          "start": 20.943,
          "end": 21.924,
          "score": 0.66,
          "speaker": "SPEAKER_00"
        },
        {
          "word": "Obama's",
          "start": 22.004,
          "end": 22.384,
          "score": 0.829,
          "speaker": "SPEAKER_00"
        },
        {
          "word": "never-confirmed",
          "start": 22.444,
          "end": 23.144,
          "score": 0.847,
          "speaker": "SPEAKER_00"
        },
        {
          "word": "pick,",
          "start": 23.204,
          "end": 23.405,
          "score": 0.82,
          "speaker": "SPEAKER_00"
        },
        {
          "word": "Judge",
          "start": 23.445,
          "end": 23.645,
          "score": 0.912,
          "speaker": "SPEAKER_00"
        },
        {
          "word": "Merrick",
          "start": 23.685,
          "end": 23.925,
          "score": 0.715,
          "speaker": "SPEAKER_00"
        },
        {
          "word": "Garland,",
          "start": 23.945,
          "end": 24.285,
          "score": 0.915,
          "speaker": "SPEAKER_00"
        },
        {
          "word": "and",
          "start": 24.325,
          "end": 24.425,
          "score": 0.762,
          "speaker": "SPEAKER_00"
        },
        {
          "word": "54%"
        },
        {
          "word": "for",
          "start": 24.866,
          "end": 25.886,
          "score": 0.673,
          "speaker": "SPEAKER_00"
        },
        {
          "word": "now",
          "start": 25.926,
          "end": 26.086,
          "score": 0.978,
          "speaker": "SPEAKER_00"
        },
        {
          "word": "Chief",
          "start": 26.146,
          "end": 26.367,
          "score": 0.677,
          "speaker": "SPEAKER_00"
        },
        {
          "word": "Justice",
          "start": 26.407,
          "end": 26.807,
          "score": 0.907,
          "speaker": "SPEAKER_00"
        },
        {
          "word": "John",
          "start": 27.167,
          "end": 27.347,
          "score": 0.807,
          "speaker": "SPEAKER_00"
        },
        {
          "word": "Roberts.",
          "start": 27.407,
          "end": 27.788,
          "score": 0.841,
          "speaker": "SPEAKER_00"
        }
      ],
      "speaker": "SPEAKER_00"
    },
    {
      "start": 27.888,
      "end": 29.689,
      "text": "But when it comes to confirming the new nominee,",
      "words": [
        {
          "word": "But",
          "start": 27.888,
          "end": 27.968,
          "score": 0.995,
          "speaker": "SPEAKER_00"
        },
        {
          "word": "when",
          "start": 27.988,
          "end": 28.088,
          "score": 0.986,
          "speaker": "SPEAKER_00"
        },
        {
          "word": "it",
          "start": 28.108,
          "end": 28.168,
          "score": 0.748,
          "speaker": "SPEAKER_00"
        },
        {
          "word": "comes",
          "start": 28.188,
          "end": 28.328,
          "score": 0.895,
          "speaker": "SPEAKER_00"
        },
        {
          "word": "to",
          "start": 28.348,
          "end": 28.428,
          "score": 0.564,
          "speaker": "SPEAKER_00"
        },
        {
          "word": "confirming",
          "start": 28.468,
          "end": 29.068,
          "score": 0.911,
          "speaker": "SPEAKER_00"
        },
        {
          "word": "the",
          "start": 29.108,
          "end": 29.168,
          "score": 0.987,
          "speaker": "SPEAKER_00"
        },
        {
          "word": "new",
          "start": 29.208,
          "end": 29.289,
          "score": 0.956,
          "speaker": "SPEAKER_00"
        },
        {
          "word": "nominee,",
          "start": 29.329,
          "end": 29.689,
          "score": 0.815,
          "speaker": "SPEAKER_00"
        }
      ],
      "speaker": "SPEAKER_00"
    },
    {
      "start": 30.169,
      "end": 32.534,
      "text": " Opinions are sharply divided along party lines.",
      "words": [
        {
          "word": "Opinions",
          "start": 30.169,
          "end": 30.57,
          "score": 0.784,
          "speaker": "SPEAKER_00"
        },
        {
          "word": "are",
          "start": 30.71,
          "end": 30.81,
          "score": 0.667,
          "speaker": "SPEAKER_00"
        },
        {
          "word": "sharply",
          "start": 30.871,
          "end": 31.211,
          "score": 0.85,
          "speaker": "SPEAKER_00"
        },
        {
          "word": "divided",
          "start": 31.231,
          "end": 31.652,
          "score": 0.887,
          "speaker": "SPEAKER_00"
        },
        {
          "word": "along",
          "start": 31.712,
          "end": 31.933,
          "score": 0.835,
          "speaker": "SPEAKER_00"
        },
        {
          "word": "party",
          "start": 31.973,
          "end": 32.233,
          "score": 0.868,
          "speaker": "SPEAKER_00"
        },
        {
          "word": "lines.",
          "start": 32.253,
          "end": 32.534,
          "score": 0.855,
          "speaker": "SPEAKER_00"
        }
      ],
      "speaker": "SPEAKER_00"
    },
    {
      "start": 32.594,
      "end": 37.563,
      "text": "Just 22% of Democrats think the Senate should vote to confirm him, while an overwhelming 84% of Republicans do.",
      "words": [
        {
          "word": "Just",
          "start": 32.594,
          "end": 33.135,
          "score": 0.791,
          "speaker": "SPEAKER_00"
        },
        {
          "word": "22%"
        },
        {
          "word": "of",
          "start": 33.696,
          "end": 33.736,
          "score": 0.996,
          "speaker": "SPEAKER_00"
        },
        {
          "word": "Democrats",
          "start": 33.776,
          "end": 34.197,
          "score": 0.755,
          "speaker": "SPEAKER_00"
        },
        {
          "word": "think",
          "start": 34.237,
          "end": 34.377,
          "score": 0.933,
          "speaker": "SPEAKER_00"
        },
        {
          "word": "the",
          "start": 34.397,
          "end": 34.477,
          "score": 0.84,
          "speaker": "SPEAKER_00"
        },
        {
          "word": "Senate",
          "start": 34.497,
          "end": 34.758,
          "score": 0.794,
          "speaker": "SPEAKER_00"
        },
        {
          "word": "should",
          "start": 34.818,
          "end": 34.998,
          "score": 0.803,
          "speaker": "SPEAKER_00"
        },
        {
          "word": "vote",
          "start": 35.038,
          "end": 35.219,
          "score": 0.893,
          "speaker": "SPEAKER_00"
        },
        {
          "word": "to",
          "start": 35.239,
          "end": 35.299,
          "score": 0.755,
          "speaker": "SPEAKER_00"
        },
        {
          "word": "confirm",
          "start": 35.339,
          "end": 35.659,
          "score": 0.951,
          "speaker": "SPEAKER_00"
        },
        {
          "word": "him,",
          "start": 35.7,
          "end": 35.82,
          "score": 0.761,
          "speaker": "SPEAKER_00"
        },
        {
          "word": "while",
          "start": 36.22,
          "end": 36.401,
          "score": 0.691,
          "speaker": "SPEAKER_00"
        },
        {
          "word": "an",
          "start": 36.421,
          "end": 36.481,
          "score": 0.707,
          "speaker": "SPEAKER_00"
        },
        {
          "word": "overwhelming",
          "start": 36.541,
          "end": 37.002,
          "score": 0.85,
          "speaker": "SPEAKER_00"
        },
        {
          "word": "84%"
        },
        {
          "word": "of",
          "start": 37.042,
          "end": 37.082,
          "score": 0.0,
          "speaker": "SPEAKER_00"
        },
        {
          "word": "Republicans",
          "start": 37.102,
          "end": 37.403,
          "score": 0.209,
          "speaker": "SPEAKER_00"
        },
        {
          "word": "do.",
          "start": 37.463,
          "end": 37.563,
          "score": 0.874,
          "speaker": "SPEAKER_00"
        }
      ],
      "speaker": "SPEAKER_00"
    }
  ],
  "word_segments": [
    {
      "word": "And",
      "start": 0.069,
      "end": 0.149,
      "score": 0.435,
      "speaker": "SPEAKER_00"
    },
    {
      "word": "President",
      "start": 0.189,
      "end": 0.569,
      "score": 0.871,
      "speaker": "SPEAKER_00"
    },
    {
      "word": "Trump",
      "start": 0.629,
      "end": 0.91,
      "score": 0.728,
      "speaker": "SPEAKER_00"
    },
    {
      "word": "loves",
      "start": 1.03,
      "end": 1.31,
      "score": 0.824,
      "speaker": "SPEAKER_00"
    },
    {
      "word": "to",
      "start": 1.35,
      "end": 1.43,
      "score": 0.941,
      "speaker": "SPEAKER_00"
    },
    {
      "word": "talk",
      "start": 1.49,
      "end": 1.71,
      "score": 0.857,
      "speaker": "SPEAKER_00"
    },
    {
      "word": "about",
      "start": 1.75,
      "end": 1.93,
      "score": 0.821,
      "speaker": "SPEAKER_00"
    },
    {
      "word": "his",
      "start": 1.97,
      "end": 2.09,
      "score": 0.757,
      "speaker": "SPEAKER_00"
    },
    {
      "word": "TV",
      "start": 2.17,
      "end": 2.511,
      "score": 0.9,
      "speaker": "SPEAKER_00"
    },
    {
      "word": "ratings,",
      "start": 2.591,
      "end": 2.991,
      "score": 0.894,
      "speaker": "SPEAKER_00"
    },
    {
      "word": "if",
      "start": 3.071,
      "end": 3.151,
      "score": 0.856,
      "speaker": "SPEAKER_00"
    },
    {
      "word": "not",
      "start": 3.711,
      "end": 3.852,
      "score": 0.76,
      "speaker": "SPEAKER_00"
    },
    {
      "word": "his",
      "start": 3.892,
      "end": 3.972,
      "score": 0.833,
      "speaker": "SPEAKER_00"
    },
    {
      "word": "current",
      "start": 4.032,
      "end": 4.272,
      "score": 0.948,
      "speaker": "SPEAKER_00"
    },
    {
      "word": "approval",
      "start": 4.292,
      "end": 4.592,
      "score": 0.872,
      "speaker": "SPEAKER_00"
    },
    {
      "word": "ratings.",
      "start": 4.612,
      "end": 4.892,
      "score": 0.806,
      "speaker": "SPEAKER_00"
    },
    {
      "word": "So",
      "start": 4.952,
      "end": 5.092,
      "score": 0.879,
      "speaker": "SPEAKER_00"
    },
    {
      "word": "he",
      "start": 5.373,
      "end": 5.473,
      "score": 0.867,
      "speaker": "SPEAKER_00"
    },
    {
      "word": "must",
      "start": 5.553,
      "end": 5.753,
      "score": 0.868,
      "speaker": "SPEAKER_00"
    },
    {
      "word": "be",
      "start": 5.793,
      "end": 5.893,
      "score": 0.832,
      "speaker": "SPEAKER_00"
    },
    {
      "word": "pleased",
      "start": 5.933,
      "end": 6.173,
      "score": 0.746,
      "speaker": "SPEAKER_00"
    },
    {
      "word": "to",
      "start": 6.193,
      "end": 6.253,
      "score": 0.898,
      "speaker": "SPEAKER_00"
    },
    {
      "word": "know",
      "start": 6.273,
      "end": 6.393,
      "score": 0.873,
      "speaker": "SPEAKER_00"
    },
    {
      "word": "that",
      "start": 6.433,
      "end": 6.533,
      "score": 0.875,
      "speaker": "SPEAKER_00"
    },
    {
      "word": "33"
    },
    {
      "word": "million",
      "start": 7.214,
      "end": 7.494,
      "score": 0.837,
      "speaker": "SPEAKER_00"
    },
    {
      "word": "people",
      "start": 7.514,
      "end": 7.794,
      "score": 0.935,
      "speaker": "SPEAKER_00"
    },
    {
      "word": "watched",
      "start": 7.834,
      "end": 8.174,
      "score": 0.793,
      "speaker": "SPEAKER_00"
    },
    {
      "word": "the",
      "start": 8.214,
      "end": 8.295,
      "score": 0.997,
      "speaker": "SPEAKER_00"
    },
    {
      "word": "primetime",
      "start": 8.335,
      "end": 8.835,
      "score": 0.906,
      "speaker": "SPEAKER_00"
    },
    {
      "word": "rollout",
      "start": 8.875,
      "end": 9.375,
      "score": 0.712,
      "speaker": "SPEAKER_00"
    },
    {
      "word": "of",
      "start": 9.695,
      "end": 9.755,
      "score": 0.992,
      "speaker": "SPEAKER_00"
    },
    {
      "word": "his",
      "start": 9.816,
      "end": 9.916,
      "score": 0.868,
      "speaker": "SPEAKER_00"
    },
    {
      "word": "Supreme",
      "start": 9.956,
      "end": 10.236,
      "score": 0.867,
      "speaker": "SPEAKER_00"
    },
    {
      "word": "Court",
      "start": 10.276,
      "end": 10.496,
      "score": 0.864,
      "speaker": "SPEAKER_00"
    },
    {
      "word": "pick,",
      "start": 10.536,
      "end": 10.676,
      "score": 0.787,
      "speaker": "SPEAKER_00"
    },
    {
      "word": "Neil",
      "start": 10.736,
      "end": 10.916,
      "score": 0.714,
      "speaker": "SPEAKER_00"
    },
    {
      "word": "Gorsuch.",
      "start": 10.956,
      "end": 11.337,
      "score": 0.82,
      "speaker": "SPEAKER_00"
    },
    {
      "word": "But",
      "start": 11.777,
      "end": 11.877,
      "score": 0.909,
      "speaker": "SPEAKER_00"
    },
    {
      "word": "what",
      "start": 11.897,
      "end": 12.017,
      "score": 0.851,
      "speaker": "SPEAKER_00"
    },
    {
      "word": "do",
      "start": 12.037,
      "end": 12.137,
      "score": 0.879,
      "speaker": "SPEAKER_00"
    },
    {
      "word": "Americans",
      "start": 12.177,
      "end": 12.637,
      "score": 0.81,
      "speaker": "SPEAKER_00"
    },
    {
      "word": "think",
      "start": 12.737,
      "end": 12.938,
      "score": 0.865,
      "speaker": "SPEAKER_00"
    },
    {
      "word": "of",
      "start": 12.958,
      "end": 13.018,
      "score": 0.744,
      "speaker": "SPEAKER_00"
    },
    {
      "word": "the",
      "start": 13.038,
      "end": 13.118,
      "score": 0.808,
      "speaker": "SPEAKER_00"
    },
    {
      "word": "choice?",
      "start": 13.158,
      "end": 13.458,
      "score": 0.89,
      "speaker": "SPEAKER_00"
    },
    {
      "word": "Well,",
      "start": 13.518,
      "end": 13.738,
      "score": 0.907,
      "speaker": "SPEAKER_00"
    },
    {
      "word": "a",
      "start": 13.918,
      "end": 13.958,
      "score": 0.62,
      "speaker": "SPEAKER_00"
    },
    {
      "word": "brand",
      "start": 13.978,
      "end": 14.158,
      "score": 0.725,
      "speaker": "SPEAKER_00"
    },
    {
      "word": "new",
      "start": 14.178,
      "end": 14.299,
      "score": 0.433,
      "speaker": "SPEAKER_00"
    },
    {
      "word": "CNN",
      "start": 14.319,
      "end": 14.659,
      "score": 0.663,
      "speaker": "SPEAKER_00"
    },
    {
      "word": "poll",
      "start": 14.679,
      "end": 14.899,
      "score": 0.777,
      "speaker": "SPEAKER_00"
    },
    {
      "word": "shows",
      "start": 14.939,
      "end": 15.159,
      "score": 0.804,
      "speaker": "SPEAKER_00"
    },
    {
      "word": "that",
      "start": 15.199,
      "end": 15.299,
      "score": 0.908,
      "speaker": "SPEAKER_00"
    },
    {
      "word": "a",
      "start": 15.339,
      "end": 15.359,
      "score": 0.922,
      "speaker": "SPEAKER_00"
    },
    {
      "word": "plurality,",
      "start": 15.399,
      "end": 15.98,
      "score": 0.913,
      "speaker": "SPEAKER_00"
    },
    {
      "word": "39%,"
    },
    {
      "word": "were",
      "start": 16.7,
      "end": 17.06,
      "score": 0.658,
      "speaker": "SPEAKER_00"
    },
    {
      "word": "left",
      "start": 17.501,
      "end": 17.661,
      "score": 0.746,
      "speaker": "SPEAKER_00"
    },
    {
      "word": "with",
      "start": 17.681,
      "end": 17.801,
      "score": 0.867,
      "speaker": "SPEAKER_00"
    },
    {
      "word": "a",
      "start": 17.841,
      "end": 17.901,
      "score": 0.724,
      "speaker": "SPEAKER_00"
    },
    {
      "word": "positive",
      "start": 18.001,
      "end": 18.481,
      "score": 0.764,
      "speaker": "SPEAKER_00"
    },
    {
      "word": "first",
      "start": 18.521,
      "end": 18.762,
      "score": 0.773,
      "speaker": "SPEAKER_00"
    },
    {
      "word": "impression.",
      "start": 18.822,
      "end": 19.262,
      "score": 0.925,
      "speaker": "SPEAKER_00"
    },
    {
      "word": "That",
      "start": 19.282,
      "end": 19.402,
      "score": 0.872,
      "speaker": "SPEAKER_00"
    },
    {
      "word": "compares",
      "start": 19.422,
      "end": 19.722,
      "score": 0.875,
      "speaker": "SPEAKER_00"
    },
    {
      "word": "with",
      "start": 19.762,
      "end": 19.882,
      "score": 0.884,
      "speaker": "SPEAKER_00"
    },
    {
      "word": "45%"
    },
    {
      "word": "for",
      "start": 20.263,
      "end": 20.883,
      "score": 0.733,
      "speaker": "SPEAKER_00"
    },
    {
      "word": "President",
      "start": 20.943,
      "end": 21.924,
      "score": 0.66,
      "speaker": "SPEAKER_00"
    },
    {
      "word": "Obama's",
      "start": 22.004,
      "end": 22.384,
      "score": 0.829,
      "speaker": "SPEAKER_00"
    },
    {
      "word": "never-confirmed",
      "start": 22.444,
      "end": 23.144,
      "score": 0.847,
      "speaker": "SPEAKER_00"
    },
    {
      "word": "pick,",
      "start": 23.204,
      "end": 23.405,
      "score": 0.82,
      "speaker": "SPEAKER_00"
    },
    {
      "word": "Judge",
      "start": 23.445,
      "end": 23.645,
      "score": 0.912,
      "speaker": "SPEAKER_00"
    },
    {
      "word": "Merrick",
      "start": 23.685,
      "end": 23.925,
      "score": 0.715,
      "speaker": "SPEAKER_00"
    },
    {
      "word": "Garland,",
      "start": 23.945,
      "end": 24.285,
      "score": 0.915,
      "speaker": "SPEAKER_00"
    },
    {
      "word": "and",
      "start": 24.325,
      "end": 24.425,
      "score": 0.762,
      "speaker": "SPEAKER_00"
    },
    {
      "word": "54%"
    },
    {
      "word": "for",
      "start": 24.866,
      "end": 25.886,
      "score": 0.673,
      "speaker": "SPEAKER_00"
    },
    {
      "word": "now",
      "start": 25.926,
      "end": 26.086,
      "score": 0.978,
      "speaker": "SPEAKER_00"
    },
    {
      "word": "Chief",
      "start": 26.146,
      "end": 26.367,
      "score": 0.677,
      "speaker": "SPEAKER_00"
    },
    {
      "word": "Justice",
      "start": 26.407,
      "end": 26.807,
      "score": 0.907,
      "speaker": "SPEAKER_00"
    },
    {
      "word": "John",
      "start": 27.167,
      "end": 27.347,
      "score": 0.807,
      "speaker": "SPEAKER_00"
    },
    {
      "word": "Roberts.",
      "start": 27.407,
      "end": 27.788,
      "score": 0.841,
      "speaker": "SPEAKER_00"
    },
    {
      "word": "But",
      "start": 27.888,
      "end": 27.968,
      "score": 0.995,
      "speaker": "SPEAKER_00"
    },
    {
      "word": "when",
      "start": 27.988,
      "end": 28.088,
      "score": 0.986,
      "speaker": "SPEAKER_00"
    },
    {
      "word": "it",
      "start": 28.108,
      "end": 28.168,
      "score": 0.748,
      "speaker": "SPEAKER_00"
    },
    {
      "word": "comes",
      "start": 28.188,
      "end": 28.328,
      "score": 0.895,
      "speaker": "SPEAKER_00"
    },
    {
      "word": "to",
      "start": 28.348,
      "end": 28.428,
      "score": 0.564,
      "speaker": "SPEAKER_00"
    },
    {
      "word": "confirming",
      "start": 28.468,
      "end": 29.068,
      "score": 0.911,
      "speaker": "SPEAKER_00"
    },
    {
      "word": "the",
      "start": 29.108,
      "end": 29.168,
      "score": 0.987,
      "speaker": "SPEAKER_00"
    },
    {
      "word": "new",
      "start": 29.208,
      "end": 29.289,
      "score": 0.956,
      "speaker": "SPEAKER_00"
    },
    {
      "word": "nominee,",
      "start": 29.329,
      "end": 29.689,
      "score": 0.815,
      "speaker": "SPEAKER_00"
    },
    {
      "word": "Opinions",
      "start": 30.169,
      "end": 30.57,
      "score": 0.784,
      "speaker": "SPEAKER_00"
    },
    {
      "word": "are",
      "start": 30.71,
      "end": 30.81,
      "score": 0.667,
      "speaker": "SPEAKER_00"
    },
    {
      "word": "sharply",
      "start": 30.871,
      "end": 31.211,
      "score": 0.85,
      "speaker": "SPEAKER_00"
    },
    {
      "word": "divided",
      "start": 31.231,
      "end": 31.652,
      "score": 0.887,
      "speaker": "SPEAKER_00"
    },
    {
      "word": "along",
      "start": 31.712,
      "end": 31.933,
      "score": 0.835,
      "speaker": "SPEAKER_00"
    },
    {
      "word": "party",
      "start": 31.973,
      "end": 32.233,
      "score": 0.868,
      "speaker": "SPEAKER_00"
    },
    {
      "word": "lines.",
      "start": 32.253,
      "end": 32.534,
      "score": 0.855,
      "speaker": "SPEAKER_00"
    },
    {
      "word": "Just",
      "start": 32.594,
      "end": 33.135,
      "score": 0.791,
      "speaker": "SPEAKER_00"
    },
    {
      "word": "22%"
    },
    {
      "word": "of",
      "start": 33.696,
      "end": 33.736,
      "score": 0.996,
      "speaker": "SPEAKER_00"
    },
    {
      "word": "Democrats",
      "start": 33.776,
      "end": 34.197,
      "score": 0.755,
      "speaker": "SPEAKER_00"
    },
    {
      "word": "think",
      "start": 34.237,
      "end": 34.377,
      "score": 0.933,
      "speaker": "SPEAKER_00"
    },
    {
      "word": "the",
      "start": 34.397,
      "end": 34.477,
      "score": 0.84,
      "speaker": "SPEAKER_00"
    },
    {
      "word": "Senate",
      "start": 34.497,
      "end": 34.758,
      "score": 0.794,
      "speaker": "SPEAKER_00"
    },
    {
      "word": "should",
      "start": 34.818,
      "end": 34.998,
      "score": 0.803,
      "speaker": "SPEAKER_00"
    },
    {
      "word": "vote",
      "start": 35.038,
      "end": 35.219,
      "score": 0.893,
      "speaker": "SPEAKER_00"
    },
    {
      "word": "to",
      "start": 35.239,
      "end": 35.299,
      "score": 0.755,
      "speaker": "SPEAKER_00"
    },
    {
      "word": "confirm",
      "start": 35.339,
      "end": 35.659,
      "score": 0.951,
      "speaker": "SPEAKER_00"
    },
    {
      "word": "him,",
      "start": 35.7,
      "end": 35.82,
      "score": 0.761,
      "speaker": "SPEAKER_00"
    },
    {
      "word": "while",
      "start": 36.22,
      "end": 36.401,
      "score": 0.691,
      "speaker": "SPEAKER_00"
    },
    {
      "word": "an",
      "start": 36.421,
      "end": 36.481,
      "score": 0.707,
      "speaker": "SPEAKER_00"
    },
    {
      "word": "overwhelming",
      "start": 36.541,
      "end": 37.002,
      "score": 0.85,
      "speaker": "SPEAKER_00"
    },
    {
      "word": "84%"
    },
    {
      "word": "of",
      "start": 37.042,
      "end": 37.082,
      "score": 0.0,
      "speaker": "SPEAKER_00"
    },
    {
      "word": "Republicans",
      "start": 37.102,
      "end": 37.403,
      "score": 0.209,
      "speaker": "SPEAKER_00"
    },
    {
      "word": "do.",
      "start": 37.463,
      "end": 37.563,
      "score": 0.874,
      "speaker": "SPEAKER_00"
    }
  ],
  "language": "en"
}