{
  "segments": [
    {
      "start": 3.843,
      "end": 9.548,
      "text": " Democratic presidential candidates had one final debate tonight in South Carolina before Super Tuesday.",
      "words": [
        {
          "word": "Democratic",
          "start": 3.843,
          "end": 4.323,
          "score": 0.838,
          "speaker": "SPEAKER_01"
        },
        {
          "word": "presidential",
          "start": 4.363,
          "end": 4.824,
          "score": 0.968,
          "speaker": "SPEAKER_01"
        },
        {
          "word": "candidates",
          "start": 4.864,
          "end": 5.264,
          "score": 0.898,
          "speaker": "SPEAKER_01"
        },
        {
          "word": "had",
          "start": 5.304,
          "end": 5.524,
          "score": 0.708,
          "speaker": "SPEAKER_01"
        },
        {
          "word": "one",
          "start": 5.845,
          "end": 5.985,
          "score": 0.581,
          "speaker": "SPEAKER_01"
        },
        {
          "word": "final",
          "start": 6.185,
          "end": 6.485,
          "score": 0.869,
          "speaker": "SPEAKER_01"
        },
        {
          "word": "debate",
          "start": 6.605,
          "end": 6.966,
          "score": 0.56,
          "speaker": "SPEAKER_01"
        },
        {
          "word": "tonight",
          "start": 7.006,
          "end": 7.386,
          "score": 0.793,
          "speaker": "SPEAKER_01"
        },
        {
          "word": "in",
          "start": 7.426,
          "end": 7.506,
          "score": 0.576,
          "speaker": "SPEAKER_01"
        },
        {
          "word": "South",
          "start": 7.586,
          "end": 7.786,
          "score": 0.926,
          "speaker": "SPEAKER_01"
        },
        {
          "word": "Carolina",
          "start": 7.826,
          "end": 8.327,
          "score": 0.799,
          "speaker": "SPEAKER_01"
        },
        {
          "word": "before",
          "start": 8.407,
          "end": 8.687,
          "score": 0.878,
          "speaker": "SPEAKER_01"
        },
        {
          "word": "Super",
          "start": 8.747,
          "end": 9.027,
          "score": 0.743,
          "speaker": "SPEAKER_01"
        },
        {
          "word": "Tuesday.",
          "start": 9.087,
          "end": 9.548,
          "score": 0.869,
          "speaker": "SPEAKER_01"
        }
      ],
      "speaker": "SPEAKER_01"
    },
    {
      "start": 9.608,
      "end": 14.772,
      "text": "South Carolina being seen as a crucial test for this crowded field, the first primary in the South.",
      "words": [
        {
          "word": "South",
          "start": 9.608,
          "end": 9.768,
          "score": 0.932,
          "speaker": "SPEAKER_00"
        },
        {
          "word": "Carolina",
          "start": 9.788,
          "end": 10.168,
          "score": 0.865,
          "speaker": "SPEAKER_00"
        },
        {
          "word": "being",
          "start": 10.208,
          "end": 10.368,
          "score": 0.806,
          "speaker": "SPEAKER_00"
        },
        {
          "word": "seen",
          "start": 10.388,
          "end": 10.549,
          "score": 0.734,
          "speaker": "SPEAKER_00"
        },
        {
          "word": "as",
          "start": 10.589,
          "end": 10.669,
          "score": 0.663,
          "speaker": "SPEAKER_00"
        },
        {
          "word": "a",
          "start": 10.709,
          "end": 10.789,
          "score": 0.524,
          "speaker": "SPEAKER_00"
        },
        {
          "word": "crucial",
          "start": 10.909,
          "end": 11.409,
          "score": 0.904,
          "speaker": "SPEAKER_00"
        },
        {
          "word": "test",
          "start": 11.469,
          "end": 11.75,
          "score": 0.93,
          "speaker": "SPEAKER_00"
        },
        {
          "word": "for",
          "start": 11.77,
          "end": 11.87,
          "score": 0.998,
          "speaker": "SPEAKER_00"
        },
        {
          "word": "this",
          "start": 11.91,
          "end": 12.03,
          "score": 0.908,
          "speaker": "SPEAKER_00"
        },
        {
          "word": "crowded",
          "start": 12.13,
          "end": 12.51,
          "score": 0.843,
          "speaker": "SPEAKER_00"
        },
        {
          "word": "field,",
          "start": 12.59,
          "end": 12.931,
          "score": 0.799,
          "speaker": "SPEAKER_00"
        },
        {
          "word": "the",
          "start": 12.951,
          "end": 13.051,
          "score": 0.819,
          "speaker": "SPEAKER_00"
        },
        {
          "word": "first",
          "start": 13.211,
          "end": 13.511,
          "score": 0.916,
          "speaker": "SPEAKER_00"
        },
        {
          "word": "primary",
          "start": 13.591,
          "end": 14.152,
          "score": 0.827,
          "speaker": "SPEAKER_00"
        },
        {
          "word": "in",
          "start": 14.212,
          "end": 14.292,
          "score": 0.842,
          "speaker": "SPEAKER_00"
        },
        {
          "word": "the",
          "start": 14.312,
          "end": 14.412,
          "score": 0.834,
          "speaker": "SPEAKER_00"
        },
        {
          "word": "South.",
          "start": 14.472,
          "end": 14.772,
          "score": 0.914,
          "speaker": "SPEAKER_00"
        }
      ],
      "speaker": "SPEAKER_00"
    },
    {
      "start": 15.092,
      "end": 19.716,
      "text": "The candidates came together and came out strong, attacking Bernie Sanders and Joe Biden.",
      "words": [
        {
          "word": "The",
          "start": 15.092,
          "end": 15.172,
          "score": 0.889,
          "speaker": "SPEAKER_00"
        },
        {
          "word": "candidates",
          "start": 15.212,
          "end": 15.673,
          "score": 0.796,
          "speaker": "SPEAKER_00"
        },
        {
          "word": "came",
          "start": 15.733,
          "end": 15.933,
          "score": 0.839,
          "speaker": "SPEAKER_00"
        },
        {
          "word": "together",
          "start": 15.973,
          "end": 16.393,
          "score": 0.887,
          "speaker": "SPEAKER_00"
        },
        {
          "word": "and",
          "start": 16.574,
          "end": 16.674,
          "score": 0.839,
          "speaker": "SPEAKER_00"
        },
        {
          "word": "came",
          "start": 16.714,
          "end": 16.874,
          "score": 0.886,
          "speaker": "SPEAKER_00"
        },
        {
          "word": "out",
          "start": 16.914,
          "end": 17.014,
          "score": 0.978,
          "speaker": "SPEAKER_00"
        },
        {
          "word": "strong,",
          "start": 17.054,
          "end": 17.354,
          "score": 0.853,
          "speaker": "SPEAKER_00"
        },
        {
          "word": "attacking",
          "start": 17.554,
          "end": 17.935,
          "score": 0.936,
          "speaker": "SPEAKER_00"
        },
        {
          "word": "Bernie",
          "start": 17.955,
          "end": 18.215,
          "score": 0.661,
          "speaker": "SPEAKER_00"
        },
        {
          "word": "Sanders",
          "start": 18.235,
          "end": 18.635,
          "score": 0.857,
          "speaker": "SPEAKER_00"
        },
        {
          "word": "and",
          "start": 18.956,
          "end": 19.076,
          "score": 0.832,
          "speaker": "SPEAKER_00"
        },
        {
          "word": "Joe",
          "start": 19.116,
          "end": 19.316,
          "score": 0.664,
          "speaker": "SPEAKER_00"
        },
        {
          "word": "Biden.",
          "start": 19.336,
          "end": 19.716,
          "score": 0.79,
          "speaker": "SPEAKER_00"
        }
      ],
      "speaker": "SPEAKER_00"
    },
    {
      "start": 20.117,
      "end": 28.864,
      "text": "Analysts say South Carolina is really a dire win for Biden, but Senator Elizabeth Warren took this opportunity to try to distinguish herself from her progressive colleague.",
      "words": [
        {
          "word": "Analysts",
          "start": 20.117,
          "end": 20.397,
          "score": 0.594,
          "speaker": "SPEAKER_00"
        },
        {
          "word": "say",
          "start": 20.417,
          "end": 20.577,
          "score": 0.892,
          "speaker": "SPEAKER_00"
        },
        {
          "word": "South",
          "start": 20.617,
          "end": 20.837,
          "score": 0.784,
          "speaker": "SPEAKER_00"
        },
        {
          "word": "Carolina",
          "start": 20.877,
          "end": 21.378,
          "score": 0.804,
          "speaker": "SPEAKER_00"
        },
        {
          "word": "is",
          "start": 21.398,
          "end": 21.438,
          "score": 0.001,
          "speaker": "SPEAKER_00"
        },
        {
          "word": "really",
          "start": 21.518,
          "end": 21.698,
          "score": 0.951,
          "speaker": "SPEAKER_00"
        },
        {
          "word": "a",
          "start": 21.738,
          "end": 21.778,
          "score": 0.616,
          "speaker": "SPEAKER_00"
        },
        {
          "word": "dire",
          "start": 21.918,
          "end": 22.298,
          "score": 0.802,
          "speaker": "SPEAKER_00"
        },
        {
          "word": "win",
          "start": 22.418,
          "end": 22.679,
          "score": 0.78,
          "speaker": "SPEAKER_00"
        },
        {
          "word": "for",
          "start": 22.739,
          "end": 22.879,
          "score": 0.875,
          "speaker": "SPEAKER_00"
        },
        {
          "word": "Biden,",
          "start": 22.959,
          "end": 23.399,
          "score": 0.749,
          "speaker": "SPEAKER_00"
        },
        {
          "word": "but",
          "start": 23.7,
          "end": 23.84,
          "score": 0.858,
          "speaker": "SPEAKER_00"
        },
        {
          "word": "Senator",
          "start": 23.92,
          "end": 24.2,
          "score": 0.461,
          "speaker": "SPEAKER_00"
        },
        {
          "word": "Elizabeth",
          "start": 24.22,
          "end": 24.52,
          "score": 0.544,
          "speaker": "SPEAKER_00"
        },
        {
          "word": "Warren",
          "start": 24.54,
          "end": 24.86,
          "score": 0.799,
          "speaker": "SPEAKER_00"
        },
        {
          "word": "took",
          "start": 24.88,
          "end": 25.021,
          "score": 0.861,
          "speaker": "SPEAKER_00"
        },
        {
          "word": "this",
          "start": 25.061,
          "end": 25.181,
          "score": 0.884,
          "speaker": "SPEAKER_00"
        },
        {
          "word": "opportunity",
          "start": 25.241,
          "end": 25.821,
          "score": 0.829,
          "speaker": "SPEAKER_00"
        },
        {
          "word": "to",
          "start": 25.961,
          "end": 26.061,
          "score": 0.642,
          "speaker": "SPEAKER_00"
        },
        {
          "word": "try",
          "start": 26.102,
          "end": 26.242,
          "score": 0.741,
          "speaker": "SPEAKER_00"
        },
        {
          "word": "to",
          "start": 26.262,
          "end": 26.322,
          "score": 0.865,
          "speaker": "SPEAKER_00"
        },
        {
          "word": "distinguish",
          "start": 26.362,
          "end": 26.802,
          "score": 0.796,
          "speaker": "SPEAKER_00"
        },
        {
          "word": "herself",
          "start": 26.842,
          "end": 27.222,
          "score": 0.908,
          "speaker": "SPEAKER_00"
        },
        {
          "word": "from",
          "start": 27.262,
          "end": 27.403,
          "score": 0.985,
          "speaker": "SPEAKER_00"
        },
        {
          "word": "her",
          "start": 27.463,
          "end": 27.583,
          "score": 0.841,
          "speaker": "SPEAKER_00"
        },
        {
          "word": "progressive",
          "start": 27.703,
          "end": 28.303,
          "score": 0.809,
          "speaker": "SPEAKER_00"
        },
        {
          "word": "colleague.",
          "start": 28.483,
          "end": 28.864,
          "score": 0.879,
          "speaker": "SPEAKER_00"
        }
      ],
      "speaker": "SPEAKER_00"
    },
    {
      "start": 29.708,
      "end": 45.42,
      "text": " So look, the way I see this is that Bernie is winning right now because the Democratic Party is a progressive party and progressive ideas are popular ideas, even if there are a lot of people on this stage who don't want to say so.",
      "words": [
        {
          "word": "So",
          "start": 29.708,
          "end": 29.888,
          "score": 0.972,
          "speaker": "SPEAKER_02"
        },
        {
          "word": "look,",
          "start": 29.908,
          "end": 30.188,
          "score": 0.899,
          "speaker": "SPEAKER_02"
        },
        {
          "word": "the",
          "start": 31.469,
          "end": 31.55,
          "score": 0.99,
          "speaker": "SPEAKER_02"
        },
        {
          "word": "way",
          "start": 31.59,
          "end": 31.73,
          "score": 0.906,
          "speaker": "SPEAKER_02"
        },
        {
          "word": "I",
          "start": 31.83,
          "end": 31.91,
          "score": 0.723,
          "speaker": "SPEAKER_02"
        },
        {
          "word": "see",
          "start": 32.01,
          "end": 32.21,
          "score": 0.856,
          "speaker": "SPEAKER_02"
        },
        {
          "word": "this",
          "start": 32.25,
          "end": 32.45,
          "score": 0.797,
          "speaker": "SPEAKER_02"
        },
        {
          "word": "is",
          "start": 32.73,
          "end": 32.831,
          "score": 0.781,
          "speaker": "SPEAKER_02"
        },
        {
          "word": "that",
          "start": 32.951,
          "end": 33.231,
          "score": 0.852,
          "speaker": "SPEAKER_02"
        },
        {
          "word": "Bernie",
          "start": 33.391,
          "end": 33.651,
          "score": 0.534,
          "speaker": "SPEAKER_02"
        },
        {
          "word": "is",
          "start": 33.711,
          "end": 33.771,
          "score": 0.765,
          "speaker": "SPEAKER_02"
        },
        {
          "word": "winning",
          "start": 33.831,
          "end": 34.091,
          "score": 0.869,
          "speaker": "SPEAKER_02"
        },
        {
          "word": "right",
          "start": 34.131,
          "end": 34.332,
          "score": 0.788,
          "speaker": "SPEAKER_02"
        },
        {
          "word": "now",
          "start": 34.372,
          "end": 34.592,
          "score": 0.897,
          "speaker": "SPEAKER_02"
        },
        {
          "word": "because",
          "start": 35.092,
          "end": 35.412,
          "score": 0.789,
          "speaker": "SPEAKER_02"
        },
        {
          "word": "the",
          "start": 35.493,
          "end": 35.593,
          "score": 0.838,
          "speaker": "SPEAKER_02"
        },
        {
          "word": "Democratic",
          "start": 35.633,
          "end": 36.293,
          "score": 0.818,
          "speaker": "SPEAKER_02"
        },
        {
          "word": "Party",
          "start": 36.393,
          "end": 36.814,
          "score": 0.9,
          "speaker": "SPEAKER_02"
        },
        {
          "word": "is",
          "start": 37.054,
          "end": 37.154,
          "score": 0.721,
          "speaker": "SPEAKER_02"
        },
        {
          "word": "a",
          "start": 37.214,
          "end": 37.274,
          "score": 0.672,
          "speaker": "SPEAKER_02"
        },
        {
          "word": "progressive",
          "start": 37.394,
          "end": 38.095,
          "score": 0.817,
          "speaker": "SPEAKER_02"
        },
        {
          "word": "party",
          "start": 38.195,
          "end": 38.595,
          "score": 0.927,
          "speaker": "SPEAKER_02"
        },
        {
          "word": "and",
          "start": 39.115,
          "end": 39.195,
          "score": 0.934,
          "speaker": "SPEAKER_02"
        },
        {
          "word": "progressive",
          "start": 39.295,
          "end": 40.076,
          "score": 0.757,
          "speaker": "SPEAKER_02"
        },
        {
          "word": "ideas",
          "start": 40.316,
          "end": 40.877,
          "score": 0.785,
          "speaker": "SPEAKER_02"
        },
        {
          "word": "are",
          "start": 41.097,
          "end": 41.217,
          "score": 0.743,
          "speaker": "SPEAKER_02"
        },
        {
          "word": "popular",
          "start": 41.357,
          "end": 41.977,
          "score": 0.849,
          "speaker": "SPEAKER_02"
        },
        {
          "word": "ideas,",
          "start": 42.258,
          "end": 42.738,
          "score": 0.915,
          "speaker": "SPEAKER_02"
        },
        {
          "word": "even",
          "start": 42.918,
          "end": 43.058,
          "score": 0.822,
          "speaker": "SPEAKER_02"
        },
        {
          "word": "if",
          "start": 43.098,
          "end": 43.138,
          "score": 1.0,
          "speaker": "SPEAKER_02"
        },
        {
          "word": "there",
          "start": 43.158,
          "end": 43.278,
          "score": 0.882,
          "speaker": "SPEAKER_02"
        },
        {
          "word": "are",
          "start": 43.298,
          "end": 43.359,
          "score": 0.951,
          "speaker": "SPEAKER_02"
        },
        {
          "word": "a",
          "start": 43.379,
          "end": 43.399,
          "score": 0.001,
          "speaker": "SPEAKER_02"
        },
        {
          "word": "lot",
          "start": 43.419,
          "end": 43.519,
          "score": 0.763,
          "speaker": "SPEAKER_02"
        },
        {
          "word": "of",
          "start": 43.539,
          "end": 43.599,
          "score": 0.75,
          "speaker": "SPEAKER_02"
        },
        {
          "word": "people",
          "start": 43.639,
          "end": 43.859,
          "score": 0.79,
          "speaker": "SPEAKER_02"
        },
        {
          "word": "on",
          "start": 43.899,
          "end": 43.959,
          "score": 0.696,
          "speaker": "SPEAKER_02"
        },
        {
          "word": "this",
          "start": 43.999,
          "end": 44.119,
          "score": 0.767,
          "speaker": "SPEAKER_02"
        },
        {
          "word": "stage",
          "start": 44.159,
          "end": 44.419,
          "score": 0.945,
          "speaker": "SPEAKER_02"
        },
        {
          "word": "who",
          "start": 44.459,
          "end": 44.539,
          "score": 0.34,
          "speaker": "SPEAKER_02"
        },
        {
          "word": "don't",
          "start": 44.579,
          "end": 44.7,
          "score": 0.903,
          "speaker": "SPEAKER_02"
        },
        {
          "word": "want",
          "start": 44.72,
          "end": 44.82,
          "score": 0.875,
          "speaker": "SPEAKER_02"
        },
        {
          "word": "to",
          "start": 44.86,
          "end": 44.92,
          "score": 0.76,
          "speaker": "SPEAKER_02"
        },
        {
          "word": "say",
          "start": 44.98,
          "end": 45.16,
          "score": 0.756,
          "speaker": "SPEAKER_02"
        },
        {
          "word": "so.",
          "start": 45.24,
          "end": 45.42,
          "score": 0.893,
          "speaker": "SPEAKER_02"
        }
      ],
      "speaker": "SPEAKER_02"
    },
    {
      "start": 46.181,
      "end": 52.566,
      "text": "You know, but Bernie and I agree on a lot of things, but I think I would make a better president than Bernie.",
      "words": [
        {
          "word": "You",
          "start": 46.181,
          "end": 46.261,
          "score": 0.425,
          "speaker": "SPEAKER_02"
        },
        {
          "word": "know,",
          "start": 46.281,
          "end": 46.441,
          "score": 0.622,
          "speaker": "SPEAKER_02"
        },
        {
          "word": "but",
          "start": 47.021,
          "end": 47.161,
          "score": 0.874,
          "speaker": "SPEAKER_02"
        },
        {
          "word": "Bernie",
          "start": 47.742,
          "end": 48.042,
          "score": 0.492,
          "speaker": "SPEAKER_02"
        },
        {
          "word": "and",
          "start": 48.062,
          "end": 48.162,
          "score": 0.829,
          "speaker": "SPEAKER_02"
        },
        {
          "word": "I",
          "start": 48.222,
          "end": 48.302,
          "score": 0.75,
          "speaker": "SPEAKER_02"
        },
        {
          "word": "agree",
          "start": 48.342,
          "end": 48.683,
          "score": 0.875,
          "speaker": "SPEAKER_02"
        },
        {
          "word": "on",
          "start": 48.883,
          "end": 48.963,
          "score": 0.832,
          "speaker": "SPEAKER_02"
        },
        {
          "word": "a",
          "start": 48.983,
          "end": 49.023,
          "score": 0.497,
          "speaker": "SPEAKER_02"
        },
        {
          "word": "lot",
          "start": 49.103,
          "end": 49.263,
          "score": 0.911,
          "speaker": "SPEAKER_02"
        },
        {
          "word": "of",
          "start": 49.303,
          "end": 49.363,
          "score": 0.794,
          "speaker": "SPEAKER_02"
        },
        {
          "word": "things,",
          "start": 49.443,
          "end": 49.783,
          "score": 0.822,
          "speaker": "SPEAKER_02"
        },
        {
          "word": "but",
          "start": 50.244,
          "end": 50.364,
          "score": 0.993,
          "speaker": "SPEAKER_02"
        },
        {
          "word": "I",
          "start": 50.404,
          "end": 50.484,
          "score": 0.708,
          "speaker": "SPEAKER_02"
        },
        {
          "word": "think",
          "start": 50.524,
          "end": 50.684,
          "score": 0.861,
          "speaker": "SPEAKER_02"
        },
        {
          "word": "I",
          "start": 50.724,
          "end": 50.784,
          "score": 0.933,
          "speaker": "SPEAKER_02"
        },
        {
          "word": "would",
          "start": 50.824,
          "end": 50.964,
          "score": 0.899,
          "speaker": "SPEAKER_02"
        },
        {
          "word": "make",
          "start": 50.984,
          "end": 51.124,
          "score": 0.774,
          "speaker": "SPEAKER_02"
        },
        {
          "word": "a",
          "start": 51.164,
          "end": 51.184,
          "score": 0.987,
          "speaker": "SPEAKER_02"
        },
        {
          "word": "better",
          "start": 51.225,
          "end": 51.445,
          "score": 0.827,
          "speaker": "SPEAKER_02"
        },
        {
          "word": "president",
          "start": 51.505,
          "end": 52.045,
          "score": 0.86,
          "speaker": "SPEAKER_02"
        },
        {
          "word": "than",
          "start": 52.085,
          "end": 52.245,
          "score": 0.745,
          "speaker": "SPEAKER_02"
        },
        {
          "word": "Bernie.",
          "start": 52.305,
          "end": 52.566,
          "score": 0.558,
          "speaker": "SPEAKER_02"
        }
      ],
      "speaker": "SPEAKER_02"
    },
    {
      "start": 53.586,
      "end": 56.367,
      "text": " There you have it, and we have a verify on our website.",
      "words": [
        {
          "word": "There",
          "start": 53.586,
          "end": 53.746,
          "score": 0.74,
          "speaker": "SPEAKER_01"
        },
        {
          "word": "you",
          "start": 53.786,
          "end": 53.886,
          "score": 0.897,
          "speaker": "SPEAKER_01"
        },
        {
          "word": "have",
          "start": 53.926,
          "end": 54.146,
          "score": 0.902,
          "speaker": "SPEAKER_01"
        },
        {
          "word": "it,",
          "start": 54.226,
          "end": 54.307,
          "score": 0.847,
          "speaker": "SPEAKER_01"
        },
        {
          "word": "and",
          "start": 54.347,
          "end": 54.427,
          "score": 0.726,
          "speaker": "SPEAKER_01"
        },
        {
          "word": "we",
          "start": 54.467,
          "end": 54.627,
          "score": 0.898,
          "speaker": "SPEAKER_01"
        },
        {
          "word": "have",
          "start": 54.647,
          "end": 54.827,
          "score": 0.865,
          "speaker": "SPEAKER_01"
        },
        {
          "word": "a",
          "start": 54.887,
          "end": 54.947,
          "score": 0.824,
          "speaker": "SPEAKER_01"
        },
        {
          "word": "verify",
          "start": 55.047,
          "end": 55.607,
          "score": 0.924,
          "speaker": "SPEAKER_01"
        },
        {
          "word": "on",
          "start": 55.647,
          "end": 55.707,
          "score": 0.755,
          "speaker": "SPEAKER_01"
        },
        {
          "word": "our",
          "start": 55.747,
          "end": 55.847,
          "score": 0.693,
          "speaker": "SPEAKER_01"
        },
        {
          "word": "website.",
          "start": 55.887,
          "end": 56.367,
          "score": 0.794,
          "speaker": "SPEAKER_01"
        }
      ],
      "speaker": "SPEAKER_01"
    },
    {
      "start": 56.688,
      "end": 59.349,
      "text": "Fact-checking some of the claims candidates made tonight.",
      "words": [
        {
          "word": "Fact-checking",
          "start": 56.688,
          "end": 57.428,
          "score": 0.893,
          "speaker": "SPEAKER_01"
        },
        {
          "word": "some",
          "start": 57.468,
          "end": 57.608,
          "score": 0.969,
          "speaker": "SPEAKER_01"
        },
        {
          "word": "of",
          "start": 57.648,
          "end": 57.708,
          "score": 0.749,
          "speaker": "SPEAKER_01"
        },
        {
          "word": "the",
          "start": 57.728,
          "end": 57.808,
          "score": 0.821,
          "speaker": "SPEAKER_01"
        },
        {
          "word": "claims",
          "start": 57.828,
          "end": 58.148,
          "score": 0.768,
          "speaker": "SPEAKER_01"
        },
        {
          "word": "candidates",
          "start": 58.188,
          "end": 58.628,
          "score": 0.465,
          "speaker": "SPEAKER_01"
        },
        {
          "word": "made",
          "start": 58.688,
          "end": 58.929,
          "score": 0.509,
          "speaker": "SPEAKER_01"
        },
        {
          "word": "tonight.",
          "start": 58.969,
          "end": 59.349,
          "score": 0.77,
          "speaker": "SPEAKER_01"
        }
      ],
      "speaker": "SPEAKER_01"
    },
    {
      "start": 59.729,
      "end": 62.37,
      "text": "Just look for it on 12newsnow.com or on our app.",
      "words": [
        {
          "word": "Just",
          "start": 59.729,
          "end": 59.909,
          "score": 0.916,
          "speaker": "SPEAKER_01"
        },
        {
          "word": "look",
          "start": 59.929,
          "end": 60.109,
          "score": 0.866,
          "speaker": "SPEAKER_01"
        },
        {
          "word": "for",
          "start": 60.129,
          "end": 60.249,
          "score": 0.785,
          "speaker": "SPEAKER_01"
        },
        {
          "word": "it",
          "start": 60.289,
          "end": 60.349,
          "score": 0.288,
          "speaker": "SPEAKER_01"
        },
        {
          "word": "on",
          "start": 60.369,
          "end": 60.449,
          "score": 0.746,
          "speaker": "SPEAKER_01"
        },
        {
          "word": "12newsnow.com",
          "start": 60.709,
          "end": 61.49,
          "score": 0.707,
          "speaker": "SPEAKER_01"
        },
        {
          "word": "or",
          "start": 61.69,
          "end": 61.81,
          "score": 0.748,
          "speaker": "SPEAKER_01"
        },
        {
          "word": "on",
          "start": 62.01,
          "end": 62.07,
          "score": 0.784,
          "speaker": "SPEAKER_01"
        },
        {
          "word": "our",
          "start": 62.11,
          "end": 62.17,
          "score": 0.357,
          "speaker": "SPEAKER_01"
        },
        {
          "word": "app.",
          "start": 62.29,
          "end": 62.37,
          "score": 0.647,
          "speaker": "SPEAKER_01"
        }
      ],
      "speaker": "SPEAKER_01"
    },
    {
      "start": 62.67,
      "end": 68.853,
      "text": "And remember, early voting wraps up on Friday for the Texas primary election day Super Tuesday next week.",
      "words": [
        {
          "word": "And",
          "start": 62.67,
          "end": 62.73,
          "score": 0.895,
          "speaker": "SPEAKER_00"
        },
        {
          "word": "remember,",
          "start": 62.77,
          "end": 63.05,
          "score": 0.871,
          "speaker": "SPEAKER_00"
        },
        {
          "word": "early",
          "start": 63.19,
          "end": 63.471,
          "score": 0.797,
          "speaker": "SPEAKER_00"
        },
        {
          "word": "voting",
          "start": 63.531,
          "end": 63.911,
          "score": 0.858,
          "speaker": "SPEAKER_00"
        },
        {
          "word": "wraps",
          "start": 64.071,
          "end": 64.351,
          "score": 0.787,
          "speaker": "SPEAKER_00"
        },
        {
          "word": "up",
          "start": 64.451,
          "end": 64.571,
          "score": 0.826,
          "speaker": "SPEAKER_00"
        },
        {
          "word": "on",
          "start": 64.731,
          "end": 64.811,
          "score": 0.84,
          "speaker": "SPEAKER_00"
        },
        {
          "word": "Friday",
          "start": 64.931,
          "end": 65.291,
          "score": 0.883,
          "speaker": "SPEAKER_00"
        },
        {
          "word": "for",
          "start": 65.371,
          "end": 65.531,
          "score": 0.825,
          "speaker": "SPEAKER_00"
        },
        {
          "word": "the",
          "start": 65.572,
          "end": 65.652,
          "score": 0.834,
          "speaker": "SPEAKER_00"
        },
        {
          "word": "Texas",
          "start": 65.692,
          "end": 66.012,
          "score": 0.864,
          "speaker": "SPEAKER_00"
        },
        {
          "word": "primary",
          "start": 66.052,
          "end": 66.432,
          "score": 0.831,
          "speaker": "SPEAKER_00"
        },
        {
          "word": "election",
          "start": 66.492,
          "end": 66.852,
          "score": 0.911,
          "speaker": "SPEAKER_00"
        },
        {
          "word": "day",
          "start": 66.892,
          "end": 67.072,
          "score": 0.869,
          "speaker": "SPEAKER_00"
        },
        {
          "word": "Super",
          "start": 67.132,
          "end": 67.452,
          "score": 0.861,
          "speaker": "SPEAKER_00"
        },
        {
          "word": "Tuesday",
          "start": 67.492,
          "end": 68.033,
          "score": 0.805,
          "speaker": "SPEAKER_00"
        },
        {
          "word": "next",
          "start": 68.473,
          "end": 68.653,
          "score": 0.802,
          "speaker": "SPEAKER_00"
        },
        {
          "word": "week.",
          "start": 68.713,
          "end": 68.853,
          "score": 0.917,
          "speaker": "SPEAKER_00"
        }
      ],
      "speaker": "SPEAKER_00"
    }
  ],
  "word_segments": [
    {
      "word": "Democratic",
      "start": 3.843,
      "end": 4.323,
      "score": 0.838,
      "speaker": "SPEAKER_01"
    },
    {
      "word": "presidential",
      "start": 4.363,
      "end": 4.824,
      "score": 0.968,
      "speaker": "SPEAKER_01"
    },
    {
      "word": "candidates",
      "start": 4.864,
      "end": 5.264,
      "score": 0.898,
      "speaker": "SPEAKER_01"
    },
    {
      "word": "had",
      "start": 5.304,
      "end": 5.524,
      "score": 0.708,
      "speaker": "SPEAKER_01"
    },
    {
      "word": "one",
      "start": 5.845,
      "end": 5.985,
      "score": 0.581,
      "speaker": "SPEAKER_01"
    },
    {
      "word": "final",
      "start": 6.185,
      "end": 6.485,
      "score": 0.869,
      "speaker": "SPEAKER_01"
    },
    {
      "word": "debate",
      "start": 6.605,
      "end": 6.966,
      "score": 0.56,
      "speaker": "SPEAKER_01"
    },
    {
      "word": "tonight",
      "start": 7.006,
      "end": 7.386,
      "score": 0.793,
      "speaker": "SPEAKER_01"
    },
    {
      "word": "in",
      "start": 7.426,
      "end": 7.506,
      "score": 0.576,
      "speaker": "SPEAKER_01"
    },
    {
      "word": "South",
      "start": 7.586,
      "end": 7.786,
      "score": 0.926,
      "speaker": "SPEAKER_01"
    },
    {
      "word": "Carolina",
      "start": 7.826,
      "end": 8.327,
      "score": 0.799,
      "speaker": "SPEAKER_01"
    },
    {
      "word": "before",
      "start": 8.407,
      "end": 8.687,
      "score": 0.878,
      "speaker": "SPEAKER_01"
    },
    {
      "word": "Super",
      "start": 8.747,
      "end": 9.027,
      "score": 0.743,
      "speaker": "SPEAKER_01"
    },
    {
      "word": "Tuesday.",
      "start": 9.087,
      "end": 9.548,
      "score": 0.869,
      "speaker": "SPEAKER_01"
    },
    {
      "word": "South",
      "start": 9.608,
      "end": 9.768,
      "score": 0.932,
      "speaker": "SPEAKER_00"
    },
    {
      "word": "Carolina",
      "start": 9.788,
      "end": 10.168,
      "score": 0.865,
      "speaker": "SPEAKER_00"
    },
    {
      "word": "being",
      "start": 10.208,
      "end": 10.368,
      "score": 0.806,
      "speaker": "SPEAKER_00"
    },
    {
      "word": "seen",
      "start": 10.388,
      "end": 10.549,
      "score": 0.734,
      "speaker": "SPEAKER_00"
    },
    {
      "word": "as",
      "start": 10.589,
      "end": 10.669,
      "score": 0.663,
      "speaker": "SPEAKER_00"
    },
    {
      "word": "a",
      "start": 10.709,
      "end": 10.789,
      "score": 0.524,
      "speaker": "SPEAKER_00"
    },
    {
      "word": "crucial",
      "start": 10.909,
      "end": 11.409,
      "score": 0.904,
      "speaker": "SPEAKER_00"
    },
    {
      "word": "test",
      "start": 11.469,
      "end": 11.75,
      "score": 0.93,
      "speaker": "SPEAKER_00"
    },
    {
      "word": "for",
      "start": 11.77,
      "end": 11.87,
      "score": 0.998,
      "speaker": "SPEAKER_00"
    },
    {
      "word": "this",
      "start": 11.91,
      "end": 12.03,
      "score": 0.908,
      "speaker": "SPEAKER_00"
    },
    {
      "word": "crowded",
      "start": 12.13,
      "end": 12.51,
      "score": 0.843,
      "speaker": "SPEAKER_00"
    },
    {
      "word": "field,",
      "start": 12.59,
      "end": 12.931,
      "score": 0.799,
      "speaker": "SPEAKER_00"
    },
    {
      "word": "the",
      "start": 12.951,
      "end": 13.051,
      "score": 0.819,
      "speaker": "SPEAKER_00"
    },
    {
      "word": "first",
      "start": 13.211,
      "end": 13.511,
      "score": 0.916,
      "speaker": "SPEAKER_00"
    },
    {
      "word": "primary",
      "start": 13.591,
      "end": 14.152,
      "score": 0.827,
      "speaker": "SPEAKER_00"
    },
    {
      "word": "in",
      "start": 14.212,
      "end": 14.292,
      "score": 0.842,
      "speaker": "SPEAKER_00"
    },
    {
      "word": "the",
      "start": 14.312,
      "end": 14.412,
      "score": 0.834,
      "speaker": "SPEAKER_00"
    },
    {
      "word": "South.",
      "start": 14.472,
      "end": 14.772,
      "score": 0.914,
      "speaker": "SPEAKER_00"
    },
    {
      "word": "The",
      "start": 15.092,
      "end": 15.172,
      "score": 0.889,
      "speaker": "SPEAKER_00"
    },
    {
      "word": "candidates",
      "start": 15.212,
      "end": 15.673,
      "score": 0.796,
      "speaker": "SPEAKER_00"
    },
    {
      "word": "came",
      "start": 15.733,
      "end": 15.933,
      "score": 0.839,
      "speaker": "SPEAKER_00"
    },
    {
      "word": "together",
      "start": 15.973,
      "end": 16.393,
      "score": 0.887,
      "speaker": "SPEAKER_00"
    },
    {
      "word": "and",
      "start": 16.574,
      "end": 16.674,
      "score": 0.839,
      "speaker": "SPEAKER_00"
    },
    {
      "word": "came",
      "start": 16.714,
      "end": 16.874,
      "score": 0.886,
      "speaker": "SPEAKER_00"
    },
    {
      "word": "out",
      "start": 16.914,
      "end": 17.014,
      "score": 0.978,
      "speaker": "SPEAKER_00"
    },
    {
      "word": "strong,",
      "start": 17.054,
      "end": 17.354,
      "score": 0.853,
      "speaker": "SPEAKER_00"
    },
    {
      "word": "attacking",
      "start": 17.554,
      "end": 17.935,
      "score": 0.936,
      "speaker": "SPEAKER_00"
    },
    {
      "word": "Bernie",
      "start": 17.955,
      "end": 18.215,
      "score": 0.661,
      "speaker": "SPEAKER_00"
    },
    {
      "word": "Sanders",
      "start": 18.235,
      "end": 18.635,
      "score": 0.857,
      "speaker": "SPEAKER_00"
    },
    {
      "word": "and",
      "start": 18.956,
      "end": 19.076,
      "score": 0.832,
      "speaker": "SPEAKER_00"
    },
    {
      "word": "Joe",
      "start": 19.116,
      "end": 19.316,
      "score": 0.664,
      "speaker": "SPEAKER_00"
    },
    {
      "word": "Biden.",
      "start": 19.336,
      "end": 19.716,
      "score": 0.79,
      "speaker": "SPEAKER_00"
    },
    {
      "word": "Analysts",
      "start": 20.117,
      "end": 20.397,
      "score": 0.594,
      "speaker": "SPEAKER_00"
    },
    {
      "word": "say",
      "start": 20.417,
      "end": 20.577,
      "score": 0.892,
      "speaker": "SPEAKER_00"
    },
    {
      "word": "South",
      "start": 20.617,
      "end": 20.837,
      "score": 0.784,
      "speaker": "SPEAKER_00"
    },
    {
      "word": "Carolina",
      "start": 20.877,
      "end": 21.378,
      "score": 0.804,
      "speaker": "SPEAKER_00"
    },
    {
      "word": "is",
      "start": 21.398,
      "end": 21.438,
      "score": 0.001,
      "speaker": "SPEAKER_00"
    },
    {
      "word": "really",
      "start": 21.518,
      "end": 21.698,
      "score": 0.951,
      "speaker": "SPEAKER_00"
    },
    {
      "word": "a",
      "start": 21.738,
      "end": 21.778,
      "score": 0.616,
      "speaker": "SPEAKER_00"
    },
    {
      "word": "dire",
      "start": 21.918,
      "end": 22.298,
      "score": 0.802,
      "speaker": "SPEAKER_00"
    },
    {
      "word": "win",
      "start": 22.418,
      "end": 22.679,
      "score": 0.78,
      "speaker": "SPEAKER_00"
    },
    {
      "word": "for",
      "start": 22.739,
      "end": 22.879,
      "score": 0.875,
      "speaker": "SPEAKER_00"
    },
    {
      "word": "Biden,",
      "start": 22.959,
      "end": 23.399,
      "score": 0.749,
      "speaker": "SPEAKER_00"
    },
    {
      "word": "but",
      "start": 23.7,
      "end": 23.84,
      "score": 0.858,
      "speaker": "SPEAKER_00"
    },
    {
      "word": "Senator",
      "start": 23.92,
      "end": 24.2,
      "score": 0.461,
      "speaker": "SPEAKER_00"
    },
    {
      "word": "Elizabeth",
      "start": 24.22,
      "end": 24.52,
      "score": 0.544,
      "speaker": "SPEAKER_00"
    },
    {
      "word": "Warren",
      "start": 24.54,
      "end": 24.86,
      "score": 0.799,
      "speaker": "SPEAKER_00"
    },
    {
      "word": "took",
      "start": 24.88,
      "end": 25.021,
      "score": 0.861,
      "speaker": "SPEAKER_00"
    },
    {
      "word": "this",
      "start": 25.061,
      "end": 25.181,
      "score": 0.884,
      "speaker": "SPEAKER_00"
    },
    {
      "word": "opportunity",
      "start": 25.241,
      "end": 25.821,
      "score": 0.829,
      "speaker": "SPEAKER_00"
    },
    {
      "word": "to",
      "start": 25.961,
      "end": 26.061,
      "score": 0.642,
      "speaker": "SPEAKER_00"
    },
    {
      "word": "try",
      "start": 26.102,
      "end": 26.242,
      "score": 0.741,
      "speaker": "SPEAKER_00"
    },
    {
      "word": "to",
      "start": 26.262,
      "end": 26.322,
      "score": 0.865,
      "speaker": "SPEAKER_00"
    },
    {
      "word": "distinguish",
      "start": 26.362,
      "end": 26.802,
      "score": 0.796,
      "speaker": "SPEAKER_00"
    },
    {
      "word": "herself",
      "start": 26.842,
      "end": 27.222,
      "score": 0.908,
      "speaker": "SPEAKER_00"
    },
    {
      "word": "from",
      "start": 27.262,
      "end": 27.403,
      "score": 0.985,
      "speaker": "SPEAKER_00"
    },
    {
      "word": "her",
      "start": 27.463,
      "end": 27.583,
      "score": 0.841,
      "speaker": "SPEAKER_00"
    },
    {
      "word": "progressive",
      "start": 27.703,
      "end": 28.303,
      "score": 0.809,
      "speaker": "SPEAKER_00"
    },
    {
      "word": "colleague.",
      "start": 28.483,
      "end": 28.864,
      "score": 0.879,
      "speaker": "SPEAKER_00"
    },
    {
      "word": "So",
      "start": 29.708,
      "end": 29.888,
      "score": 0.972,
      "speaker": "SPEAKER_02"
    },
    {
      "word": "look,",
      "start": 29.908,
      "end": 30.188,
      "score": 0.899,
      "speaker": "SPEAKER_02"
    },
    {
      "word": "the",
      "start": 31.469,
      "end": 31.55,
      "score": 0.99,
      "speaker": "SPEAKER_02"
    },
    {
      "word": "way",
      "start": 31.59,
      "end": 31.73,
      "score": 0.906,
      "speaker": "SPEAKER_02"
    },
    {
      "word": "I",
      "start": 31.83,
      "end": 31.91,
      "score": 0.723,
      "speaker": "SPEAKER_02"
    },
    {
      "word": "see",
      "start": 32.01,
      "end": 32.21,
      "score": 0.856,
      "speaker": "SPEAKER_02"
    },
    {
      "word": "this",
      "start": 32.25,
      "end": 32.45,
      "score": 0.797,
      "speaker": "SPEAKER_02"
    },
    {
      "word": "is",
      "start": 32.73,
      "end": 32.831,
      "score": 0.781,
      "speaker": "SPEAKER_02"
    },
    {
      "word": "that",
      "start": 32.951,
      "end": 33.231,
      "score": 0.852,
      "speaker": "SPEAKER_02"
    },
    {
      "word": "Bernie",
      "start": 33.391,
      "end": 33.651,
      "score": 0.534,
      "speaker": "SPEAKER_02"
    },
    {
      "word": "is",
      "start": 33.711,
      "end": 33.771,
      "score": 0.765,
      "speaker": "SPEAKER_02"
    },
    {
      "word": "winning",
      "start": 33.831,
      "end": 34.091,
      "score": 0.869,
      "speaker": "SPEAKER_02"
    },
    {
      "word": "right",
      "start": 34.131,
      "end": 34.332,
      "score": 0.788,
      "speaker": "SPEAKER_02"
    },
    {
      "word": "now",
      "start": 34.372,
      "end": 34.592,
      "score": 0.897,
      "speaker": "SPEAKER_02"
    },
    {
      "word": "because",
      "start": 35.092,
      "end": 35.412,
      "score": 0.789,
      "speaker": "SPEAKER_02"
    },
    {
      "word": "the",
      "start": 35.493,
      "end": 35.593,
      "score": 0.838,
      "speaker": "SPEAKER_02"
    },
    {
      "word": "Democratic",
      "start": 35.633,
      "end": 36.293,
      "score": 0.818,
      "speaker": "SPEAKER_02"
    },
    {
      "word": "Party",
      "start": 36.393,
      "end": 36.814,
      "score": 0.9,
      "speaker": "SPEAKER_02"
    },
    {
      "word": "is",
      "start": 37.054,
      "end": 37.154,
      "score": 0.721,
      "speaker": "SPEAKER_02"
    },
    {
      "word": "a",
      "start": 37.214,
      "end": 37.274,
      "score": 0.672,
      "speaker": "SPEAKER_02"
    },
    {
      "word": "progressive",
      "start": 37.394,
      "end": 38.095,
      "score": 0.817,
      "speaker": "SPEAKER_02"
    },
    {
      "word": "party",
      "start": 38.195,
      "end": 38.595,
      "score": 0.927,
      "speaker": "SPEAKER_02"
    },
    {
      "word": "and",
      "start": 39.115,
      "end": 39.195,
      "score": 0.934,
      "speaker": "SPEAKER_02"
    },
    {
      "word": "progressive",
      "start": 39.295,
      "end": 40.076,
      "score": 0.757,
      "speaker": "SPEAKER_02"
    },
    {
      "word": "ideas",
      "start": 40.316,
      "end": 40.877,
      "score": 0.785,
      "speaker": "SPEAKER_02"
    },
    {
      "word": "are",
      "start": 41.097,
      "end": 41.217,
      "score": 0.743,
      "speaker": "SPEAKER_02"
    },
    {
      "word": "popular",
      "start": 41.357,
      "end": 41.977,
      "score": 0.849,
      "speaker": "SPEAKER_02"
    },
    {
      "word": "ideas,",
      "start": 42.258,
      "end": 42.738,
      "score": 0.915,
      "speaker": "SPEAKER_02"
    },
    {
      "word": "even",
      "start": 42.918,
      "end": 43.058,
      "score": 0.822,
      "speaker": "SPEAKER_02"
    },
    {
      "word": "if",
      "start": 43.098,
      "end": 43.138,
      "score": 1.0,
      "speaker": "SPEAKER_02"
    },
    {
      "word": "there",
      "start": 43.158,
      "end": 43.278,
      "score": 0.882,
      "speaker": "SPEAKER_02"
    },
    {
      "word": "are",
      "start": 43.298,
      "end": 43.359,
      "score": 0.951,
      "speaker": "SPEAKER_02"
    },
    {
      "word": "a",
      "start": 43.379,
      "end": 43.399,
      "score": 0.001,
      "speaker": "SPEAKER_02"
    },
    {
      "word": "lot",
      "start": 43.419,
      "end": 43.519,
      "score": 0.763,
      "speaker": "SPEAKER_02"
    },
    {
      "word": "of",
      "start": 43.539,
      "end": 43.599,
      "score": 0.75,
      "speaker": "SPEAKER_02"
    },
    {
      "word": "people",
      "start": 43.639,
      "end": 43.859,
      "score": 0.79,
      "speaker": "SPEAKER_02"
    },
    {
      "word": "on",
      "start": 43.899,
      "end": 43.959,
      "score": 0.696,
      "speaker": "SPEAKER_02"
    },
    {
      "word": "this",
      "start": 43.999,
      "end": 44.119,
      "score": 0.767,
      "speaker": "SPEAKER_02"
    },
    {
      "word": "stage",
      "start": 44.159,
      "end": 44.419,
      "score": 0.945,
      "speaker": "SPEAKER_02"
    },
    {
      "word": "who",
      "start": 44.459,
      "end": 44.539,
      "score": 0.34,
      "speaker": "SPEAKER_02"
    },
    {
      "word": "don't",
      "start": 44.579,
      "end": 44.7,
      "score": 0.903,
      "speaker": "SPEAKER_02"
    },
    {
      "word": "want",
      "start": 44.72,
      "end": 44.82,
      "score": 0.875,
      "speaker": "SPEAKER_02"
    },
    {
      "word": "to",
      "start": 44.86,
      "end": 44.92,
      "score": 0.76,
      "speaker": "SPEAKER_02"
    },
    {
      "word": "say",
      "start": 44.98,
      "end": 45.16,
      "score": 0.756,
      "speaker": "SPEAKER_02"
    },
    {
      "word": "so.",
      "start": 45.24,
      "end": 45.42,
      "score": 0.893,
      "speaker": "SPEAKER_02"
    },
    {
      "word": "You",
      "start": 46.181,
      "end": 46.261,
      "score": 0.425,
      "speaker": "SPEAKER_02"
    },
    {
      "word": "know,",
      "start": 46.281,
      "end": 46.441,
      "score": 0.622,
      "speaker": "SPEAKER_02"
    },
    {
      "word": "but",
      "start": 47.021,
      "end": 47.161,
      "score": 0.874,
      "speaker": "SPEAKER_02"
    },
    {
      "word": "Bernie",
      "start": 47.742,
      "end": 48.042,
      "score": 0.492,
      "speaker": "SPEAKER_02"
    },
    {
      "word": "and",
      "start": 48.062,
      "end": 48.162,
      "score": 0.829,
      "speaker": "SPEAKER_02"
    },
    {
      "word": "I",
      "start": 48.222,
      "end": 48.302,
      "score": 0.75,
      "speaker": "SPEAKER_02"
    },
    {
      "word": "agree",
      "start": 48.342,
      "end": 48.683,
      "score": 0.875,
      "speaker": "SPEAKER_02"
    },
    {
      "word": "on",
      "start": 48.883,
      "end": 48.963,
      "score": 0.832,
      "speaker": "SPEAKER_02"
    },
    {
      "word": "a",
      "start": 48.983,
      "end": 49.023,
      "score": 0.497,
      "speaker": "SPEAKER_02"
    },
    {
      "word": "lot",
      "start": 49.103,
      "end": 49.263,
      "score": 0.911,
      "speaker": "SPEAKER_02"
    },
    {
      "word": "of",
      "start": 49.303,
      "end": 49.363,
      "score": 0.794,
      "speaker": "SPEAKER_02"
    },
    {
      "word": "things,",
      "start": 49.443,
      "end": 49.783,
      "score": 0.822,
      "speaker": "SPEAKER_02"
    },
    {
      "word": "but",
      "start": 50.244,
      "end": 50.364,
      "score": 0.993,
      "speaker": "SPEAKER_02"
    },
    {
      "word": "I",
      "start": 50.404,
      "end": 50.484,
      "score": 0.708,
      "speaker": "SPEAKER_02"
    },
    {
      "word": "think",
      "start": 50.524,
      "end": 50.684,
      "score": 0.861,
      "speaker": "SPEAKER_02"
    },
    {
      "word": "I",
      "start": 50.724,
      "end": 50.784,
      "score": 0.933,
      "speaker": "SPEAKER_02"
    },
    {
      "word": "would",
      "start": 50.824,
      "end": 50.964,
      "score": 0.899,
      "speaker": "SPEAKER_02"
    },
    {
      "word": "make",
      "start": 50.984,
      "end": 51.124,
      "score": 0.774,
      "speaker": "SPEAKER_02"
    },
    {
      "word": "a",
      "start": 51.164,
      "end": 51.184,
      "score": 0.987,
      "speaker": "SPEAKER_02"
    },
    {
      "word": "better",
      "start": 51.225,
      "end": 51.445,
      "score": 0.827,
      "speaker": "SPEAKER_02"
    },
    {
      "word": "president",
      "start": 51.505,
      "end": 52.045,
      "score": 0.86,
      "speaker": "SPEAKER_02"
    },
    {
      "word": "than",
      "start": 52.085,
      "end": 52.245,
      "score": 0.745,
      "speaker": "SPEAKER_02"
    },
    {
      "word": "Bernie.",
      "start": 52.305,
      "end": 52.566,
      "score": 0.558,
      "speaker": "SPEAKER_02"
    },
    {
      "word": "There",
      "start": 53.586,
      "end": 53.746,
      "score": 0.74,
      "speaker": "SPEAKER_01"
    },
    {
      "word": "you",
      "start": 53.786,
      "end": 53.886,
      "score": 0.897,
      "speaker": "SPEAKER_01"
    },
    {
      "word": "have",
      "start": 53.926,
      "end": 54.146,
      "score": 0.902,
      "speaker": "SPEAKER_01"
    },
    {
      "word": "it,",
      "start": 54.226,
      "end": 54.307,
      "score": 0.847,
      "speaker": "SPEAKER_01"
    },
    {
      "word": "and",
      "start": 54.347,
      "end": 54.427,
      "score": 0.726,
      "speaker": "SPEAKER_01"
    },
    {
      "word": "we",
      "start": 54.467,
      "end": 54.627,
      "score": 0.898,
      "speaker": "SPEAKER_01"
    },
    {
      "word": "have",
      "start": 54.647,
      "end": 54.827,
      "score": 0.865,
      "speaker": "SPEAKER_01"
    },
    {
      "word": "a",
      "start": 54.887,
      "end": 54.947,
      "score": 0.824,
      "speaker": "SPEAKER_01"
    },
    {
      "word": "verify",
      "start": 55.047,
      "end": 55.607,
      "score": 0.924,
      "speaker": "SPEAKER_01"
    },
    {
      "word": "on",
      "start": 55.647,
      "end": 55.707,
      "score": 0.755,
      "speaker": "SPEAKER_01"
    },
    {
      "word": "our",
      "start": 55.747,
      "end": 55.847,
      "score": 0.693,
      "speaker": "SPEAKER_01"
    },
    {
      "word": "website.",
      "start": 55.887,
      "end": 56.367,
      "score": 0.794,
      "speaker": "SPEAKER_01"
    },
    {
      "word": "Fact-checking",
      "start": 56.688,
      "end": 57.428,
      "score": 0.893,
      "speaker": "SPEAKER_01"
    },
    {
      "word": "some",
      "start": 57.468,
      "end": 57.608,
      "score": 0.969,
      "speaker": "SPEAKER_01"
    },
    {
      "word": "of",
      "start": 57.648,
      "end": 57.708,
      "score": 0.749,
      "speaker": "SPEAKER_01"
    },
    {
      "word": "the",
      "start": 57.728,
      "end": 57.808,
      "score": 0.821,
      "speaker": "SPEAKER_01"
    },
    {
      "word": "claims",
      "start": 57.828,
      "end": 58.148,
      "score": 0.768,
      "speaker": "SPEAKER_01"
    },
    {
      "word": "candidates",
      "start": 58.188,
      "end": 58.628,
      "score": 0.465,
      "speaker": "SPEAKER_01"
    },
    {
      "word": "made",
      "start": 58.688,
      "end": 58.929,
      "score": 0.509,
      "speaker": "SPEAKER_01"
    },
    {
      "word": "tonight.",
      "start": 58.969,
      "end": 59.349,
      "score": 0.77,
      "speaker": "SPEAKER_01"
    },
    {
      "word": "Just",
      "start": 59.729,
      "end": 59.909,
      "score": 0.916,
      "speaker": "SPEAKER_01"
    },
    {
      "word": "look",
      "start": 59.929,
      "end": 60.109,
      "score": 0.866,
      "speaker": "SPEAKER_01"
    },
    {
      "word": "for",
      "start": 60.129,
      "end": 60.249,
      "score": 0.785,
      "speaker": "SPEAKER_01"
    },
    {
      "word": "it",
      "start": 60.289,
      "end": 60.349,
      "score": 0.288,
      "speaker": "SPEAKER_01"
    },
    {
      "word": "on",
      "start": 60.369,
      "end": 60.449,
      "score": 0.746,
      "speaker": "SPEAKER_01"
    },
    {
      "word": "12newsnow.com",
      "start": 60.709,
      "end": 61.49,
      "score": 0.707,
      "speaker": "SPEAKER_01"
    },
    {
      "word": "or",
      "start": 61.69,
      "end": 61.81,
      "score": 0.748,
      "speaker": "SPEAKER_01"
    },
    {
      "word": "on",
      "start": 62.01,
      "end": 62.07,
      "score": 0.784,
      "speaker": "SPEAKER_01"
    },
    {
      "word": "our",
      "start": 62.11,
      "end": 62.17,
      "score": 0.357,
      "speaker": "SPEAKER_01"
    },
    {
      "word": "app.",
      "start": 62.29,
      "end": 62.37,
      "score": 0.647,
      "speaker": "SPEAKER_01"
    },
    {
      "word": "And",
      "start": 62.67,
      "end": 62.73,
      "score": 0.895,
      "speaker": "SPEAKER_00"
    },
    {
      "word": "remember,",
      "start": 62.77,
      "end": 63.05,
      "score": 0.871,
      "speaker": "SPEAKER_00"
    },
    {
      "word": "early",
      "start": 63.19,
      "end": 63.471,
      "score": 0.797,
      "speaker": "SPEAKER_00"
    },
    {
      "word": "voting",
      "start": 63.531,
      "end": 63.911,
      "score": 0.858,
      "speaker": "SPEAKER_00"
    },
    {
      "word": "wraps",
      "start": 64.071,
      "end": 64.351,
      "score": 0.787,
      "speaker": "SPEAKER_00"
    },
    {
      "word": "up",
      "start": 64.451,
      "end": 64.571,
      "score": 0.826,
      "speaker": "SPEAKER_00"
    },
    {
      "word": "on",
      "start": 64.731,
      "end": 64.811,
      "score": 0.84,
      "speaker": "SPEAKER_00"
    },
    {
      "word": "Friday",
      "start": 64.931,
      "end": 65.291,
      "score": 0.883,
      "speaker": "SPEAKER_00"
    },
    {
      "word": "for",
      "start": 65.371,
      "end": 65.531,
      "score": 0.825,
      "speaker": "SPEAKER_00"
    },
    {
      "word": "the",
      "start": 65.572,
      "end": 65.652,
      "score": 0.834,
      "speaker": "SPEAKER_00"
    },
    {
      "word": "Texas",
      "start": 65.692,
      "end": 66.012,
      "score": 0.864,
      "speaker": "SPEAKER_00"
    },
    {
      "word": "primary",
      "start": 66.052,
      "end": 66.432,
      "score": 0.831,
      "speaker": "SPEAKER_00"
    },
    {
      "word": "election",
      "start": 66.492,
      "end": 66.852,
      "score": 0.911,
      "speaker": "SPEAKER_00"
    },
    {
      "word": "day",
      "start": 66.892,
      "end": 67.072,
      "score": 0.869,
      "speaker": "SPEAKER_00"
    },
    {
      "word": "Super",
      "start": 67.132,
      "end": 67.452,
      "score": 0.861,
      "speaker": "SPEAKER_00"
    },
    {
      "word": "Tuesday",
      "start": 67.492,
      "end": 68.033,
      "score": 0.805,
      "speaker": "SPEAKER_00"
    },
    {
      "word": "next",
      "start": 68.473,
      "end": 68.653,
      "score": 0.802,
      "speaker": "SPEAKER_00"
    },
    {
      "word": "week.",
      "start": 68.713,
      "end": 68.853,
      "score": 0.917,
      "speaker": "SPEAKER_00"
    }
  ],
  "language": "en"
}