{
  "segments": [
    {
      "start": 0.449,
      "end": 4.692,
      "text": " The first hearings on the apparent Russian hacking are going to be tomorrow on Capitol Hill.",
      "words": [
        {
          "word": "The",
          "start": 0.449,
          "end": 0.79,
          "score": 0.637,
          "speaker": "SPEAKER_00"
        },
        {
          "word": "first",
          "start": 0.85,
          "end": 1.13,
          "score": 0.891,
          "speaker": "SPEAKER_00"
        },
        {
          "word": "hearings",
          "start": 1.17,
          "end": 1.55,
          "score": 0.818,
          "speaker": "SPEAKER_00"
        },
        {
          "word": "on",
          "start": 1.63,
          "end": 1.71,
          "score": 0.786,
          "speaker": "SPEAKER_00"
        },
        {
          "word": "the",
          "start": 1.73,
          "end": 1.79,
          "score": 0.954,
          "speaker": "SPEAKER_00"
        },
        {
          "word": "apparent",
          "start": 1.83,
          "end": 2.21,
          "score": 0.865,
          "speaker": "SPEAKER_00"
        },
        {
          "word": "Russian",
          "start": 2.25,
          "end": 2.571,
          "score": 0.952,
          "speaker": "SPEAKER_00"
        },
        {
          "word": "hacking",
          "start": 2.631,
          "end": 2.971,
          "score": 0.974,
          "speaker": "SPEAKER_00"
        },
        {
          "word": "are",
          "start": 2.991,
          "end": 3.091,
          "score": 0.222,
          "speaker": "SPEAKER_00"
        },
        {
          "word": "going",
          "start": 3.111,
          "end": 3.211,
          "score": 0.0,
          "speaker": "SPEAKER_00"
        },
        {
          "word": "to",
          "start": 3.231,
          "end": 3.271,
          "score": 0.597,
          "speaker": "SPEAKER_00"
        },
        {
          "word": "be",
          "start": 3.291,
          "end": 3.371,
          "score": 0.974,
          "speaker": "SPEAKER_00"
        },
        {
          "word": "tomorrow",
          "start": 3.431,
          "end": 3.831,
          "score": 0.895,
          "speaker": "SPEAKER_00"
        },
        {
          "word": "on",
          "start": 3.892,
          "end": 3.972,
          "score": 0.446,
          "speaker": "SPEAKER_00"
        },
        {
          "word": "Capitol",
          "start": 4.012,
          "end": 4.392,
          "score": 0.808,
          "speaker": "SPEAKER_00"
        },
        {
          "word": "Hill.",
          "start": 4.432,
          "end": 4.692,
          "score": 0.738,
          "speaker": "SPEAKER_00"
        }
      ],
      "speaker": "SPEAKER_00"
    },
    {
      "start": 4.832,
      "end": 7.174,
      "text": "Senator John McCain at the Senate Armed Services Committee.",
      "words": [
        {
          "word": "Senator",
          "start": 4.832,
          "end": 5.112,
          "score": 0.651,
          "speaker": "SPEAKER_00"
        },
        {
          "word": "John",
          "start": 5.132,
          "end": 5.312,
          "score": 0.974,
          "speaker": "SPEAKER_00"
        },
        {
          "word": "McCain",
          "start": 5.352,
          "end": 5.733,
          "score": 0.713,
          "speaker": "SPEAKER_00"
        },
        {
          "word": "at",
          "start": 5.793,
          "end": 5.873,
          "score": 0.847,
          "speaker": "SPEAKER_00"
        },
        {
          "word": "the",
          "start": 5.913,
          "end": 6.013,
          "score": 0.546,
          "speaker": "SPEAKER_00"
        },
        {
          "word": "Senate",
          "start": 6.033,
          "end": 6.213,
          "score": 0.232,
          "speaker": "SPEAKER_00"
        },
        {
          "word": "Armed",
          "start": 6.253,
          "end": 6.433,
          "score": 0.682,
          "speaker": "SPEAKER_00"
        },
        {
          "word": "Services",
          "start": 6.453,
          "end": 6.873,
          "score": 0.776,
          "speaker": "SPEAKER_00"
        },
        {
          "word": "Committee.",
          "start": 6.894,
          "end": 7.174,
          "score": 0.86,
          "speaker": "SPEAKER_00"
        }
      ],
      "speaker": "SPEAKER_00"
    },
    {
      "start": 7.494,
      "end": 13.958,
      "text": "And you can expect he and his close friend, Senator Lindsey Graham, also on that committee, to aggressively go after the issue tomorrow.",
      "words": [
        {
          "word": "And",
          "start": 7.494,
          "end": 7.554,
          "score": 0.981,
          "speaker": "SPEAKER_00"
        },
        {
          "word": "you",
          "start": 7.594,
          "end": 7.654,
          "score": 0.998,
          "speaker": "SPEAKER_00"
        },
        {
          "word": "can",
          "start": 7.674,
          "end": 7.774,
          "score": 0.819,
          "speaker": "SPEAKER_00"
        },
        {
          "word": "expect",
          "start": 7.794,
          "end": 8.114,
          "score": 0.822,
          "speaker": "SPEAKER_00"
        },
        {
          "word": "he",
          "start": 8.194,
          "end": 8.374,
          "score": 0.912,
          "speaker": "SPEAKER_00"
        },
        {
          "word": "and",
          "start": 8.435,
          "end": 8.555,
          "score": 0.629,
          "speaker": "SPEAKER_00"
        },
        {
          "word": "his",
          "start": 8.635,
          "end": 8.855,
          "score": 0.697,
          "speaker": "SPEAKER_00"
        },
        {
          "word": "close",
          "start": 9.515,
          "end": 9.775,
          "score": 0.909,
          "speaker": "SPEAKER_00"
        },
        {
          "word": "friend,",
          "start": 9.795,
          "end": 10.016,
          "score": 0.896,
          "speaker": "SPEAKER_00"
        },
        {
          "word": "Senator",
          "start": 10.036,
          "end": 10.256,
          "score": 0.47,
          "speaker": "SPEAKER_00"
        },
        {
          "word": "Lindsey",
          "start": 10.316,
          "end": 10.596,
          "score": 0.923,
          "speaker": "SPEAKER_00"
        },
        {
          "word": "Graham,",
          "start": 10.636,
          "end": 10.956,
          "score": 0.637,
          "speaker": "SPEAKER_00"
        },
        {
          "word": "also",
          "start": 11.016,
          "end": 11.196,
          "score": 0.89,
          "speaker": "SPEAKER_00"
        },
        {
          "word": "on",
          "start": 11.256,
          "end": 11.296,
          "score": 0.966,
          "speaker": "SPEAKER_00"
        },
        {
          "word": "that",
          "start": 11.316,
          "end": 11.416,
          "score": 0.636,
          "speaker": "SPEAKER_00"
        },
        {
          "word": "committee,",
          "start": 11.436,
          "end": 11.757,
          "score": 0.979,
          "speaker": "SPEAKER_00"
        },
        {
          "word": "to",
          "start": 12.117,
          "end": 12.237,
          "score": 0.956,
          "speaker": "SPEAKER_00"
        },
        {
          "word": "aggressively",
          "start": 12.277,
          "end": 12.817,
          "score": 0.858,
          "speaker": "SPEAKER_00"
        },
        {
          "word": "go",
          "start": 12.857,
          "end": 12.937,
          "score": 0.84,
          "speaker": "SPEAKER_00"
        },
        {
          "word": "after",
          "start": 12.997,
          "end": 13.158,
          "score": 0.66,
          "speaker": "SPEAKER_00"
        },
        {
          "word": "the",
          "start": 13.178,
          "end": 13.258,
          "score": 0.827,
          "speaker": "SPEAKER_00"
        },
        {
          "word": "issue",
          "start": 13.278,
          "end": 13.478,
          "score": 0.911,
          "speaker": "SPEAKER_00"
        },
        {
          "word": "tomorrow.",
          "start": 13.518,
          "end": 13.958,
          "score": 0.795,
          "speaker": "SPEAKER_00"
        }
      ],
      "speaker": "SPEAKER_00"
    },
    {
      "start": 13.998,
      "end": 15.059,
      "text": "And it's going to be fascinating.",
      "words": [
        {
          "word": "And",
          "start": 13.998,
          "end": 14.078,
          "score": 0.837,
          "speaker": "SPEAKER_00"
        },
        {
          "word": "it's",
          "start": 14.098,
          "end": 14.178,
          "score": 0.918,
          "speaker": "SPEAKER_00"
        },
        {
          "word": "going",
          "start": 14.198,
          "end": 14.298,
          "score": 0.686,
          "speaker": "SPEAKER_00"
        },
        {
          "word": "to",
          "start": 14.318,
          "end": 14.358,
          "score": 0.821,
          "speaker": "SPEAKER_00"
        },
        {
          "word": "be",
          "start": 14.398,
          "end": 14.478,
          "score": 0.672,
          "speaker": "SPEAKER_00"
        },
        {
          "word": "fascinating.",
          "start": 14.539,
          "end": 15.059,
          "score": 0.928,
          "speaker": "SPEAKER_00"
        }
      ],
      "speaker": "SPEAKER_00"
    },
    {
      "start": 15.399,
      "end": 19.121,
      "text": " to see how Donald Trump responds to the press coverage of that hearing.",
      "words": [
        {
          "word": "to",
          "start": 15.399,
          "end": 15.499,
          "score": 0.918,
          "speaker": "SPEAKER_00"
        },
        {
          "word": "see",
          "start": 15.539,
          "end": 15.719,
          "score": 0.644,
          "speaker": "SPEAKER_00"
        },
        {
          "word": "how",
          "start": 15.759,
          "end": 15.899,
          "score": 0.931,
          "speaker": "SPEAKER_00"
        },
        {
          "word": "Donald",
          "start": 15.939,
          "end": 16.159,
          "score": 0.409,
          "speaker": "SPEAKER_00"
        },
        {
          "word": "Trump",
          "start": 16.179,
          "end": 16.38,
          "score": 0.988,
          "speaker": "SPEAKER_00"
        },
        {
          "word": "responds",
          "start": 16.44,
          "end": 17.12,
          "score": 0.899,
          "speaker": "SPEAKER_00"
        },
        {
          "word": "to",
          "start": 17.18,
          "end": 17.26,
          "score": 0.998,
          "speaker": "SPEAKER_00"
        },
        {
          "word": "the",
          "start": 17.28,
          "end": 17.36,
          "score": 0.822,
          "speaker": "SPEAKER_00"
        },
        {
          "word": "press",
          "start": 17.38,
          "end": 17.62,
          "score": 0.94,
          "speaker": "SPEAKER_00"
        },
        {
          "word": "coverage",
          "start": 17.64,
          "end": 18.02,
          "score": 0.862,
          "speaker": "SPEAKER_00"
        },
        {
          "word": "of",
          "start": 18.481,
          "end": 18.541,
          "score": 0.982,
          "speaker": "SPEAKER_00"
        },
        {
          "word": "that",
          "start": 18.601,
          "end": 18.781,
          "score": 0.85,
          "speaker": "SPEAKER_00"
        },
        {
          "word": "hearing.",
          "start": 18.841,
          "end": 19.121,
          "score": 0.767,
          "speaker": "SPEAKER_00"
        }
      ],
      "speaker": "SPEAKER_00"
    },
    {
      "start": 19.141,
      "end": 37.39,
      "text": "I was on the Hill yesterday, and I'm told that while Senator McConnell, the leader of Republicans in the Senate, has said he does not want to do a select committee to investigate the Russian hacking, he is willing to let McCain and Graham hold as many hearings as they want pursuing this issue at armed services.",
      "words": [
        {
          "word": "I",
          "start": 19.141,
          "end": 19.161,
          "score": 0.0,
          "speaker": "SPEAKER_00"
        },
        {
          "word": "was",
          "start": 19.561,
          "end": 19.701,
          "score": 0.55,
          "speaker": "SPEAKER_00"
        },
        {
          "word": "on",
          "start": 20.161,
          "end": 20.221,
          "score": 0.858,
          "speaker": "SPEAKER_00"
        },
        {
          "word": "the",
          "start": 20.242,
          "end": 20.322,
          "score": 0.807,
          "speaker": "SPEAKER_00"
        },
        {
          "word": "Hill",
          "start": 20.342,
          "end": 20.482,
          "score": 0.982,
          "speaker": "SPEAKER_00"
        },
        {
          "word": "yesterday,",
          "start": 20.522,
          "end": 21.062,
          "score": 0.804,
          "speaker": "SPEAKER_00"
        },
        {
          "word": "and",
          "start": 21.082,
          "end": 21.142,
          "score": 0.0,
          "speaker": "SPEAKER_00"
        },
        {
          "word": "I'm",
          "start": 21.602,
          "end": 21.722,
          "score": 0.908,
          "speaker": "SPEAKER_00"
        },
        {
          "word": "told",
          "start": 21.782,
          "end": 21.982,
          "score": 0.836,
          "speaker": "SPEAKER_00"
        },
        {
          "word": "that",
          "start": 22.042,
          "end": 22.122,
          "score": 0.999,
          "speaker": "SPEAKER_00"
        },
        {
          "word": "while",
          "start": 22.162,
          "end": 22.323,
          "score": 0.932,
          "speaker": "SPEAKER_00"
        },
        {
          "word": "Senator",
          "start": 22.343,
          "end": 22.663,
          "score": 0.39,
          "speaker": "SPEAKER_00"
        },
        {
          "word": "McConnell,",
          "start": 22.983,
          "end": 23.463,
          "score": 0.637,
          "speaker": "SPEAKER_00"
        },
        {
          "word": "the",
          "start": 23.663,
          "end": 23.823,
          "score": 0.905,
          "speaker": "SPEAKER_00"
        },
        {
          "word": "leader",
          "start": 23.923,
          "end": 24.103,
          "score": 0.861,
          "speaker": "SPEAKER_00"
        },
        {
          "word": "of",
          "start": 24.123,
          "end": 24.204,
          "score": 0.668,
          "speaker": "SPEAKER_00"
        },
        {
          "word": "Republicans",
          "start": 24.224,
          "end": 24.684,
          "score": 0.77,
          "speaker": "SPEAKER_00"
        },
        {
          "word": "in",
          "start": 24.744,
          "end": 24.804,
          "score": 0.772,
          "speaker": "SPEAKER_00"
        },
        {
          "word": "the",
          "start": 24.824,
          "end": 24.904,
          "score": 0.82,
          "speaker": "SPEAKER_00"
        },
        {
          "word": "Senate,",
          "start": 24.944,
          "end": 25.204,
          "score": 0.769,
          "speaker": "SPEAKER_00"
        },
        {
          "word": "has",
          "start": 25.664,
          "end": 25.924,
          "score": 0.865,
          "speaker": "SPEAKER_00"
        },
        {
          "word": "said",
          "start": 26.325,
          "end": 26.525,
          "score": 0.89,
          "speaker": "SPEAKER_00"
        },
        {
          "word": "he",
          "start": 26.565,
          "end": 26.625,
          "score": 0.813,
          "speaker": "SPEAKER_00"
        },
        {
          "word": "does",
          "start": 26.665,
          "end": 26.785,
          "score": 0.762,
          "speaker": "SPEAKER_00"
        },
        {
          "word": "not",
          "start": 26.845,
          "end": 26.965,
          "score": 0.843,
          "speaker": "SPEAKER_00"
        },
        {
          "word": "want",
          "start": 27.005,
          "end": 27.125,
          "score": 0.758,
          "speaker": "SPEAKER_00"
        },
        {
          "word": "to",
          "start": 27.165,
          "end": 27.225,
          "score": 0.812,
          "speaker": "SPEAKER_00"
        },
        {
          "word": "do",
          "start": 27.265,
          "end": 27.385,
          "score": 0.834,
          "speaker": "SPEAKER_00"
        },
        {
          "word": "a",
          "start": 27.465,
          "end": 27.525,
          "score": 0.511,
          "speaker": "SPEAKER_00"
        },
        {
          "word": "select",
          "start": 27.685,
          "end": 28.085,
          "score": 0.812,
          "speaker": "SPEAKER_00"
        },
        {
          "word": "committee",
          "start": 28.105,
          "end": 28.486,
          "score": 0.815,
          "speaker": "SPEAKER_00"
        },
        {
          "word": "to",
          "start": 28.506,
          "end": 28.606,
          "score": 0.834,
          "speaker": "SPEAKER_00"
        },
        {
          "word": "investigate",
          "start": 28.646,
          "end": 29.086,
          "score": 0.875,
          "speaker": "SPEAKER_00"
        },
        {
          "word": "the",
          "start": 29.126,
          "end": 29.186,
          "score": 0.987,
          "speaker": "SPEAKER_00"
        },
        {
          "word": "Russian",
          "start": 29.206,
          "end": 29.446,
          "score": 0.927,
          "speaker": "SPEAKER_00"
        },
        {
          "word": "hacking,",
          "start": 29.466,
          "end": 29.746,
          "score": 0.923,
          "speaker": "SPEAKER_00"
        },
        {
          "word": "he",
          "start": 30.247,
          "end": 30.347,
          "score": 0.941,
          "speaker": "SPEAKER_00"
        },
        {
          "word": "is",
          "start": 30.427,
          "end": 30.487,
          "score": 0.77,
          "speaker": "SPEAKER_00"
        },
        {
          "word": "willing",
          "start": 30.527,
          "end": 30.747,
          "score": 0.929,
          "speaker": "SPEAKER_00"
        },
        {
          "word": "to",
          "start": 30.787,
          "end": 30.887,
          "score": 0.602,
          "speaker": "SPEAKER_00"
        },
        {
          "word": "let",
          "start": 30.947,
          "end": 31.187,
          "score": 0.861,
          "speaker": "SPEAKER_00"
        },
        {
          "word": "McCain",
          "start": 31.347,
          "end": 31.707,
          "score": 0.759,
          "speaker": "SPEAKER_00"
        },
        {
          "word": "and",
          "start": 31.727,
          "end": 31.807,
          "score": 0.806,
          "speaker": "SPEAKER_00"
        },
        {
          "word": "Graham",
          "start": 31.827,
          "end": 32.208,
          "score": 0.602,
          "speaker": "SPEAKER_00"
        },
        {
          "word": "hold",
          "start": 32.708,
          "end": 32.888,
          "score": 0.91,
          "speaker": "SPEAKER_00"
        },
        {
          "word": "as",
          "start": 32.928,
          "end": 33.008,
          "score": 0.714,
          "speaker": "SPEAKER_00"
        },
        {
          "word": "many",
          "start": 33.068,
          "end": 33.268,
          "score": 0.766,
          "speaker": "SPEAKER_00"
        },
        {
          "word": "hearings",
          "start": 33.308,
          "end": 33.628,
          "score": 0.782,
          "speaker": "SPEAKER_00"
        },
        {
          "word": "as",
          "start": 33.728,
          "end": 33.828,
          "score": 0.624,
          "speaker": "SPEAKER_00"
        },
        {
          "word": "they",
          "start": 33.868,
          "end": 34.008,
          "score": 0.905,
          "speaker": "SPEAKER_00"
        },
        {
          "word": "want",
          "start": 34.069,
          "end": 34.389,
          "score": 0.935,
          "speaker": "SPEAKER_00"
        },
        {
          "word": "pursuing",
          "start": 34.709,
          "end": 35.109,
          "score": 0.921,
          "speaker": "SPEAKER_00"
        },
        {
          "word": "this",
          "start": 35.149,
          "end": 35.269,
          "score": 0.928,
          "speaker": "SPEAKER_00"
        },
        {
          "word": "issue",
          "start": 35.349,
          "end": 35.629,
          "score": 0.91,
          "speaker": "SPEAKER_00"
        },
        {
          "word": "at",
          "start": 35.649,
          "end": 35.689,
          "score": 0.0,
          "speaker": "SPEAKER_00"
        },
        {
          "word": "armed",
          "start": 36.49,
          "end": 36.89,
          "score": 0.647,
          "speaker": "SPEAKER_00"
        },
        {
          "word": "services.",
          "start": 36.91,
          "end": 37.39,
          "score": 0.818,
          "speaker": "SPEAKER_00"
        }
      ],
      "speaker": "SPEAKER_00"
    },
    {
      "start": 37.47,
      "end": 38.411,
      "text": "And so the question to me is...",
      "words": [
        {
          "word": "And",
          "start": 37.47,
          "end": 37.55,
          "score": 0.561,
          "speaker": "SPEAKER_00"
        },
        {
          "word": "so",
          "start": 37.57,
          "end": 37.63,
          "score": 0.4,
          "speaker": "SPEAKER_00"
        },
        {
          "word": "the",
          "start": 37.67,
          "end": 37.73,
          "score": 0.986,
          "speaker": "SPEAKER_00"
        },
        {
          "word": "question",
          "start": 37.77,
          "end": 38.051,
          "score": 0.963,
          "speaker": "SPEAKER_00"
        },
        {
          "word": "to",
          "start": 38.071,
          "end": 38.151,
          "score": 0.516,
          "speaker": "SPEAKER_00"
        },
        {
          "word": "me",
          "start": 38.171,
          "end": 38.291,
          "score": 0.916,
          "speaker": "SPEAKER_00"
        },
        {
          "word": "is...",
          "start": 38.351,
          "end": 38.411,
          "score": 0.966,
          "speaker": "SPEAKER_00"
        }
      ],
      "speaker": "SPEAKER_00"
    },
    {
      "start": 39.071,
      "end": 44.982,
      "text": " if and when Trump gets irritable about this and he starts putting pressure on McConnell to say, shut it down, what does McConnell do?",
      "words": [
        {
          "word": "if",
          "start": 39.071,
          "end": 39.151,
          "score": 0.994,
          "speaker": "SPEAKER_00"
        },
        {
          "word": "and",
          "start": 39.171,
          "end": 39.232,
          "score": 0.227,
          "speaker": "SPEAKER_00"
        },
        {
          "word": "when",
          "start": 39.312,
          "end": 39.512,
          "score": 0.861,
          "speaker": "SPEAKER_00"
        },
        {
          "word": "Trump",
          "start": 39.632,
          "end": 39.893,
          "score": 0.851,
          "speaker": "SPEAKER_00"
        },
        {
          "word": "gets",
          "start": 39.913,
          "end": 40.113,
          "score": 0.819,
          "speaker": "SPEAKER_00"
        },
        {
          "word": "irritable",
          "start": 40.434,
          "end": 40.754,
          "score": 0.789,
          "speaker": "SPEAKER_00"
        },
        {
          "word": "about",
          "start": 40.774,
          "end": 40.955,
          "score": 0.9,
          "speaker": "SPEAKER_00"
        },
        {
          "word": "this",
          "start": 40.995,
          "end": 41.175,
          "score": 0.898,
          "speaker": "SPEAKER_00"
        },
        {
          "word": "and",
          "start": 41.235,
          "end": 41.295,
          "score": 0.564,
          "speaker": "SPEAKER_00"
        },
        {
          "word": "he",
          "start": 41.315,
          "end": 41.396,
          "score": 0.573,
          "speaker": "SPEAKER_00"
        },
        {
          "word": "starts",
          "start": 41.416,
          "end": 41.576,
          "score": 0.427,
          "speaker": "SPEAKER_00"
        },
        {
          "word": "putting",
          "start": 41.596,
          "end": 41.756,
          "score": 0.181,
          "speaker": "SPEAKER_00"
        },
        {
          "word": "pressure",
          "start": 41.796,
          "end": 42.057,
          "score": 0.891,
          "speaker": "SPEAKER_00"
        },
        {
          "word": "on",
          "start": 42.097,
          "end": 42.157,
          "score": 0.932,
          "speaker": "SPEAKER_00"
        },
        {
          "word": "McConnell",
          "start": 42.197,
          "end": 42.738,
          "score": 0.662,
          "speaker": "SPEAKER_00"
        },
        {
          "word": "to",
          "start": 43.139,
          "end": 43.179,
          "score": 0.61,
          "speaker": "SPEAKER_00"
        },
        {
          "word": "say,",
          "start": 43.219,
          "end": 43.379,
          "score": 0.825,
          "speaker": "SPEAKER_00"
        },
        {
          "word": "shut",
          "start": 43.399,
          "end": 43.56,
          "score": 0.708,
          "speaker": "SPEAKER_00"
        },
        {
          "word": "it",
          "start": 43.58,
          "end": 43.62,
          "score": 0.946,
          "speaker": "SPEAKER_00"
        },
        {
          "word": "down,",
          "start": 43.64,
          "end": 43.92,
          "score": 0.809,
          "speaker": "SPEAKER_00"
        },
        {
          "word": "what",
          "start": 44.301,
          "end": 44.401,
          "score": 0.978,
          "speaker": "SPEAKER_00"
        },
        {
          "word": "does",
          "start": 44.421,
          "end": 44.521,
          "score": 0.781,
          "speaker": "SPEAKER_00"
        },
        {
          "word": "McConnell",
          "start": 44.541,
          "end": 44.842,
          "score": 0.379,
          "speaker": "SPEAKER_00"
        },
        {
          "word": "do?",
          "start": 44.862,
          "end": 44.982,
          "score": 0.867,
          "speaker": "SPEAKER_00"
        }
      ],
      "speaker": "SPEAKER_00"
    },
    {
      "start": 45.123,
      "end": 46.285,
      "text": "Maybe we should get a countdown clock.",
      "words": [
        {
          "word": "Maybe",
          "start": 45.123,
          "end": 45.243,
          "score": 0.565,
          "speaker": "SPEAKER_00"
        },
        {
          "word": "we",
          "start": 45.263,
          "end": 45.303,
          "score": 0.12,
          "speaker": "SPEAKER_00"
        },
        {
          "word": "should",
          "start": 45.323,
          "end": 45.463,
          "score": 0.029,
          "speaker": "SPEAKER_00"
        },
        {
          "word": "get",
          "start": 45.483,
          "end": 45.563,
          "score": 0.801,
          "speaker": "SPEAKER_00"
        },
        {
          "word": "a",
          "start": 45.583,
          "end": 45.623,
          "score": 0.413,
          "speaker": "SPEAKER_00"
        },
        {
          "word": "countdown",
          "start": 45.664,
          "end": 46.044,
          "score": 0.676,
          "speaker": "SPEAKER_00"
        },
        {
          "word": "clock.",
          "start": 46.084,
          "end": 46.285,
          "score": 0.963,
          "speaker": "SPEAKER_00"
        }
      ],
      "speaker": "SPEAKER_00"
    }
  ],
  "word_segments": [
    {
      "word": "The",
      "start": 0.449,
      "end": 0.79,
      "score": 0.637,
      "speaker": "SPEAKER_00"
    },
    {
      "word": "first",
      "start": 0.85,
      "end": 1.13,
      "score": 0.891,
      "speaker": "SPEAKER_00"
    },
    {
      "word": "hearings",
      "start": 1.17,
      "end": 1.55,
      "score": 0.818,
      "speaker": "SPEAKER_00"
    },
    {
      "word": "on",
      "start": 1.63,
      "end": 1.71,
      "score": 0.786,
      "speaker": "SPEAKER_00"
    },
    {
      "word": "the",
      "start": 1.73,
      "end": 1.79,
      "score": 0.954,
      "speaker": "SPEAKER_00"
    },
    {
      "word": "apparent",
      "start": 1.83,
      "end": 2.21,
      "score": 0.865,
      "speaker": "SPEAKER_00"
    },
    {
      "word": "Russian",
      "start": 2.25,
      "end": 2.571,
      "score": 0.952,
      "speaker": "SPEAKER_00"
    },
    {
      "word": "hacking",
      "start": 2.631,
      "end": 2.971,
      "score": 0.974,
      "speaker": "SPEAKER_00"
    },
    {
      "word": "are",
      "start": 2.991,
      "end": 3.091,
      "score": 0.222,
      "speaker": "SPEAKER_00"
    },
    {
      "word": "going",
      "start": 3.111,
      "end": 3.211,
      "score": 0.0,
      "speaker": "SPEAKER_00"
    },
    {
      "word": "to",
      "start": 3.231,
      "end": 3.271,
      "score": 0.597,
      "speaker": "SPEAKER_00"
    },
    {
      "word": "be",
      "start": 3.291,
      "end": 3.371,
      "score": 0.974,
      "speaker": "SPEAKER_00"
    },
    {
      "word": "tomorrow",
      "start": 3.431,
      "end": 3.831,
      "score": 0.895,
      "speaker": "SPEAKER_00"
    },
    {
      "word": "on",
      "start": 3.892,
      "end": 3.972,
      "score": 0.446,
      "speaker": "SPEAKER_00"
    },
    {
      "word": "Capitol",
      "start": 4.012,
      "end": 4.392,
      "score": 0.808,
      "speaker": "SPEAKER_00"
    },
    {
      "word": "Hill.",
      "start": 4.432,
      "end": 4.692,
      "score": 0.738,
      "speaker": "SPEAKER_00"
    },
    {
      "word": "Senator",
      "start": 4.832,
      "end": 5.112,
      "score": 0.651,
      "speaker": "SPEAKER_00"
    },
    {
      "word": "John",
      "start": 5.132,
      "end": 5.312,
      "score": 0.974,
      "speaker": "SPEAKER_00"
    },
    {
      "word": "McCain",
      "start": 5.352,
      "end": 5.733,
      "score": 0.713,
      "speaker": "SPEAKER_00"
    },
    {
      "word": "at",
      "start": 5.793,
      "end": 5.873,
      "score": 0.847,
      "speaker": "SPEAKER_00"
    },
    {
      "word": "the",
      "start": 5.913,
      "end": 6.013,
      "score": 0.546,
      "speaker": "SPEAKER_00"
    },
    {
      "word": "Senate",
      "start": 6.033,
      "end": 6.213,
      "score": 0.232,
      "speaker": "SPEAKER_00"
    },
    {
      "word": "Armed",
      "start": 6.253,
      "end": 6.433,
      "score": 0.682,
      "speaker": "SPEAKER_00"
    },
    {
      "word": "Services",
      "start": 6.453,
      "end": 6.873,
      "score": 0.776,
      "speaker": "SPEAKER_00"
    },
    {
      "word": "Committee.",
      "start": 6.894,
      "end": 7.174,
      "score": 0.86,
      "speaker": "SPEAKER_00"
    },
    {
      "word": "And",
      "start": 7.494,
      "end": 7.554,
      "score": 0.981,
      "speaker": "SPEAKER_00"
    },
    {
      "word": "you",
      "start": 7.594,
      "end": 7.654,
      "score": 0.998,
      "speaker": "SPEAKER_00"
    },
    {
      "word": "can",
      "start": 7.674,
      "end": 7.774,
      "score": 0.819,
      "speaker": "SPEAKER_00"
    },
    {
      "word": "expect",
      "start": 7.794,
      "end": 8.114,
      "score": 0.822,
      "speaker": "SPEAKER_00"
    },
    {
      "word": "he",
      "start": 8.194,
      "end": 8.374,
      "score": 0.912,
      "speaker": "SPEAKER_00"
    },
    {
      "word": "and",
      "start": 8.435,
      "end": 8.555,
      "score": 0.629,
      "speaker": "SPEAKER_00"
    },
    {
      "word": "his",
      "start": 8.635,
      "end": 8.855,
      "score": 0.697,
      "speaker": "SPEAKER_00"
    },
    {
      "word": "close",
      "start": 9.515,
      "end": 9.775,
      "score": 0.909,
      "speaker": "SPEAKER_00"
    },
    {
      "word": "friend,",
      "start": 9.795,
      "end": 10.016,
      "score": 0.896,
      "speaker": "SPEAKER_00"
    },
    {
      "word": "Senator",
      "start": 10.036,
      "end": 10.256,
      "score": 0.47,
      "speaker": "SPEAKER_00"
    },
    {
      "word": "Lindsey",
      "start": 10.316,
      "end": 10.596,
      "score": 0.923,
      "speaker": "SPEAKER_00"
    },
    {
      "word": "Graham,",
      "start": 10.636,
      "end": 10.956,
      "score": 0.637,
      "speaker": "SPEAKER_00"
    },
    {
      "word": "also",
      "start": 11.016,
      "end": 11.196,
      "score": 0.89,
      "speaker": "SPEAKER_00"
    },
    {
      "word": "on",
      "start": 11.256,
      "end": 11.296,
      "score": 0.966,
      "speaker": "SPEAKER_00"
    },
    {
      "word": "that",
      "start": 11.316,
      "end": 11.416,
      "score": 0.636,
      "speaker": "SPEAKER_00"
    },
    {
      "word": "committee,",
      "start": 11.436,
      "end": 11.757,
      "score": 0.979,
      "speaker": "SPEAKER_00"
    },
    {
      "word": "to",
      "start": 12.117,
      "end": 12.237,
      "score": 0.956,
      "speaker": "SPEAKER_00"
    },
    {
      "word": "aggressively",
      "start": 12.277,
      "end": 12.817,
      "score": 0.858,
      "speaker": "SPEAKER_00"
    },
    {
      "word": "go",
      "start": 12.857,
      "end": 12.937,
      "score": 0.84,
      "speaker": "SPEAKER_00"
    },
    {
      "word": "after",
      "start": 12.997,
      "end": 13.158,
      "score": 0.66,
      "speaker": "SPEAKER_00"
    },
    {
      "word": "the",
      "start": 13.178,
      "end": 13.258,
      "score": 0.827,
      "speaker": "SPEAKER_00"
    },
    {
      "word": "issue",
      "start": 13.278,
      "end": 13.478,
      "score": 0.911,
      "speaker": "SPEAKER_00"
    },
    {
      "word": "tomorrow.",
      "start": 13.518,
      "end": 13.958,
      "score": 0.795,
      "speaker": "SPEAKER_00"
    },
    {
      "word": "And",
      "start": 13.998,
      "end": 14.078,
      "score": 0.837,
      "speaker": "SPEAKER_00"
    },
    {
      "word": "it's",
      "start": 14.098,
      "end": 14.178,
      "score": 0.918,
      "speaker": "SPEAKER_00"
    },
    {
      "word": "going",
      "start": 14.198,
      "end": 14.298,
      "score": 0.686,
      "speaker": "SPEAKER_00"
    },
    {
      "word": "to",
      "start": 14.318,
      "end": 14.358,
      "score": 0.821,
      "speaker": "SPEAKER_00"
    },
    {
      "word": "be",
      "start": 14.398,
      "end": 14.478,
      "score": 0.672,
      "speaker": "SPEAKER_00"
    },
    {
      "word": "fascinating.",
      "start": 14.539,
      "end": 15.059,
      "score": 0.928,
      "speaker": "SPEAKER_00"
    },
    {
      "word": "to",
      "start": 15.399,
      "end": 15.499,
      "score": 0.918,
      "speaker": "SPEAKER_00"
    },
    {
      "word": "see",
      "start": 15.539,
      "end": 15.719,
      "score": 0.644,
      "speaker": "SPEAKER_00"
    },
    {
      "word": "how",
      "start": 15.759,
      "end": 15.899,
      "score": 0.931,
      "speaker": "SPEAKER_00"
    },
    {
      "word": "Donald",
      "start": 15.939,
      "end": 16.159,
      "score": 0.409,
      "speaker": "SPEAKER_00"
    },
    {
      "word": "Trump",
      "start": 16.179,
      "end": 16.38,
      "score": 0.988,
      "speaker": "SPEAKER_00"
    },
    {
      "word": "responds",
      "start": 16.44,
      "end": 17.12,
      "score": 0.899,
      "speaker": "SPEAKER_00"
    },
    {
      "word": "to",
      "start": 17.18,
      "end": 17.26,
      "score": 0.998,
      "speaker": "SPEAKER_00"
    },
    {
      "word": "the",
      "start": 17.28,
      "end": 17.36,
      "score": 0.822,
      "speaker": "SPEAKER_00"
    },
    {
      "word": "press",
      "start": 17.38,
      "end": 17.62,
      "score": 0.94,
      "speaker": "SPEAKER_00"
    },
    {
      "word": "coverage",
      "start": 17.64,
      "end": 18.02,
      "score": 0.862,
      "speaker": "SPEAKER_00"
    },
    {
      "word": "of",
      "start": 18.481,
      "end": 18.541,
      "score": 0.982,
      "speaker": "SPEAKER_00"
    },
    {
      "word": "that",
      "start": 18.601,
      "end": 18.781,
      "score": 0.85,
      "speaker": "SPEAKER_00"
    },
    {
      "word": "hearing.",
      "start": 18.841,
      "end": 19.121,
      "score": 0.767,
      "speaker": "SPEAKER_00"
    },
    {
      "word": "I",
      "start": 19.141,
      "end": 19.161,
      "score": 0.0,
      "speaker": "SPEAKER_00"
    },
    {
      "word": "was",
      "start": 19.561,
      "end": 19.701,
      "score": 0.55,
      "speaker": "SPEAKER_00"
    },
    {
      "word": "on",
      "start": 20.161,
      "end": 20.221,
      "score": 0.858,
      "speaker": "SPEAKER_00"
    },
    {
      "word": "the",
      "start": 20.242,
      "end": 20.322,
      "score": 0.807,
      "speaker": "SPEAKER_00"
    },
    {
      "word": "Hill",
      "start": 20.342,
      "end": 20.482,
      "score": 0.982,
      "speaker": "SPEAKER_00"
    },
    {
      "word": "yesterday,",
      "start": 20.522,
      "end": 21.062,
      "score": 0.804,
      "speaker": "SPEAKER_00"
    },
    {
      "word": "and",
      "start": 21.082,
      "end": 21.142,
      "score": 0.0,
      "speaker": "SPEAKER_00"
    },
    {
      "word": "I'm",
      "start": 21.602,
      "end": 21.722,
      "score": 0.908,
      "speaker": "SPEAKER_00"
    },
    {
      "word": "told",
      "start": 21.782,
      "end": 21.982,
      "score": 0.836,
      "speaker": "SPEAKER_00"
    },
    {
      "word": "that",
      "start": 22.042,
      "end": 22.122,
      "score": 0.999,
      "speaker": "SPEAKER_00"
    },
    {
      "word": "while",
      "start": 22.162,
      "end": 22.323,
      "score": 0.932,
      "speaker": "SPEAKER_00"
    },
    {
      "word": "Senator",
      "start": 22.343,
      "end": 22.663,
      "score": 0.39,
      "speaker": "SPEAKER_00"
    },
    {
      "word": "McConnell,",
      "start": 22.983,
      "end": 23.463,
      "score": 0.637,
      "speaker": "SPEAKER_00"
    },
    {
      "word": "the",
      "start": 23.663,
      "end": 23.823,
      "score": 0.905,
      "speaker": "SPEAKER_00"
    },
    {
      "word": "leader",
      "start": 23.923,
      "end": 24.103,
      "score": 0.861,
      "speaker": "SPEAKER_00"
    },
    {
      "word": "of",
      "start": 24.123,
      "end": 24.204,
      "score": 0.668,
      "speaker": "SPEAKER_00"
    },
    {
      "word": "Republicans",
      "start": 24.224,
      "end": 24.684,
      "score": 0.77,
      "speaker": "SPEAKER_00"
    },
    {
      "word": "in",
      "start": 24.744,
      "end": 24.804,
      "score": 0.772,
      "speaker": "SPEAKER_00"
    },
    {
      "word": "the",
      "start": 24.824,
      "end": 24.904,
      "score": 0.82,
      "speaker": "SPEAKER_00"
    },
    {
      "word": "Senate,",
      "start": 24.944,
      "end": 25.204,
      "score": 0.769,
      "speaker": "SPEAKER_00"
    },
    {
      "word": "has",
      "start": 25.664,
      "end": 25.924,
      "score": 0.865,
      "speaker": "SPEAKER_00"
    },
    {
      "word": "said",
      "start": 26.325,
      "end": 26.525,
      "score": 0.89,
      "speaker": "SPEAKER_00"
    },
    {
      "word": "he",
      "start": 26.565,
      "end": 26.625,
      "score": 0.813,
      "speaker": "SPEAKER_00"
    },
    {
      "word": "does",
      "start": 26.665,
      "end": 26.785,
      "score": 0.762,
      "speaker": "SPEAKER_00"
    },
    {
      "word": "not",
      "start": 26.845,
      "end": 26.965,
      "score": 0.843,
      "speaker": "SPEAKER_00"
    },
    {
      "word": "want",
      "start": 27.005,
      "end": 27.125,
      "score": 0.758,
      "speaker": "SPEAKER_00"
    },
    {
      "word": "to",
      "start": 27.165,
      "end": 27.225,
      "score": 0.812,
      "speaker": "SPEAKER_00"
    },
    {
      "word": "do",
      "start": 27.265,
      "end": 27.385,
      "score": 0.834,
      "speaker": "SPEAKER_00"
    },
    {
      "word": "a",
      "start": 27.465,
      "end": 27.525,
      "score": 0.511,
      "speaker": "SPEAKER_00"
    },
    {
      "word": "select",
      "start": 27.685,
      "end": 28.085,
      "score": 0.812,
      "speaker": "SPEAKER_00"
    },
    {
      "word": "committee",
      "start": 28.105,
      "end": 28.486,
      "score": 0.815,
      "speaker": "SPEAKER_00"
    },
    {
      "word": "to",
      "start": 28.506,
      "end": 28.606,
      "score": 0.834,
      "speaker": "SPEAKER_00"
    },
    {
      "word": "investigate",
      "start": 28.646,
      "end": 29.086,
      "score": 0.875,
      "speaker": "SPEAKER_00"
    },
    {
      "word": "the",
      "start": 29.126,
      "end": 29.186,
      "score": 0.987,
      "speaker": "SPEAKER_00"
    },
    {
      "word": "Russian",
      "start": 29.206,
      "end": 29.446,
      "score": 0.927,
      "speaker": "SPEAKER_00"
    },
    {
      "word": "hacking,",
      "start": 29.466,
      "end": 29.746,
      "score": 0.923,
      "speaker": "SPEAKER_00"
    },
    {
      "word": "he",
      "start": 30.247,
      "end": 30.347,
      "score": 0.941,
      "speaker": "SPEAKER_00"
    },
    {
      "word": "is",
      "start": 30.427,
      "end": 30.487,
      "score": 0.77,
      "speaker": "SPEAKER_00"
    },
    {
      "word": "willing",
      "start": 30.527,
      "end": 30.747,
      "score": 0.929,
      "speaker": "SPEAKER_00"
    },
    {
      "word": "to",
      "start": 30.787,
      "end": 30.887,
      "score": 0.602,
      "speaker": "SPEAKER_00"
    },
    {
      "word": "let",
      "start": 30.947,
      "end": 31.187,
      "score": 0.861,
      "speaker": "SPEAKER_00"
    },
    {
      "word": "McCain",
      "start": 31.347,
      "end": 31.707,
      "score": 0.759,
      "speaker": "SPEAKER_00"
    },
    {
      "word": "and",
      "start": 31.727,
      "end": 31.807,
      "score": 0.806,
      "speaker": "SPEAKER_00"
    },
    {
      "word": "Graham",
      "start": 31.827,
      "end": 32.208,
      "score": 0.602,
      "speaker": "SPEAKER_00"
    },
    {
      "word": "hold",
      "start": 32.708,
      "end": 32.888,
      "score": 0.91,
      "speaker": "SPEAKER_00"
    },
    {
      "word": "as",
      "start": 32.928,
      "end": 33.008,
      "score": 0.714,
      "speaker": "SPEAKER_00"
    },
    {
      "word": "many",
      "start": 33.068,
      "end": 33.268,
      "score": 0.766,
      "speaker": "SPEAKER_00"
    },
    {
      "word": "hearings",
      "start": 33.308,
      "end": 33.628,
      "score": 0.782,
      "speaker": "SPEAKER_00"
    },
    {
      "word": "as",
      "start": 33.728,
      "end": 33.828,
      "score": 0.624,
      "speaker": "SPEAKER_00"
    },
    {
      "word": "they",
      "start": 33.868,
      "end": 34.008,
      "score": 0.905,
      "speaker": "SPEAKER_00"
    },
    {
      "word": "want",
      "start": 34.069,
      "end": 34.389,
      "score": 0.935,
      "speaker": "SPEAKER_00"
    },
    {
      "word": "pursuing",
      "start": 34.709,
      "end": 35.109,
      "score": 0.921,
      "speaker": "SPEAKER_00"
    },
    {
      "word": "this",
      "start": 35.149,
      "end": 35.269,
      "score": 0.928,
      "speaker": "SPEAKER_00"
    },
    {
      "word": "issue",
      "start": 35.349,
      "end": 35.629,
      "score": 0.91,
      "speaker": "SPEAKER_00"
    },
    {
      "word": "at",
      "start": 35.649,
      "end": 35.689,
      "score": 0.0,
      "speaker": "SPEAKER_00"
    },
    {
      "word": "armed",
      "start": 36.49,
      "end": 36.89,
      "score": 0.647,
      "speaker": "SPEAKER_00"
    },
    {
      "word": "services.",
      "start": 36.91,
      "end": 37.39,
      "score": 0.818,
      "speaker": "SPEAKER_00"
    },
    {
      "word": "And",
      "start": 37.47,
      "end": 37.55,
      "score": 0.561,
      "speaker": "SPEAKER_00"
    },
    {
      "word": "so",
      "start": 37.57,
      "end": 37.63,
      "score": 0.4,
      "speaker": "SPEAKER_00"
    },
    {
      "word": "the",
      "start": 37.67,
      "end": 37.73,
      "score": 0.986,
      "speaker": "SPEAKER_00"
    },
    {
      "word": "question",
      "start": 37.77,
      "end": 38.051,
      "score": 0.963,
      "speaker": "SPEAKER_00"
    },
    {
      "word": "to",
      "start": 38.071,
      "end": 38.151,
      "score": 0.516,
      "speaker": "SPEAKER_00"
    },
    {
      "word": "me",
      "start": 38.171,
      "end": 38.291,
      "score": 0.916,
      "speaker": "SPEAKER_00"
    },
    {
      "word": "is...",
      "start": 38.351,
      "end": 38.411,
      "score": 0.966,
      "speaker": "SPEAKER_00"
    },
    {
      "word": "if",
      "start": 39.071,
      "end": 39.151,
      "score": 0.994,
      "speaker": "SPEAKER_00"
    },
    {
      "word": "and",
      "start": 39.171,
      "end": 39.232,
      "score": 0.227,
      "speaker": "SPEAKER_00"
    },
    {
      "word": "when",
      "start": 39.312,
      "end": 39.512,
      "score": 0.861,
      "speaker": "SPEAKER_00"
    },
    {
      "word": "Trump",
      "start": 39.632,
      "end": 39.893,
      "score": 0.851,
      "speaker": "SPEAKER_00"
    },
    {
      "word": "gets",
      "start": 39.913,
      "end": 40.113,
      "score": 0.819,
      "speaker": "SPEAKER_00"
    },
    {
      "word": "irritable",
      "start": 40.434,
      "end": 40.754,
      "score": 0.789,
      "speaker": "SPEAKER_00"
    },
    {
      "word": "about",
      "start": 40.774,
      "end": 40.955,
      "score": 0.9,
      "speaker": "SPEAKER_00"
    },
    {
      "word": "this",
      "start": 40.995,
      "end": 41.175,
      "score": 0.898,
      "speaker": "SPEAKER_00"
    },
    {
      "word": "and",
      "start": 41.235,
      "end": 41.295,
      "score": 0.564,
      "speaker": "SPEAKER_00"
    },
    {
      "word": "he",
      "start": 41.315,
      "end": 41.396,
      "score": 0.573,
      "speaker": "SPEAKER_00"
    },
    {
      "word": "starts",
      "start": 41.416,
      "end": 41.576,
      "score": 0.427,
      "speaker": "SPEAKER_00"
    },
    {
      "word": "putting",
      "start": 41.596,
      "end": 41.756,
      "score": 0.181,
      "speaker": "SPEAKER_00"
    },
    {
      "word": "pressure",
      "start": 41.796,
      "end": 42.057,
      "score": 0.891,
      "speaker": "SPEAKER_00"
    },
    {
      "word": "on",
      "start": 42.097,
      "end": 42.157,
      "score": 0.932,
      "speaker": "SPEAKER_00"
    },
    {
      "word": "McConnell",
      "start": 42.197,
      "end": 42.738,
      "score": 0.662,
      "speaker": "SPEAKER_00"
    },
    {
      "word": "to",
      "start": 43.139,
      "end": 43.179,
      "score": 0.61,
      "speaker": "SPEAKER_00"
    },
    {
      "word": "say,",
      "start": 43.219,
      "end": 43.379,
      "score": 0.825,
      "speaker": "SPEAKER_00"
    },
    {
      "word": "shut",
      "start": 43.399,
      "end": 43.56,
      "score": 0.708,
      "speaker": "SPEAKER_00"
    },
    {
      "word": "it",
      "start": 43.58,
      "end": 43.62,
      "score": 0.946,
      "speaker": "SPEAKER_00"
    },
    {
      "word": "down,",
      "start": 43.64,
      "end": 43.92,
      "score": 0.809,
      "speaker": "SPEAKER_00"
    },
    {
      "word": "what",
      "start": 44.301,
      "end": 44.401,
      "score": 0.978,
      "speaker": "SPEAKER_00"
    },
    {
      "word": "does",
      "start": 44.421,
      "end": 44.521,
      "score": 0.781,
      "speaker": "SPEAKER_00"
    },
    {
      "word": "McConnell",
      "start": 44.541,
      "end": 44.842,
      "score": 0.379,
      "speaker": "SPEAKER_00"
    },
    {
      "word": "do?",
      "start": 44.862,
      "end": 44.982,
      "score": 0.867,
      "speaker": "SPEAKER_00"
    },
    {
      "word": "Maybe",
      "start": 45.123,
      "end": 45.243,
      "score": 0.565,
      "speaker": "SPEAKER_00"
    },
    {
      "word": "we",
      "start": 45.263,
      "end": 45.303,
      "score": 0.12,
      "speaker": "SPEAKER_00"
    },
    {
      "word": "should",
      "start": 45.323,
      "end": 45.463,
      "score": 0.029,
      "speaker": "SPEAKER_00"
    },
    {
      "word": "get",
      "start": 45.483,
      "end": 45.563,
      "score": 0.801,
      "speaker": "SPEAKER_00"
    },
    {
      "word": "a",
      "start": 45.583,
      "end": 45.623,
      "score": 0.413,
      "speaker": "SPEAKER_00"
    },
    {
      "word": "countdown",
      "start": 45.664,
      "end": 46.044,
      "score": 0.676,
      "speaker": "SPEAKER_00"
    },
    {
      "word": "clock.",
      "start": 46.084,
      "end": 46.285,
      "score": 0.963,
      "speaker": "SPEAKER_00"
    }
  ],
  "language": "en"
}