{
  "segments": [
    {
      "start": 0.229,
      "end": 7.336,
      "text": " CNN is suspending pro-Trump contributor Paris Dennett as it investigates allegations of misconduct brought to light in a Washington Post story.",
      "words": [
        {
          "word": "CNN",
          "start": 0.229,
          "end": 0.65,
          "score": 0.585,
          "speaker": "SPEAKER_00"
        },
        {
          "word": "is",
          "start": 0.69,
          "end": 0.75,
          "score": 0.548,
          "speaker": "SPEAKER_00"
        },
        {
          "word": "suspending",
          "start": 0.77,
          "end": 1.23,
          "score": 0.842,
          "speaker": "SPEAKER_00"
        },
        {
          "word": "pro-Trump",
          "start": 1.33,
          "end": 1.851,
          "score": 0.703,
          "speaker": "SPEAKER_00"
        },
        {
          "word": "contributor",
          "start": 1.891,
          "end": 2.391,
          "score": 0.707,
          "speaker": "SPEAKER_00"
        },
        {
          "word": "Paris",
          "start": 2.411,
          "end": 2.712,
          "score": 0.848,
          "speaker": "SPEAKER_00"
        },
        {
          "word": "Dennett",
          "start": 2.752,
          "end": 3.112,
          "score": 0.694,
          "speaker": "SPEAKER_00"
        },
        {
          "word": "as",
          "start": 3.192,
          "end": 3.292,
          "score": 0.804,
          "speaker": "SPEAKER_00"
        },
        {
          "word": "it",
          "start": 3.312,
          "end": 3.372,
          "score": 0.732,
          "speaker": "SPEAKER_00"
        },
        {
          "word": "investigates",
          "start": 3.392,
          "end": 3.993,
          "score": 0.809,
          "speaker": "SPEAKER_00"
        },
        {
          "word": "allegations",
          "start": 4.093,
          "end": 4.654,
          "score": 0.836,
          "speaker": "SPEAKER_00"
        },
        {
          "word": "of",
          "start": 4.714,
          "end": 4.774,
          "score": 0.744,
          "speaker": "SPEAKER_00"
        },
        {
          "word": "misconduct",
          "start": 4.814,
          "end": 5.394,
          "score": 0.888,
          "speaker": "SPEAKER_00"
        },
        {
          "word": "brought",
          "start": 5.454,
          "end": 5.675,
          "score": 0.892,
          "speaker": "SPEAKER_00"
        },
        {
          "word": "to",
          "start": 5.715,
          "end": 5.795,
          "score": 0.972,
          "speaker": "SPEAKER_00"
        },
        {
          "word": "light",
          "start": 5.835,
          "end": 6.055,
          "score": 0.902,
          "speaker": "SPEAKER_00"
        },
        {
          "word": "in",
          "start": 6.095,
          "end": 6.175,
          "score": 0.824,
          "speaker": "SPEAKER_00"
        },
        {
          "word": "a",
          "start": 6.195,
          "end": 6.215,
          "score": 0.038,
          "speaker": "SPEAKER_00"
        },
        {
          "word": "Washington",
          "start": 6.275,
          "end": 6.676,
          "score": 0.85,
          "speaker": "SPEAKER_00"
        },
        {
          "word": "Post",
          "start": 6.696,
          "end": 6.916,
          "score": 0.851,
          "speaker": "SPEAKER_00"
        },
        {
          "word": "story.",
          "start": 6.936,
          "end": 7.336,
          "score": 0.73,
          "speaker": "SPEAKER_00"
        }
      ],
      "speaker": "SPEAKER_00"
    },
    {
      "start": 7.717,
      "end": 18.648,
      "text": "On Wednesday night, the Post reported that Dennett was fired from a previous job at Arizona State University for making sexually explicit comments and gestures toward women, according to documents and a university official.",
      "words": [
        {
          "word": "On",
          "start": 7.717,
          "end": 7.797,
          "score": 0.942,
          "speaker": "SPEAKER_00"
        },
        {
          "word": "Wednesday",
          "start": 7.837,
          "end": 8.157,
          "score": 0.808,
          "speaker": "SPEAKER_00"
        },
        {
          "word": "night,",
          "start": 8.197,
          "end": 8.377,
          "score": 0.793,
          "speaker": "SPEAKER_00"
        },
        {
          "word": "the",
          "start": 8.417,
          "end": 8.498,
          "score": 0.836,
          "speaker": "SPEAKER_00"
        },
        {
          "word": "Post",
          "start": 8.538,
          "end": 8.738,
          "score": 0.803,
          "speaker": "SPEAKER_00"
        },
        {
          "word": "reported",
          "start": 8.778,
          "end": 9.158,
          "score": 0.881,
          "speaker": "SPEAKER_00"
        },
        {
          "word": "that",
          "start": 9.178,
          "end": 9.278,
          "score": 0.999,
          "speaker": "SPEAKER_00"
        },
        {
          "word": "Dennett",
          "start": 9.318,
          "end": 9.579,
          "score": 0.665,
          "speaker": "SPEAKER_00"
        },
        {
          "word": "was",
          "start": 9.599,
          "end": 9.739,
          "score": 0.704,
          "speaker": "SPEAKER_00"
        },
        {
          "word": "fired",
          "start": 9.779,
          "end": 10.079,
          "score": 0.835,
          "speaker": "SPEAKER_00"
        },
        {
          "word": "from",
          "start": 10.099,
          "end": 10.239,
          "score": 0.751,
          "speaker": "SPEAKER_00"
        },
        {
          "word": "a",
          "start": 10.299,
          "end": 10.339,
          "score": 0.501,
          "speaker": "SPEAKER_00"
        },
        {
          "word": "previous",
          "start": 10.419,
          "end": 10.8,
          "score": 0.845,
          "speaker": "SPEAKER_00"
        },
        {
          "word": "job",
          "start": 10.84,
          "end": 11.06,
          "score": 0.982,
          "speaker": "SPEAKER_00"
        },
        {
          "word": "at",
          "start": 11.1,
          "end": 11.16,
          "score": 0.749,
          "speaker": "SPEAKER_00"
        },
        {
          "word": "Arizona",
          "start": 11.24,
          "end": 11.641,
          "score": 0.885,
          "speaker": "SPEAKER_00"
        },
        {
          "word": "State",
          "start": 11.681,
          "end": 11.901,
          "score": 0.916,
          "speaker": "SPEAKER_00"
        },
        {
          "word": "University",
          "start": 11.961,
          "end": 12.582,
          "score": 0.8,
          "speaker": "SPEAKER_00"
        },
        {
          "word": "for",
          "start": 12.882,
          "end": 12.982,
          "score": 0.969,
          "speaker": "SPEAKER_00"
        },
        {
          "word": "making",
          "start": 13.022,
          "end": 13.282,
          "score": 0.834,
          "speaker": "SPEAKER_00"
        },
        {
          "word": "sexually",
          "start": 13.402,
          "end": 13.843,
          "score": 0.981,
          "speaker": "SPEAKER_00"
        },
        {
          "word": "explicit",
          "start": 13.923,
          "end": 14.363,
          "score": 0.879,
          "speaker": "SPEAKER_00"
        },
        {
          "word": "comments",
          "start": 14.403,
          "end": 14.764,
          "score": 0.925,
          "speaker": "SPEAKER_00"
        },
        {
          "word": "and",
          "start": 14.864,
          "end": 14.964,
          "score": 0.951,
          "speaker": "SPEAKER_00"
        },
        {
          "word": "gestures",
          "start": 15.044,
          "end": 15.444,
          "score": 0.837,
          "speaker": "SPEAKER_00"
        },
        {
          "word": "toward",
          "start": 15.485,
          "end": 15.765,
          "score": 0.884,
          "speaker": "SPEAKER_00"
        },
        {
          "word": "women,",
          "start": 15.805,
          "end": 16.105,
          "score": 0.774,
          "speaker": "SPEAKER_00"
        },
        {
          "word": "according",
          "start": 16.205,
          "end": 16.586,
          "score": 0.872,
          "speaker": "SPEAKER_00"
        },
        {
          "word": "to",
          "start": 16.606,
          "end": 16.686,
          "score": 0.75,
          "speaker": "SPEAKER_00"
        },
        {
          "word": "documents",
          "start": 16.726,
          "end": 17.166,
          "score": 0.849,
          "speaker": "SPEAKER_00"
        },
        {
          "word": "and",
          "start": 17.386,
          "end": 17.547,
          "score": 0.763,
          "speaker": "SPEAKER_00"
        },
        {
          "word": "a",
          "start": 17.567,
          "end": 17.587,
          "score": 0.0,
          "speaker": "SPEAKER_00"
        },
        {
          "word": "university",
          "start": 17.767,
          "end": 18.287,
          "score": 0.877,
          "speaker": "SPEAKER_00"
        },
        {
          "word": "official.",
          "start": 18.307,
          "end": 18.648,
          "score": 0.861,
          "speaker": "SPEAKER_00"
        }
      ],
      "speaker": "SPEAKER_00"
    },
    {
      "start": 19.028,
      "end": 29.811,
      "text": " The Hollywood Reporter reached out to CNN following publication of the report to determine Dennett's status.",
      "words": [
        {
          "word": "The",
          "start": 19.028,
          "end": 19.108,
          "score": 0.836,
          "speaker": "SPEAKER_00"
        },
        {
          "word": "Hollywood",
          "start": 19.128,
          "end": 19.428,
          "score": 0.628,
          "speaker": "SPEAKER_00"
        },
        {
          "word": "Reporter",
          "start": 19.448,
          "end": 19.788,
          "score": 0.983,
          "speaker": "SPEAKER_00"
        },
        {
          "word": "reached",
          "start": 19.828,
          "end": 20.048,
          "score": 0.796,
          "speaker": "SPEAKER_00"
        },
        {
          "word": "out",
          "start": 20.108,
          "end": 20.208,
          "score": 0.968,
          "speaker": "SPEAKER_00"
        },
        {
          "word": "to",
          "start": 20.248,
          "end": 20.328,
          "score": 0.95,
          "speaker": "SPEAKER_00"
        },
        {
          "word": "CNN",
          "start": 20.368,
          "end": 20.748,
          "score": 0.524,
          "speaker": "SPEAKER_00"
        },
        {
          "word": "following",
          "start": 20.808,
          "end": 21.169,
          "score": 0.915,
          "speaker": "SPEAKER_00"
        },
        {
          "word": "publication",
          "start": 21.209,
          "end": 21.769,
          "score": 0.848,
          "speaker": "SPEAKER_00"
        },
        {
          "word": "of",
          "start": 21.829,
          "end": 21.909,
          "score": 0.838,
          "speaker": "SPEAKER_00"
        },
        {
          "word": "the",
          "start": 21.949,
          "end": 22.029,
          "score": 0.834,
          "speaker": "SPEAKER_00"
        },
        {
          "word": "report",
          "start": 22.069,
          "end": 22.409,
          "score": 0.919,
          "speaker": "SPEAKER_00"
        },
        {
          "word": "to",
          "start": 22.449,
          "end": 22.529,
          "score": 0.928,
          "speaker": "SPEAKER_00"
        },
        {
          "word": "determine",
          "start": 22.569,
          "end": 23.829,
          "score": 0.809,
          "speaker": "SPEAKER_00"
        },
        {
          "word": "Dennett's",
          "start": 24.509,
          "end": 27.17,
          "score": 0.39,
          "speaker": "SPEAKER_00"
        },
        {
          "word": "status.",
          "start": 27.41,
          "end": 29.811,
          "score": 0.535,
          "speaker": "SPEAKER_00"
        }
      ],
      "speaker": "SPEAKER_00"
    },
    {
      "start": 30.131,
      "end": 39.533,
      "text": "Said a network spokesperson, A report conducted by the university alleges that Dennett acted inappropriately with a recent college graduate under his employ.",
      "words": [
        {
          "word": "Said",
          "start": 30.131,
          "end": 30.631,
          "score": 0.431,
          "speaker": "SPEAKER_00"
        },
        {
          "word": "a",
          "start": 30.651,
          "end": 30.671,
          "score": 0.0,
          "speaker": "SPEAKER_00"
        },
        {
          "word": "network",
          "start": 30.851,
          "end": 31.751,
          "score": 0.31,
          "speaker": "SPEAKER_00"
        },
        {
          "word": "spokesperson,",
          "start": 31.771,
          "end": 33.252,
          "score": 0.629,
          "speaker": "SPEAKER_00"
        },
        {
          "word": "A",
          "start": 33.752,
          "end": 33.792,
          "score": 0.826,
          "speaker": "SPEAKER_00"
        },
        {
          "word": "report",
          "start": 33.832,
          "end": 34.072,
          "score": 0.937,
          "speaker": "SPEAKER_00"
        },
        {
          "word": "conducted",
          "start": 34.112,
          "end": 34.492,
          "score": 0.881,
          "speaker": "SPEAKER_00"
        },
        {
          "word": "by",
          "start": 34.532,
          "end": 34.672,
          "score": 0.754,
          "speaker": "SPEAKER_00"
        },
        {
          "word": "the",
          "start": 34.712,
          "end": 34.792,
          "score": 0.842,
          "speaker": "SPEAKER_00"
        },
        {
          "word": "university",
          "start": 34.852,
          "end": 35.352,
          "score": 0.893,
          "speaker": "SPEAKER_00"
        },
        {
          "word": "alleges",
          "start": 35.392,
          "end": 35.732,
          "score": 0.885,
          "speaker": "SPEAKER_00"
        },
        {
          "word": "that",
          "start": 35.772,
          "end": 35.872,
          "score": 0.873,
          "speaker": "SPEAKER_00"
        },
        {
          "word": "Dennett",
          "start": 35.892,
          "end": 36.152,
          "score": 0.642,
          "speaker": "SPEAKER_00"
        },
        {
          "word": "acted",
          "start": 36.232,
          "end": 36.432,
          "score": 0.843,
          "speaker": "SPEAKER_00"
        },
        {
          "word": "inappropriately",
          "start": 36.472,
          "end": 37.253,
          "score": 0.837,
          "speaker": "SPEAKER_00"
        },
        {
          "word": "with",
          "start": 37.293,
          "end": 37.433,
          "score": 0.826,
          "speaker": "SPEAKER_00"
        },
        {
          "word": "a",
          "start": 37.473,
          "end": 37.513,
          "score": 0.455,
          "speaker": "SPEAKER_00"
        },
        {
          "word": "recent",
          "start": 37.573,
          "end": 37.853,
          "score": 0.944,
          "speaker": "SPEAKER_00"
        },
        {
          "word": "college",
          "start": 37.913,
          "end": 38.213,
          "score": 0.852,
          "speaker": "SPEAKER_00"
        },
        {
          "word": "graduate",
          "start": 38.253,
          "end": 38.673,
          "score": 0.862,
          "speaker": "SPEAKER_00"
        },
        {
          "word": "under",
          "start": 38.733,
          "end": 38.893,
          "score": 0.944,
          "speaker": "SPEAKER_00"
        },
        {
          "word": "his",
          "start": 38.953,
          "end": 39.053,
          "score": 0.78,
          "speaker": "SPEAKER_00"
        },
        {
          "word": "employ.",
          "start": 39.113,
          "end": 39.533,
          "score": 0.854,
          "speaker": "SPEAKER_00"
        }
      ],
      "speaker": "SPEAKER_00"
    },
    {
      "start": 39.873,
      "end": 46.135,
      "text": "According to the report, he pretended to unzip his pants in her presence, tried to get her to sit on his lap and made masturbatory gestures.",
      "words": [
        {
          "word": "According",
          "start": 39.873,
          "end": 40.153,
          "score": 0.944,
          "speaker": "SPEAKER_00"
        },
        {
          "word": "to",
          "start": 40.173,
          "end": 40.233,
          "score": 0.756,
          "speaker": "SPEAKER_00"
        },
        {
          "word": "the",
          "start": 40.253,
          "end": 40.333,
          "score": 0.832,
          "speaker": "SPEAKER_00"
        },
        {
          "word": "report,",
          "start": 40.373,
          "end": 40.733,
          "score": 0.944,
          "speaker": "SPEAKER_00"
        },
        {
          "word": "he",
          "start": 40.794,
          "end": 40.874,
          "score": 0.724,
          "speaker": "SPEAKER_00"
        },
        {
          "word": "pretended",
          "start": 40.914,
          "end": 41.254,
          "score": 0.9,
          "speaker": "SPEAKER_00"
        },
        {
          "word": "to",
          "start": 41.274,
          "end": 41.334,
          "score": 0.758,
          "speaker": "SPEAKER_00"
        },
        {
          "word": "unzip",
          "start": 41.414,
          "end": 41.694,
          "score": 0.896,
          "speaker": "SPEAKER_00"
        },
        {
          "word": "his",
          "start": 41.734,
          "end": 41.834,
          "score": 0.965,
          "speaker": "SPEAKER_00"
        },
        {
          "word": "pants",
          "start": 41.894,
          "end": 42.134,
          "score": 0.715,
          "speaker": "SPEAKER_00"
        },
        {
          "word": "in",
          "start": 42.174,
          "end": 42.234,
          "score": 0.996,
          "speaker": "SPEAKER_00"
        },
        {
          "word": "her",
          "start": 42.274,
          "end": 42.374,
          "score": 0.845,
          "speaker": "SPEAKER_00"
        },
        {
          "word": "presence,",
          "start": 42.414,
          "end": 42.814,
          "score": 0.847,
          "speaker": "SPEAKER_00"
        },
        {
          "word": "tried",
          "start": 42.934,
          "end": 43.134,
          "score": 0.884,
          "speaker": "SPEAKER_00"
        },
        {
          "word": "to",
          "start": 43.174,
          "end": 43.254,
          "score": 0.751,
          "speaker": "SPEAKER_00"
        },
        {
          "word": "get",
          "start": 43.294,
          "end": 43.454,
          "score": 0.78,
          "speaker": "SPEAKER_00"
        },
        {
          "word": "her",
          "start": 43.474,
          "end": 43.574,
          "score": 0.788,
          "speaker": "SPEAKER_00"
        },
        {
          "word": "to",
          "start": 43.614,
          "end": 43.674,
          "score": 0.798,
          "speaker": "SPEAKER_00"
        },
        {
          "word": "sit",
          "start": 43.714,
          "end": 43.854,
          "score": 0.783,
          "speaker": "SPEAKER_00"
        },
        {
          "word": "on",
          "start": 43.914,
          "end": 43.994,
          "score": 0.834,
          "speaker": "SPEAKER_00"
        },
        {
          "word": "his",
          "start": 44.034,
          "end": 44.154,
          "score": 0.827,
          "speaker": "SPEAKER_00"
        },
        {
          "word": "lap",
          "start": 44.234,
          "end": 44.514,
          "score": 0.988,
          "speaker": "SPEAKER_00"
        },
        {
          "word": "and",
          "start": 44.594,
          "end": 44.674,
          "score": 0.87,
          "speaker": "SPEAKER_00"
        },
        {
          "word": "made",
          "start": 44.714,
          "end": 44.875,
          "score": 0.858,
          "speaker": "SPEAKER_00"
        },
        {
          "word": "masturbatory",
          "start": 44.955,
          "end": 45.635,
          "score": 0.669,
          "speaker": "SPEAKER_00"
        },
        {
          "word": "gestures.",
          "start": 45.695,
          "end": 46.135,
          "score": 0.957,
          "speaker": "SPEAKER_00"
        }
      ],
      "speaker": "SPEAKER_00"
    },
    {
      "start": 46.815,
      "end": 53.158,
      "text": " Dennard, who once worked for George W. Bush's White House, had been working for ASU's McCain Institute for International Leadership.",
      "words": [
        {
          "word": "Dennard,",
          "start": 46.815,
          "end": 47.135,
          "score": 0.721,
          "speaker": "SPEAKER_00"
        },
        {
          "word": "who",
          "start": 47.175,
          "end": 47.295,
          "score": 0.898,
          "speaker": "SPEAKER_00"
        },
        {
          "word": "once",
          "start": 47.375,
          "end": 47.515,
          "score": 0.871,
          "speaker": "SPEAKER_00"
        },
        {
          "word": "worked",
          "start": 47.555,
          "end": 47.756,
          "score": 0.95,
          "speaker": "SPEAKER_00"
        },
        {
          "word": "for",
          "start": 47.796,
          "end": 47.916,
          "score": 0.313,
          "speaker": "SPEAKER_00"
        },
        {
          "word": "George",
          "start": 47.936,
          "end": 48.216,
          "score": 0.941,
          "speaker": "SPEAKER_00"
        },
        {
          "word": "W.",
          "start": 48.456,
          "end": 48.516,
          "score": 0.642,
          "speaker": "SPEAKER_00"
        },
        {
          "word": "Bush's",
          "start": 48.556,
          "end": 48.896,
          "score": 0.794,
          "speaker": "SPEAKER_00"
        },
        {
          "word": "White",
          "start": 48.976,
          "end": 49.196,
          "score": 0.982,
          "speaker": "SPEAKER_00"
        },
        {
          "word": "House,",
          "start": 49.236,
          "end": 49.476,
          "score": 0.938,
          "speaker": "SPEAKER_00"
        },
        {
          "word": "had",
          "start": 49.556,
          "end": 49.796,
          "score": 0.86,
          "speaker": "SPEAKER_00"
        },
        {
          "word": "been",
          "start": 49.837,
          "end": 49.997,
          "score": 0.796,
          "speaker": "SPEAKER_00"
        },
        {
          "word": "working",
          "start": 50.037,
          "end": 50.337,
          "score": 0.939,
          "speaker": "SPEAKER_00"
        },
        {
          "word": "for",
          "start": 50.377,
          "end": 50.457,
          "score": 0.5,
          "speaker": "SPEAKER_00"
        },
        {
          "word": "ASU's",
          "start": 50.517,
          "end": 50.957,
          "score": 0.528,
          "speaker": "SPEAKER_00"
        },
        {
          "word": "McCain",
          "start": 50.977,
          "end": 51.357,
          "score": 0.72,
          "speaker": "SPEAKER_00"
        },
        {
          "word": "Institute",
          "start": 51.417,
          "end": 51.858,
          "score": 0.883,
          "speaker": "SPEAKER_00"
        },
        {
          "word": "for",
          "start": 51.898,
          "end": 51.998,
          "score": 0.802,
          "speaker": "SPEAKER_00"
        },
        {
          "word": "International",
          "start": 52.058,
          "end": 52.598,
          "score": 0.863,
          "speaker": "SPEAKER_00"
        },
        {
          "word": "Leadership.",
          "start": 52.638,
          "end": 53.158,
          "score": 0.825,
          "speaker": "SPEAKER_00"
        }
      ],
      "speaker": "SPEAKER_00"
    },
    {
      "start": 53.578,
      "end": 63.363,
      "text": "Known as being a champion for President Donald Trump on CNN's Airways, Dennard was praised by Trump on Monday night for his combativeness with presidential critic Philip Mudd during a segment late last week.",
      "words": [
        {
          "word": "Known",
          "start": 53.578,
          "end": 53.758,
          "score": 0.778,
          "speaker": "SPEAKER_00"
        },
        {
          "word": "as",
          "start": 53.798,
          "end": 53.878,
          "score": 0.687,
          "speaker": "SPEAKER_00"
        },
        {
          "word": "being",
          "start": 53.898,
          "end": 54.079,
          "score": 0.702,
          "speaker": "SPEAKER_00"
        },
        {
          "word": "a",
          "start": 54.119,
          "end": 54.159,
          "score": 0.503,
          "speaker": "SPEAKER_00"
        },
        {
          "word": "champion",
          "start": 54.219,
          "end": 54.639,
          "score": 0.815,
          "speaker": "SPEAKER_00"
        },
        {
          "word": "for",
          "start": 54.679,
          "end": 54.779,
          "score": 0.819,
          "speaker": "SPEAKER_00"
        },
        {
          "word": "President",
          "start": 54.799,
          "end": 55.099,
          "score": 0.891,
          "speaker": "SPEAKER_00"
        },
        {
          "word": "Donald",
          "start": 55.139,
          "end": 55.379,
          "score": 0.834,
          "speaker": "SPEAKER_00"
        },
        {
          "word": "Trump",
          "start": 55.419,
          "end": 55.659,
          "score": 0.983,
          "speaker": "SPEAKER_00"
        },
        {
          "word": "on",
          "start": 55.719,
          "end": 55.799,
          "score": 0.992,
          "speaker": "SPEAKER_00"
        },
        {
          "word": "CNN's",
          "start": 55.839,
          "end": 56.24,
          "score": 0.708,
          "speaker": "SPEAKER_00"
        },
        {
          "word": "Airways,",
          "start": 56.36,
          "end": 56.82,
          "score": 0.847,
          "speaker": "SPEAKER_00"
        },
        {
          "word": "Dennard",
          "start": 56.86,
          "end": 57.12,
          "score": 0.648,
          "speaker": "SPEAKER_00"
        },
        {
          "word": "was",
          "start": 57.16,
          "end": 57.26,
          "score": 0.894,
          "speaker": "SPEAKER_00"
        },
        {
          "word": "praised",
          "start": 57.36,
          "end": 57.7,
          "score": 0.851,
          "speaker": "SPEAKER_00"
        },
        {
          "word": "by",
          "start": 57.74,
          "end": 57.84,
          "score": 0.816,
          "speaker": "SPEAKER_00"
        },
        {
          "word": "Trump",
          "start": 57.9,
          "end": 58.121,
          "score": 0.928,
          "speaker": "SPEAKER_00"
        },
        {
          "word": "on",
          "start": 58.181,
          "end": 58.281,
          "score": 0.66,
          "speaker": "SPEAKER_00"
        },
        {
          "word": "Monday",
          "start": 58.341,
          "end": 58.661,
          "score": 0.895,
          "speaker": "SPEAKER_00"
        },
        {
          "word": "night",
          "start": 58.721,
          "end": 58.941,
          "score": 0.771,
          "speaker": "SPEAKER_00"
        },
        {
          "word": "for",
          "start": 58.961,
          "end": 59.061,
          "score": 0.92,
          "speaker": "SPEAKER_00"
        },
        {
          "word": "his",
          "start": 59.101,
          "end": 59.221,
          "score": 0.777,
          "speaker": "SPEAKER_00"
        },
        {
          "word": "combativeness",
          "start": 59.281,
          "end": 60.001,
          "score": 0.73,
          "speaker": "SPEAKER_00"
        },
        {
          "word": "with",
          "start": 60.021,
          "end": 60.142,
          "score": 0.967,
          "speaker": "SPEAKER_00"
        },
        {
          "word": "presidential",
          "start": 60.202,
          "end": 60.722,
          "score": 0.893,
          "speaker": "SPEAKER_00"
        },
        {
          "word": "critic",
          "start": 60.782,
          "end": 61.042,
          "score": 0.942,
          "speaker": "SPEAKER_00"
        },
        {
          "word": "Philip",
          "start": 61.062,
          "end": 61.362,
          "score": 0.928,
          "speaker": "SPEAKER_00"
        },
        {
          "word": "Mudd",
          "start": 61.402,
          "end": 61.662,
          "score": 0.705,
          "speaker": "SPEAKER_00"
        },
        {
          "word": "during",
          "start": 61.942,
          "end": 62.183,
          "score": 0.814,
          "speaker": "SPEAKER_00"
        },
        {
          "word": "a",
          "start": 62.223,
          "end": 62.243,
          "score": 0.98,
          "speaker": "SPEAKER_00"
        },
        {
          "word": "segment",
          "start": 62.303,
          "end": 62.643,
          "score": 0.933,
          "speaker": "SPEAKER_00"
        },
        {
          "word": "late",
          "start": 62.663,
          "end": 62.823,
          "score": 0.985,
          "speaker": "SPEAKER_00"
        },
        {
          "word": "last",
          "start": 62.863,
          "end": 63.063,
          "score": 0.816,
          "speaker": "SPEAKER_00"
        },
        {
          "word": "week.",
          "start": 63.123,
          "end": 63.363,
          "score": 0.902,
          "speaker": "SPEAKER_00"
        }
      ],
      "speaker": "SPEAKER_00"
    },
    {
      "start": 63.743,
      "end": 68.886,
      "text": "There's been something of a revolving door of pro-Trump conservative contributors over at CNN the last year or so.",
      "words": [
        {
          "word": "There's",
          "start": 63.743,
          "end": 63.903,
          "score": 0.903,
          "speaker": "SPEAKER_00"
        },
        {
          "word": "been",
          "start": 63.923,
          "end": 64.063,
          "score": 0.751,
          "speaker": "SPEAKER_00"
        },
        {
          "word": "something",
          "start": 64.103,
          "end": 64.404,
          "score": 0.858,
          "speaker": "SPEAKER_00"
        },
        {
          "word": "of",
          "start": 64.464,
          "end": 64.544,
          "score": 0.767,
          "speaker": "SPEAKER_00"
        },
        {
          "word": "a",
          "start": 64.584,
          "end": 64.624,
          "score": 0.495,
          "speaker": "SPEAKER_00"
        },
        {
          "word": "revolving",
          "start": 64.684,
          "end": 65.084,
          "score": 0.877,
          "speaker": "SPEAKER_00"
        },
        {
          "word": "door",
          "start": 65.124,
          "end": 65.404,
          "score": 0.832,
          "speaker": "SPEAKER_00"
        },
        {
          "word": "of",
          "start": 65.424,
          "end": 65.484,
          "score": 0.693,
          "speaker": "SPEAKER_00"
        },
        {
          "word": "pro-Trump",
          "start": 65.564,
          "end": 66.084,
          "score": 0.928,
          "speaker": "SPEAKER_00"
        },
        {
          "word": "conservative",
          "start": 66.104,
          "end": 66.665,
          "score": 0.905,
          "speaker": "SPEAKER_00"
        },
        {
          "word": "contributors",
          "start": 66.685,
          "end": 67.265,
          "score": 0.784,
          "speaker": "SPEAKER_00"
        },
        {
          "word": "over",
          "start": 67.345,
          "end": 67.525,
          "score": 0.855,
          "speaker": "SPEAKER_00"
        },
        {
          "word": "at",
          "start": 67.565,
          "end": 67.625,
          "score": 0.984,
          "speaker": "SPEAKER_00"
        },
        {
          "word": "CNN",
          "start": 67.665,
          "end": 68.085,
          "score": 0.626,
          "speaker": "SPEAKER_00"
        },
        {
          "word": "the",
          "start": 68.105,
          "end": 68.165,
          "score": 0.998,
          "speaker": "SPEAKER_00"
        },
        {
          "word": "last",
          "start": 68.205,
          "end": 68.426,
          "score": 0.711,
          "speaker": "SPEAKER_00"
        },
        {
          "word": "year",
          "start": 68.446,
          "end": 68.626,
          "score": 0.723,
          "speaker": "SPEAKER_00"
        },
        {
          "word": "or",
          "start": 68.666,
          "end": 68.706,
          "score": 0.328,
          "speaker": "SPEAKER_00"
        },
        {
          "word": "so.",
          "start": 68.746,
          "end": 68.886,
          "score": 0.984,
          "speaker": "SPEAKER_00"
        }
      ],
      "speaker": "SPEAKER_00"
    },
    {
      "start": 69.406,
      "end": 79.97,
      "text": " Last August, the network fired Jeffrey Lord for using a Nazi salute on Twitter and in January, Ed Martin was ousted for unstated reasons after making negative remarks about his colleagues on his radio show.",
      "words": [
        {
          "word": "Last",
          "start": 69.406,
          "end": 69.626,
          "score": 0.796,
          "speaker": "SPEAKER_00"
        },
        {
          "word": "August,",
          "start": 69.686,
          "end": 70.006,
          "score": 0.739,
          "speaker": "SPEAKER_00"
        },
        {
          "word": "the",
          "start": 70.026,
          "end": 70.086,
          "score": 0.0,
          "speaker": "SPEAKER_00"
        },
        {
          "word": "network",
          "start": 70.106,
          "end": 70.386,
          "score": 0.692,
          "speaker": "SPEAKER_00"
        },
        {
          "word": "fired",
          "start": 70.466,
          "end": 70.726,
          "score": 0.851,
          "speaker": "SPEAKER_00"
        },
        {
          "word": "Jeffrey",
          "start": 70.787,
          "end": 71.087,
          "score": 0.688,
          "speaker": "SPEAKER_00"
        },
        {
          "word": "Lord",
          "start": 71.127,
          "end": 71.387,
          "score": 0.925,
          "speaker": "SPEAKER_00"
        },
        {
          "word": "for",
          "start": 71.407,
          "end": 71.527,
          "score": 0.749,
          "speaker": "SPEAKER_00"
        },
        {
          "word": "using",
          "start": 71.607,
          "end": 71.807,
          "score": 0.848,
          "speaker": "SPEAKER_00"
        },
        {
          "word": "a",
          "start": 71.847,
          "end": 71.867,
          "score": 0.986,
          "speaker": "SPEAKER_00"
        },
        {
          "word": "Nazi",
          "start": 71.947,
          "end": 72.267,
          "score": 0.742,
          "speaker": "SPEAKER_00"
        },
        {
          "word": "salute",
          "start": 72.287,
          "end": 72.547,
          "score": 0.837,
          "speaker": "SPEAKER_00"
        },
        {
          "word": "on",
          "start": 72.567,
          "end": 72.667,
          "score": 0.822,
          "speaker": "SPEAKER_00"
        },
        {
          "word": "Twitter",
          "start": 72.727,
          "end": 73.067,
          "score": 0.725,
          "speaker": "SPEAKER_00"
        },
        {
          "word": "and",
          "start": 73.527,
          "end": 73.648,
          "score": 0.826,
          "speaker": "SPEAKER_00"
        },
        {
          "word": "in",
          "start": 73.728,
          "end": 73.788,
          "score": 0.86,
          "speaker": "SPEAKER_00"
        },
        {
          "word": "January,",
          "start": 73.828,
          "end": 74.408,
          "score": 0.829,
          "speaker": "SPEAKER_00"
        },
        {
          "word": "Ed",
          "start": 74.428,
          "end": 74.468,
          "score": 0.0,
          "speaker": "SPEAKER_00"
        },
        {
          "word": "Martin",
          "start": 74.688,
          "end": 74.908,
          "score": 0.26,
          "speaker": "SPEAKER_00"
        },
        {
          "word": "was",
          "start": 74.948,
          "end": 75.048,
          "score": 0.902,
          "speaker": "SPEAKER_00"
        },
        {
          "word": "ousted",
          "start": 75.208,
          "end": 75.508,
          "score": 0.741,
          "speaker": "SPEAKER_00"
        },
        {
          "word": "for",
          "start": 75.528,
          "end": 75.628,
          "score": 0.968,
          "speaker": "SPEAKER_00"
        },
        {
          "word": "unstated",
          "start": 75.688,
          "end": 76.108,
          "score": 0.82,
          "speaker": "SPEAKER_00"
        },
        {
          "word": "reasons",
          "start": 76.168,
          "end": 76.569,
          "score": 0.792,
          "speaker": "SPEAKER_00"
        },
        {
          "word": "after",
          "start": 76.709,
          "end": 76.909,
          "score": 0.9,
          "speaker": "SPEAKER_00"
        },
        {
          "word": "making",
          "start": 76.949,
          "end": 77.189,
          "score": 0.877,
          "speaker": "SPEAKER_00"
        },
        {
          "word": "negative",
          "start": 77.309,
          "end": 77.629,
          "score": 0.891,
          "speaker": "SPEAKER_00"
        },
        {
          "word": "remarks",
          "start": 77.669,
          "end": 78.029,
          "score": 0.83,
          "speaker": "SPEAKER_00"
        },
        {
          "word": "about",
          "start": 78.089,
          "end": 78.269,
          "score": 0.908,
          "speaker": "SPEAKER_00"
        },
        {
          "word": "his",
          "start": 78.309,
          "end": 78.409,
          "score": 0.755,
          "speaker": "SPEAKER_00"
        },
        {
          "word": "colleagues",
          "start": 78.489,
          "end": 78.909,
          "score": 0.78,
          "speaker": "SPEAKER_00"
        },
        {
          "word": "on",
          "start": 79.009,
          "end": 79.089,
          "score": 0.898,
          "speaker": "SPEAKER_00"
        },
        {
          "word": "his",
          "start": 79.129,
          "end": 79.25,
          "score": 0.745,
          "speaker": "SPEAKER_00"
        },
        {
          "word": "radio",
          "start": 79.31,
          "end": 79.63,
          "score": 0.927,
          "speaker": "SPEAKER_00"
        },
        {
          "word": "show.",
          "start": 79.69,
          "end": 79.97,
          "score": 0.833,
          "speaker": "SPEAKER_00"
        }
      ],
      "speaker": "SPEAKER_00"
    },
    {
      "start": 80.31,
      "end": 82.291,
      "text": "To read more on this story, head to THR.com.",
      "words": [
        {
          "word": "To",
          "start": 80.31,
          "end": 80.35,
          "score": 0.48,
          "speaker": "SPEAKER_00"
        },
        {
          "word": "read",
          "start": 80.37,
          "end": 80.49,
          "score": 0.498,
          "speaker": "SPEAKER_00"
        },
        {
          "word": "more",
          "start": 80.51,
          "end": 80.63,
          "score": 0.901,
          "speaker": "SPEAKER_00"
        },
        {
          "word": "on",
          "start": 80.67,
          "end": 80.73,
          "score": 0.285,
          "speaker": "SPEAKER_00"
        },
        {
          "word": "this",
          "start": 80.75,
          "end": 80.83,
          "score": 0.494,
          "speaker": "SPEAKER_00"
        },
        {
          "word": "story,",
          "start": 80.85,
          "end": 81.13,
          "score": 0.806,
          "speaker": "SPEAKER_00"
        },
        {
          "word": "head",
          "start": 81.15,
          "end": 81.27,
          "score": 0.529,
          "speaker": "SPEAKER_00"
        },
        {
          "word": "to",
          "start": 81.31,
          "end": 81.37,
          "score": 0.842,
          "speaker": "SPEAKER_00"
        },
        {
          "word": "THR.com.",
          "start": 81.41,
          "end": 82.291,
          "score": 0.594,
          "speaker": "SPEAKER_00"
        }
      ],
      "speaker": "SPEAKER_00"
    },
    {
      "start": 82.331,
      "end": 84.391,
      "text": "For The Hollywood Reporter News, I'm Lyndsey Rodrigues.",
      "words": [
        {
          "word": "For",
          "start": 82.331,
          "end": 82.431,
          "score": 0.564,
          "speaker": "SPEAKER_00"
        },
        {
          "word": "The",
          "start": 82.451,
          "end": 82.511,
          "score": 0.996,
          "speaker": "SPEAKER_00"
        },
        {
          "word": "Hollywood",
          "start": 82.531,
          "end": 82.811,
          "score": 0.713,
          "speaker": "SPEAKER_00"
        },
        {
          "word": "Reporter",
          "start": 82.831,
          "end": 83.171,
          "score": 0.875,
          "speaker": "SPEAKER_00"
        },
        {
          "word": "News,",
          "start": 83.191,
          "end": 83.471,
          "score": 0.548,
          "speaker": "SPEAKER_00"
        },
        {
          "word": "I'm",
          "start": 83.651,
          "end": 83.731,
          "score": 0.481,
          "speaker": "SPEAKER_00"
        },
        {
          "word": "Lyndsey",
          "start": 83.751,
          "end": 83.991,
          "score": 0.488,
          "speaker": "SPEAKER_00"
        },
        {
          "word": "Rodrigues.",
          "start": 84.011,
          "end": 84.391,
          "score": 0.475,
          "speaker": "SPEAKER_00"
        }
      ],
      "speaker": "SPEAKER_00"
    }
  ],
  "word_segments": [
    {
      "word": "CNN",
      "start": 0.229,
      "end": 0.65,
      "score": 0.585,
      "speaker": "SPEAKER_00"
    },
    {
      "word": "is",
      "start": 0.69,
      "end": 0.75,
      "score": 0.548,
      "speaker": "SPEAKER_00"
    },
    {
      "word": "suspending",
      "start": 0.77,
      "end": 1.23,
      "score": 0.842,
      "speaker": "SPEAKER_00"
    },
    {
      "word": "pro-Trump",
      "start": 1.33,
      "end": 1.851,
      "score": 0.703,
      "speaker": "SPEAKER_00"
    },
    {
      "word": "contributor",
      "start": 1.891,
      "end": 2.391,
      "score": 0.707,
      "speaker": "SPEAKER_00"
    },
    {
      "word": "Paris",
      "start": 2.411,
      "end": 2.712,
      "score": 0.848,
      "speaker": "SPEAKER_00"
    },
    {
      "word": "Dennett",
      "start": 2.752,
      "end": 3.112,
      "score": 0.694,
      "speaker": "SPEAKER_00"
    },
    {
      "word": "as",
      "start": 3.192,
      "end": 3.292,
      "score": 0.804,
      "speaker": "SPEAKER_00"
    },
    {
      "word": "it",
      "start": 3.312,
      "end": 3.372,
      "score": 0.732,
      "speaker": "SPEAKER_00"
    },
    {
      "word": "investigates",
      "start": 3.392,
      "end": 3.993,
      "score": 0.809,
      "speaker": "SPEAKER_00"
    },
    {
      "word": "allegations",
      "start": 4.093,
      "end": 4.654,
      "score": 0.836,
      "speaker": "SPEAKER_00"
    },
    {
      "word": "of",
      "start": 4.714,
      "end": 4.774,
      "score": 0.744,
      "speaker": "SPEAKER_00"
    },
    {
      "word": "misconduct",
      "start": 4.814,
      "end": 5.394,
      "score": 0.888,
      "speaker": "SPEAKER_00"
    },
    {
      "word": "brought",
      "start": 5.454,
      "end": 5.675,
      "score": 0.892,
      "speaker": "SPEAKER_00"
    },
    {
      "word": "to",
      "start": 5.715,
      "end": 5.795,
      "score": 0.972,
      "speaker": "SPEAKER_00"
    },
    {
      "word": "light",
      "start": 5.835,
      "end": 6.055,
      "score": 0.902,
      "speaker": "SPEAKER_00"
    },
    {
      "word": "in",
      "start": 6.095,
      "end": 6.175,
      "score": 0.824,
      "speaker": "SPEAKER_00"
    },
    {
      "word": "a",
      "start": 6.195,
      "end": 6.215,
      "score": 0.038,
      "speaker": "SPEAKER_00"
    },
    {
      "word": "Washington",
      "start": 6.275,
      "end": 6.676,
      "score": 0.85,
      "speaker": "SPEAKER_00"
    },
    {
      "word": "Post",
      "start": 6.696,
      "end": 6.916,
      "score": 0.851,
      "speaker": "SPEAKER_00"
    },
    {
      "word": "story.",
      "start": 6.936,
      "end": 7.336,
      "score": 0.73,
      "speaker": "SPEAKER_00"
    },
    {
      "word": "On",
      "start": 7.717,
      "end": 7.797,
      "score": 0.942,
      "speaker": "SPEAKER_00"
    },
    {
      "word": "Wednesday",
      "start": 7.837,
      "end": 8.157,
      "score": 0.808,
      "speaker": "SPEAKER_00"
    },
    {
      "word": "night,",
      "start": 8.197,
      "end": 8.377,
      "score": 0.793,
      "speaker": "SPEAKER_00"
    },
    {
      "word": "the",
      "start": 8.417,
      "end": 8.498,
      "score": 0.836,
      "speaker": "SPEAKER_00"
    },
    {
      "word": "Post",
      "start": 8.538,
      "end": 8.738,
      "score": 0.803,
      "speaker": "SPEAKER_00"
    },
    {
      "word": "reported",
      "start": 8.778,
      "end": 9.158,
      "score": 0.881,
      "speaker": "SPEAKER_00"
    },
    {
      "word": "that",
      "start": 9.178,
      "end": 9.278,
      "score": 0.999,
      "speaker": "SPEAKER_00"
    },
    {
      "word": "Dennett",
      "start": 9.318,
      "end": 9.579,
      "score": 0.665,
      "speaker": "SPEAKER_00"
    },
    {
      "word": "was",
      "start": 9.599,
      "end": 9.739,
      "score": 0.704,
      "speaker": "SPEAKER_00"
    },
    {
      "word": "fired",
      "start": 9.779,
      "end": 10.079,
      "score": 0.835,
      "speaker": "SPEAKER_00"
    },
    {
      "word": "from",
      "start": 10.099,
      "end": 10.239,
      "score": 0.751,
      "speaker": "SPEAKER_00"
    },
    {
      "word": "a",
      "start": 10.299,
      "end": 10.339,
      "score": 0.501,
      "speaker": "SPEAKER_00"
    },
    {
      "word": "previous",
      "start": 10.419,
      "end": 10.8,
      "score": 0.845,
      "speaker": "SPEAKER_00"
    },
    {
      "word": "job",
      "start": 10.84,
      "end": 11.06,
      "score": 0.982,
      "speaker": "SPEAKER_00"
    },
    {
      "word": "at",
      "start": 11.1,
      "end": 11.16,
      "score": 0.749,
      "speaker": "SPEAKER_00"
    },
    {
      "word": "Arizona",
      "start": 11.24,
      "end": 11.641,
      "score": 0.885,
      "speaker": "SPEAKER_00"
    },
    {
      "word": "State",
      "start": 11.681,
      "end": 11.901,
      "score": 0.916,
      "speaker": "SPEAKER_00"
    },
    {
      "word": "University",
      "start": 11.961,
      "end": 12.582,
      "score": 0.8,
      "speaker": "SPEAKER_00"
    },
    {
      "word": "for",
      "start": 12.882,
      "end": 12.982,
      "score": 0.969,
      "speaker": "SPEAKER_00"
    },
    {
      "word": "making",
      "start": 13.022,
      "end": 13.282,
      "score": 0.834,
      "speaker": "SPEAKER_00"
    },
    {
      "word": "sexually",
      "start": 13.402,
      "end": 13.843,
      "score": 0.981,
      "speaker": "SPEAKER_00"
    },
    {
      "word": "explicit",
      "start": 13.923,
      "end": 14.363,
      "score": 0.879,
      "speaker": "SPEAKER_00"
    },
    {
      "word": "comments",
      "start": 14.403,
      "end": 14.764,
      "score": 0.925,
      "speaker": "SPEAKER_00"
    },
    {
      "word": "and",
      "start": 14.864,
      "end": 14.964,
      "score": 0.951,
      "speaker": "SPEAKER_00"
    },
    {
      "word": "gestures",
      "start": 15.044,
      "end": 15.444,
      "score": 0.837,
      "speaker": "SPEAKER_00"
    },
    {
      "word": "toward",
      "start": 15.485,
      "end": 15.765,
      "score": 0.884,
      "speaker": "SPEAKER_00"
    },
    {
      "word": "women,",
      "start": 15.805,
      "end": 16.105,
      "score": 0.774,
      "speaker": "SPEAKER_00"
    },
    {
      "word": "according",
      "start": 16.205,
      "end": 16.586,
      "score": 0.872,
      "speaker": "SPEAKER_00"
    },
    {
      "word": "to",
      "start": 16.606,
      "end": 16.686,
      "score": 0.75,
      "speaker": "SPEAKER_00"
    },
    {
      "word": "documents",
      "start": 16.726,
      "end": 17.166,
      "score": 0.849,
      "speaker": "SPEAKER_00"
    },
    {
      "word": "and",
      "start": 17.386,
      "end": 17.547,
      "score": 0.763,
      "speaker": "SPEAKER_00"
    },
    {
      "word": "a",
      "start": 17.567,
      "end": 17.587,
      "score": 0.0,
      "speaker": "SPEAKER_00"
    },
    {
      "word": "university",
      "start": 17.767,
      "end": 18.287,
      "score": 0.877,
      "speaker": "SPEAKER_00"
    },
    {
      "word": "official.",
      "start": 18.307,
      "end": 18.648,
      "score": 0.861,
      "speaker": "SPEAKER_00"
    },
    {
      "word": "The",
      "start": 19.028,
      "end": 19.108,
      "score": 0.836,
      "speaker": "SPEAKER_00"
    },
    {
      "word": "Hollywood",
      "start": 19.128,
      "end": 19.428,
      "score": 0.628,
      "speaker": "SPEAKER_00"
    },
    {
      "word": "Reporter",
      "start": 19.448,
      "end": 19.788,
      "score": 0.983,
      "speaker": "SPEAKER_00"
    },
    {
      "word": "reached",
      "start": 19.828,
      "end": 20.048,
      "score": 0.796,
      "speaker": "SPEAKER_00"
    },
    {
      "word": "out",
      "start": 20.108,
      "end": 20.208,
      "score": 0.968,
      "speaker": "SPEAKER_00"
    },
    {
      "word": "to",
      "start": 20.248,
      "end": 20.328,
      "score": 0.95,
      "speaker": "SPEAKER_00"
    },
    {
      "word": "CNN",
      "start": 20.368,
      "end": 20.748,
      "score": 0.524,
      "speaker": "SPEAKER_00"
    },
    {
      "word": "following",
      "start": 20.808,
      "end": 21.169,
      "score": 0.915,
      "speaker": "SPEAKER_00"
    },
    {
      "word": "publication",
      "start": 21.209,
      "end": 21.769,
      "score": 0.848,
      "speaker": "SPEAKER_00"
    },
    {
      "word": "of",
      "start": 21.829,
      "end": 21.909,
      "score": 0.838,
      "speaker": "SPEAKER_00"
    },
    {
      "word": "the",
      "start": 21.949,
      "end": 22.029,
      "score": 0.834,
      "speaker": "SPEAKER_00"
    },
    {
      "word": "report",
      "start": 22.069,
      "end": 22.409,
      "score": 0.919,
      "speaker": "SPEAKER_00"
    },
    {
      "word": "to",
      "start": 22.449,
      "end": 22.529,
      "score": 0.928,
      "speaker": "SPEAKER_00"
    },
    {
      "word": "determine",
      "start": 22.569,
      "end": 23.829,
      "score": 0.809,
      "speaker": "SPEAKER_00"
    },
    {
      "word": "Dennett's",
      "start": 24.509,
      "end": 27.17,
      "score": 0.39,
      "speaker": "SPEAKER_00"
    },
    {
      "word": "status.",
      "start": 27.41,
      "end": 29.811,
      "score": 0.535,
      "speaker": "SPEAKER_00"
    },
    {
      "word": "Said",
      "start": 30.131,
      "end": 30.631,
      "score": 0.431,
      "speaker": "SPEAKER_00"
    },
    {
      "word": "a",
      "start": 30.651,
      "end": 30.671,
      "score": 0.0,
      "speaker": "SPEAKER_00"
    },
    {
      "word": "network",
      "start": 30.851,
      "end": 31.751,
      "score": 0.31,
      "speaker": "SPEAKER_00"
    },
    {
      "word": "spokesperson,",
      "start": 31.771,
      "end": 33.252,
      "score": 0.629,
      "speaker": "SPEAKER_00"
    },
    {
      "word": "A",
      "start": 33.752,
      "end": 33.792,
      "score": 0.826,
      "speaker": "SPEAKER_00"
    },
    {
      "word": "report",
      "start": 33.832,
      "end": 34.072,
      "score": 0.937,
      "speaker": "SPEAKER_00"
    },
    {
      "word": "conducted",
      "start": 34.112,
      "end": 34.492,
      "score": 0.881,
      "speaker": "SPEAKER_00"
    },
    {
      "word": "by",
      "start": 34.532,
      "end": 34.672,
      "score": 0.754,
      "speaker": "SPEAKER_00"
    },
    {
      "word": "the",
      "start": 34.712,
      "end": 34.792,
      "score": 0.842,
      "speaker": "SPEAKER_00"
    },
    {
      "word": "university",
      "start": 34.852,
      "end": 35.352,
      "score": 0.893,
      "speaker": "SPEAKER_00"
    },
    {
      "word": "alleges",
      "start": 35.392,
      "end": 35.732,
      "score": 0.885,
      "speaker": "SPEAKER_00"
    },
    {
      "word": "that",
      "start": 35.772,
      "end": 35.872,
      "score": 0.873,
      "speaker": "SPEAKER_00"
    },
    {
      "word": "Dennett",
      "start": 35.892,
      "end": 36.152,
      "score": 0.642,
      "speaker": "SPEAKER_00"
    },
    {
      "word": "acted",
      "start": 36.232,
      "end": 36.432,
      "score": 0.843,
      "speaker": "SPEAKER_00"
    },
    {
      "word": "inappropriately",
      "start": 36.472,
      "end": 37.253,
      "score": 0.837,
      "speaker": "SPEAKER_00"
    },
    {
      "word": "with",
      "start": 37.293,
      "end": 37.433,
      "score": 0.826,
      "speaker": "SPEAKER_00"
    },
    {
      "word": "a",
      "start": 37.473,
      "end": 37.513,
      "score": 0.455,
      "speaker": "SPEAKER_00"
    },
    {
      "word": "recent",
      "start": 37.573,
      "end": 37.853,
      "score": 0.944,
      "speaker": "SPEAKER_00"
    },
    {
      "word": "college",
      "start": 37.913,
      "end": 38.213,
      "score": 0.852,
      "speaker": "SPEAKER_00"
    },
    {
      "word": "graduate",
      "start": 38.253,
      "end": 38.673,
      "score": 0.862,
      "speaker": "SPEAKER_00"
    },
    {
      "word": "under",
      "start": 38.733,
      "end": 38.893,
      "score": 0.944,
      "speaker": "SPEAKER_00"
    },
    {
      "word": "his",
      "start": 38.953,
      "end": 39.053,
      "score": 0.78,
      "speaker": "SPEAKER_00"
    },
    {
      "word": "employ.",
      "start": 39.113,
      "end": 39.533,
      "score": 0.854,
      "speaker": "SPEAKER_00"
    },
    {
      "word": "According",
      "start": 39.873,
      "end": 40.153,
      "score": 0.944,
      "speaker": "SPEAKER_00"
    },
    {
      "word": "to",
      "start": 40.173,
      "end": 40.233,
      "score": 0.756,
      "speaker": "SPEAKER_00"
    },
    {
      "word": "the",
      "start": 40.253,
      "end": 40.333,
      "score": 0.832,
      "speaker": "SPEAKER_00"
    },
    {
      "word": "report,",
      "start": 40.373,
      "end": 40.733,
      "score": 0.944,
      "speaker": "SPEAKER_00"
    },
    {
      "word": "he",
      "start": 40.794,
      "end": 40.874,
      "score": 0.724,
      "speaker": "SPEAKER_00"
    },
    {
      "word": "pretended",
      "start": 40.914,
      "end": 41.254,
      "score": 0.9,
      "speaker": "SPEAKER_00"
    },
    {
      "word": "to",
      "start": 41.274,
      "end": 41.334,
      "score": 0.758,
      "speaker": "SPEAKER_00"
    },
    {
      "word": "unzip",
      "start": 41.414,
      "end": 41.694,
      "score": 0.896,
      "speaker": "SPEAKER_00"
    },
    {
      "word": "his",
      "start": 41.734,
      "end": 41.834,
      "score": 0.965,
      "speaker": "SPEAKER_00"
    },
    {
      "word": "pants",
      "start": 41.894,
      "end": 42.134,
      "score": 0.715,
      "speaker": "SPEAKER_00"
    },
    {
      "word": "in",
      "start": 42.174,
      "end": 42.234,
      "score": 0.996,
      "speaker": "SPEAKER_00"
    },
    {
      "word": "her",
      "start": 42.274,
      "end": 42.374,
      "score": 0.845,
      "speaker": "SPEAKER_00"
    },
    {
      "word": "presence,",
      "start": 42.414,
      "end": 42.814,
      "score": 0.847,
      "speaker": "SPEAKER_00"
    },
    {
      "word": "tried",
      "start": 42.934,
      "end": 43.134,
      "score": 0.884,
      "speaker": "SPEAKER_00"
    },
    {
      "word": "to",
      "start": 43.174,
      "end": 43.254,
      "score": 0.751,
      "speaker": "SPEAKER_00"
    },
    {
      "word": "get",
      "start": 43.294,
      "end": 43.454,
      "score": 0.78,
      "speaker": "SPEAKER_00"
    },
    {
      "word": "her",
      "start": 43.474,
      "end": 43.574,
      "score": 0.788,
      "speaker": "SPEAKER_00"
    },
    {
      "word": "to",
      "start": 43.614,
      "end": 43.674,
      "score": 0.798,
      "speaker": "SPEAKER_00"
    },
    {
      "word": "sit",
      "start": 43.714,
      "end": 43.854,
      "score": 0.783,
      "speaker": "SPEAKER_00"
    },
    {
      "word": "on",
      "start": 43.914,
      "end": 43.994,
      "score": 0.834,
      "speaker": "SPEAKER_00"
    },
    {
      "word": "his",
      "start": 44.034,
      "end": 44.154,
      "score": 0.827,
      "speaker": "SPEAKER_00"
    },
    {
      "word": "lap",
      "start": 44.234,
      "end": 44.514,
      "score": 0.988,
      "speaker": "SPEAKER_00"
    },
    {
      "word": "and",
      "start": 44.594,
      "end": 44.674,
      "score": 0.87,
      "speaker": "SPEAKER_00"
    },
    {
      "word": "made",
      "start": 44.714,
      "end": 44.875,
      "score": 0.858,
      "speaker": "SPEAKER_00"
    },
    {
      "word": "masturbatory",
      "start": 44.955,
      "end": 45.635,
      "score": 0.669,
      "speaker": "SPEAKER_00"
    },
    {
      "word": "gestures.",
      "start": 45.695,
      "end": 46.135,
      "score": 0.957,
      "speaker": "SPEAKER_00"
    },
    {
      "word": "Dennard,",
      "start": 46.815,
      "end": 47.135,
      "score": 0.721,
      "speaker": "SPEAKER_00"
    },
    {
      "word": "who",
      "start": 47.175,
      "end": 47.295,
      "score": 0.898,
      "speaker": "SPEAKER_00"
    },
    {
      "word": "once",
      "start": 47.375,
      "end": 47.515,
      "score": 0.871,
      "speaker": "SPEAKER_00"
    },
    {
      "word": "worked",
      "start": 47.555,
      "end": 47.756,
      "score": 0.95,
      "speaker": "SPEAKER_00"
    },
    {
      "word": "for",
      "start": 47.796,
      "end": 47.916,
      "score": 0.313,
      "speaker": "SPEAKER_00"
    },
    {
      "word": "George",
      "start": 47.936,
      "end": 48.216,
      "score": 0.941,
      "speaker": "SPEAKER_00"
    },
    {
      "word": "W.",
      "start": 48.456,
      "end": 48.516,
      "score": 0.642,
      "speaker": "SPEAKER_00"
    },
    {
      "word": "Bush's",
      "start": 48.556,
      "end": 48.896,
      "score": 0.794,
      "speaker": "SPEAKER_00"
    },
    {
      "word": "White",
      "start": 48.976,
      "end": 49.196,
      "score": 0.982,
      "speaker": "SPEAKER_00"
    },
    {
      "word": "House,",
      "start": 49.236,
      "end": 49.476,
      "score": 0.938,
      "speaker": "SPEAKER_00"
    },
    {
      "word": "had",
      "start": 49.556,
      "end": 49.796,
      "score": 0.86,
      "speaker": "SPEAKER_00"
    },
    {
      "word": "been",
      "start": 49.837,
      "end": 49.997,
      "score": 0.796,
      "speaker": "SPEAKER_00"
    },
    {
      "word": "working",
      "start": 50.037,
      "end": 50.337,
      "score": 0.939,
      "speaker": "SPEAKER_00"
    },
    {
      "word": "for",
      "start": 50.377,
      "end": 50.457,
      "score": 0.5,
      "speaker": "SPEAKER_00"
    },
    {
      "word": "ASU's",
      "start": 50.517,
      "end": 50.957,
      "score": 0.528,
      "speaker": "SPEAKER_00"
    },
    {
      "word": "McCain",
      "start": 50.977,
      "end": 51.357,
      "score": 0.72,
      "speaker": "SPEAKER_00"
    },
    {
      "word": "Institute",
      "start": 51.417,
      "end": 51.858,
      "score": 0.883,
      "speaker": "SPEAKER_00"
    },
    {
      "word": "for",
      "start": 51.898,
      "end": 51.998,
      "score": 0.802,
      "speaker": "SPEAKER_00"
    },
    {
      "word": "International",
      "start": 52.058,
      "end": 52.598,
      "score": 0.863,
      "speaker": "SPEAKER_00"
    },
    {
      "word": "Leadership.",
      "start": 52.638,
      "end": 53.158,
      "score": 0.825,
      "speaker": "SPEAKER_00"
    },
    {
      "word": "Known",
      "start": 53.578,
      "end": 53.758,
      "score": 0.778,
      "speaker": "SPEAKER_00"
    },
    {
      "word": "as",
      "start": 53.798,
      "end": 53.878,
      "score": 0.687,
      "speaker": "SPEAKER_00"
    },
    {
      "word": "being",
      "start": 53.898,
      "end": 54.079,
      "score": 0.702,
      "speaker": "SPEAKER_00"
    },
    {
      "word": "a",
      "start": 54.119,
      "end": 54.159,
      "score": 0.503,
      "speaker": "SPEAKER_00"
    },
    {
      "word": "champion",
      "start": 54.219,
      "end": 54.639,
      "score": 0.815,
      "speaker": "SPEAKER_00"
    },
    {
      "word": "for",
      "start": 54.679,
      "end": 54.779,
      "score": 0.819,
      "speaker": "SPEAKER_00"
    },
    {
      "word": "President",
      "start": 54.799,
      "end": 55.099,
      "score": 0.891,
      "speaker": "SPEAKER_00"
    },
    {
      "word": "Donald",
      "start": 55.139,
      "end": 55.379,
      "score": 0.834,
      "speaker": "SPEAKER_00"
    },
    {
      "word": "Trump",
      "start": 55.419,
      "end": 55.659,
      "score": 0.983,
      "speaker": "SPEAKER_00"
    },
    {
      "word": "on",
      "start": 55.719,
      "end": 55.799,
      "score": 0.992,
      "speaker": "SPEAKER_00"
    },
    {
      "word": "CNN's",
      "start": 55.839,
      "end": 56.24,
      "score": 0.708,
      "speaker": "SPEAKER_00"
    },
    {
      "word": "Airways,",
      "start": 56.36,
      "end": 56.82,
      "score": 0.847,
      "speaker": "SPEAKER_00"
    },
    {
      "word": "Dennard",
      "start": 56.86,
      "end": 57.12,
      "score": 0.648,
      "speaker": "SPEAKER_00"
    },
    {
      "word": "was",
      "start": 57.16,
      "end": 57.26,
      "score": 0.894,
      "speaker": "SPEAKER_00"
    },
    {
      "word": "praised",
      "start": 57.36,
      "end": 57.7,
      "score": 0.851,
      "speaker": "SPEAKER_00"
    },
    {
      "word": "by",
      "start": 57.74,
      "end": 57.84,
      "score": 0.816,
      "speaker": "SPEAKER_00"
    },
    {
      "word": "Trump",
      "start": 57.9,
      "end": 58.121,
      "score": 0.928,
      "speaker": "SPEAKER_00"
    },
    {
      "word": "on",
      "start": 58.181,
      "end": 58.281,
      "score": 0.66,
      "speaker": "SPEAKER_00"
    },
    {
      "word": "Monday",
      "start": 58.341,
      "end": 58.661,
      "score": 0.895,
      "speaker": "SPEAKER_00"
    },
    {
      "word": "night",
      "start": 58.721,
      "end": 58.941,
      "score": 0.771,
      "speaker": "SPEAKER_00"
    },
    {
      "word": "for",
      "start": 58.961,
      "end": 59.061,
      "score": 0.92,
      "speaker": "SPEAKER_00"
    },
    {
      "word": "his",
      "start": 59.101,
      "end": 59.221,
      "score": 0.777,
      "speaker": "SPEAKER_00"
    },
    {
      "word": "combativeness",
      "start": 59.281,
      "end": 60.001,
      "score": 0.73,
      "speaker": "SPEAKER_00"
    },
    {
      "word": "with",
      "start": 60.021,
      "end": 60.142,
      "score": 0.967,
      "speaker": "SPEAKER_00"
    },
    {
      "word": "presidential",
      "start": 60.202,
      "end": 60.722,
      "score": 0.893,
      "speaker": "SPEAKER_00"
    },
    {
      "word": "critic",
      "start": 60.782,
      "end": 61.042,
      "score": 0.942,
      "speaker": "SPEAKER_00"
    },
    {
      "word": "Philip",
      "start": 61.062,
      "end": 61.362,
      "score": 0.928,
      "speaker": "SPEAKER_00"
    },
    {
      "word": "Mudd",
      "start": 61.402,
      "end": 61.662,
      "score": 0.705,
      "speaker": "SPEAKER_00"
    },
    {
      "word": "during",
      "start": 61.942,
      "end": 62.183,
      "score": 0.814,
      "speaker": "SPEAKER_00"
    },
    {
      "word": "a",
      "start": 62.223,
      "end": 62.243,
      "score": 0.98,
      "speaker": "SPEAKER_00"
    },
    {
      "word": "segment",
      "start": 62.303,
      "end": 62.643,
      "score": 0.933,
      "speaker": "SPEAKER_00"
    },
    {
      "word": "late",
      "start": 62.663,
      "end": 62.823,
      "score": 0.985,
      "speaker": "SPEAKER_00"
    },
    {
      "word": "last",
      "start": 62.863,
      "end": 63.063,
      "score": 0.816,
      "speaker": "SPEAKER_00"
    },
    {
      "word": "week.",
      "start": 63.123,
      "end": 63.363,
      "score": 0.902,
      "speaker": "SPEAKER_00"
    },
    {
      "word": "There's",
      "start": 63.743,
      "end": 63.903,
      "score": 0.903,
      "speaker": "SPEAKER_00"
    },
    {
      "word": "been",
      "start": 63.923,
      "end": 64.063,
      "score": 0.751,
      "speaker": "SPEAKER_00"
    },
    {
      "word": "something",
      "start": 64.103,
      "end": 64.404,
      "score": 0.858,
      "speaker": "SPEAKER_00"
    },
    {
      "word": "of",
      "start": 64.464,
      "end": 64.544,
      "score": 0.767,
      "speaker": "SPEAKER_00"
    },
    {
      "word": "a",
      "start": 64.584,
      "end": 64.624,
      "score": 0.495,
      "speaker": "SPEAKER_00"
    },
    {
      "word": "revolving",
      "start": 64.684,
      "end": 65.084,
      "score": 0.877,
      "speaker": "SPEAKER_00"
    },
    {
      "word": "door",
      "start": 65.124,
      "end": 65.404,
      "score": 0.832,
      "speaker": "SPEAKER_00"
    },
    {
      "word": "of",
      "start": 65.424,
      "end": 65.484,
      "score": 0.693,
      "speaker": "SPEAKER_00"
    },
    {
      "word": "pro-Trump",
      "start": 65.564,
      "end": 66.084,
      "score": 0.928,
      "speaker": "SPEAKER_00"
    },
    {
      "word": "conservative",
      "start": 66.104,
      "end": 66.665,
      "score": 0.905,
      "speaker": "SPEAKER_00"
    },
    {
      "word": "contributors",
      "start": 66.685,
      "end": 67.265,
      "score": 0.784,
      "speaker": "SPEAKER_00"
    },
    {
      "word": "over",
      "start": 67.345,
      "end": 67.525,
      "score": 0.855,
      "speaker": "SPEAKER_00"
    },
    {
      "word": "at",
      "start": 67.565,
      "end": 67.625,
      "score": 0.984,
      "speaker": "SPEAKER_00"
    },
    {
      "word": "CNN",
      "start": 67.665,
      "end": 68.085,
      "score": 0.626,
      "speaker": "SPEAKER_00"
    },
    {
      "word": "the",
      "start": 68.105,
      "end": 68.165,
      "score": 0.998,
      "speaker": "SPEAKER_00"
    },
    {
      "word": "last",
      "start": 68.205,
      "end": 68.426,
      "score": 0.711,
      "speaker": "SPEAKER_00"
    },
    {
      "word": "year",
      "start": 68.446,
      "end": 68.626,
      "score": 0.723,
      "speaker": "SPEAKER_00"
    },
    {
      "word": "or",
      "start": 68.666,
      "end": 68.706,
      "score": 0.328,
      "speaker": "SPEAKER_00"
    },
    {
      "word": "so.",
      "start": 68.746,
      "end": 68.886,
      "score": 0.984,
      "speaker": "SPEAKER_00"
    },
    {
      "word": "Last",
      "start": 69.406,
      "end": 69.626,
      "score": 0.796,
      "speaker": "SPEAKER_00"
    },
    {
      "word": "August,",
      "start": 69.686,
      "end": 70.006,
      "score": 0.739,
      "speaker": "SPEAKER_00"
    },
    {
      "word": "the",
      "start": 70.026,
      "end": 70.086,
      "score": 0.0,
      "speaker": "SPEAKER_00"
    },
    {
      "word": "network",
      "start": 70.106,
      "end": 70.386,
      "score": 0.692,
      "speaker": "SPEAKER_00"
    },
    {
      "word": "fired",
      "start": 70.466,
      "end": 70.726,
      "score": 0.851,
      "speaker": "SPEAKER_00"
    },
    {
      "word": "Jeffrey",
      "start": 70.787,
      "end": 71.087,
      "score": 0.688,
      "speaker": "SPEAKER_00"
    },
    {
      "word": "Lord",
      "start": 71.127,
      "end": 71.387,
      "score": 0.925,
      "speaker": "SPEAKER_00"
    },
    {
      "word": "for",
      "start": 71.407,
      "end": 71.527,
      "score": 0.749,
      "speaker": "SPEAKER_00"
    },
    {
      "word": "using",
      "start": 71.607,
      "end": 71.807,
      "score": 0.848,
      "speaker": "SPEAKER_00"
    },
    {
      "word": "a",
      "start": 71.847,
      "end": 71.867,
      "score": 0.986,
      "speaker": "SPEAKER_00"
    },
    {
      "word": "Nazi",
      "start": 71.947,
      "end": 72.267,
      "score": 0.742,
      "speaker": "SPEAKER_00"
    },
    {
      "word": "salute",
      "start": 72.287,
      "end": 72.547,
      "score": 0.837,
      "speaker": "SPEAKER_00"
    },
    {
      "word": "on",
      "start": 72.567,
      "end": 72.667,
      "score": 0.822,
      "speaker": "SPEAKER_00"
    },
    {
      "word": "Twitter",
      "start": 72.727,
      "end": 73.067,
      "score": 0.725,
      "speaker": "SPEAKER_00"
    },
    {
      "word": "and",
      "start": 73.527,
      "end": 73.648,
      "score": 0.826,
      "speaker": "SPEAKER_00"
    },
    {
      "word": "in",
      "start": 73.728,
      "end": 73.788,
      "score": 0.86,
      "speaker": "SPEAKER_00"
    },
    {
      "word": "January,",
      "start": 73.828,
      "end": 74.408,
      "score": 0.829,
      "speaker": "SPEAKER_00"
    },
    {
      "word": "Ed",
      "start": 74.428,
      "end": 74.468,
      "score": 0.0,
      "speaker": "SPEAKER_00"
    },
    {
      "word": "Martin",
      "start": 74.688,
      "end": 74.908,
      "score": 0.26,
      "speaker": "SPEAKER_00"
    },
    {
      "word": "was",
      "start": 74.948,
      "end": 75.048,
      "score": 0.902,
      "speaker": "SPEAKER_00"
    },
    {
      "word": "ousted",
      "start": 75.208,
      "end": 75.508,
      "score": 0.741,
      "speaker": "SPEAKER_00"
    },
    {
      "word": "for",
      "start": 75.528,
      "end": 75.628,
      "score": 0.968,
      "speaker": "SPEAKER_00"
    },
    {
      "word": "unstated",
      "start": 75.688,
      "end": 76.108,
      "score": 0.82,
      "speaker": "SPEAKER_00"
    },
    {
      "word": "reasons",
      "start": 76.168,
      "end": 76.569,
      "score": 0.792,
      "speaker": "SPEAKER_00"
    },
    {
      "word": "after",
      "start": 76.709,
      "end": 76.909,
      "score": 0.9,
      "speaker": "SPEAKER_00"
    },
    {
      "word": "making",
      "start": 76.949,
      "end": 77.189,
      "score": 0.877,
      "speaker": "SPEAKER_00"
    },
    {
      "word": "negative",
      "start": 77.309,
      "end": 77.629,
      "score": 0.891,
      "speaker": "SPEAKER_00"
    },
    {
      "word": "remarks",
      "start": 77.669,
      "end": 78.029,
      "score": 0.83,
      "speaker": "SPEAKER_00"
    },
    {
      "word": "about",
      "start": 78.089,
      "end": 78.269,
      "score": 0.908,
      "speaker": "SPEAKER_00"
    },
    {
      "word": "his",
      "start": 78.309,
      "end": 78.409,
      "score": 0.755,
      "speaker": "SPEAKER_00"
    },
    {
      "word": "colleagues",
      "start": 78.489,
      "end": 78.909,
      "score": 0.78,
      "speaker": "SPEAKER_00"
    },
    {
      "word": "on",
      "start": 79.009,
      "end": 79.089,
      "score": 0.898,
      "speaker": "SPEAKER_00"
    },
    {
      "word": "his",
      "start": 79.129,
      "end": 79.25,
      "score": 0.745,
      "speaker": "SPEAKER_00"
    },
    {
      "word": "radio",
      "start": 79.31,
      "end": 79.63,
      "score": 0.927,
      "speaker": "SPEAKER_00"
    },
    {
      "word": "show.",
      "start": 79.69,
      "end": 79.97,
      "score": 0.833,
      "speaker": "SPEAKER_00"
    },
    {
      "word": "To",
      "start": 80.31,
      "end": 80.35,
      "score": 0.48,
      "speaker": "SPEAKER_00"
    },
    {
      "word": "read",
      "start": 80.37,
      "end": 80.49,
      "score": 0.498,
      "speaker": "SPEAKER_00"
    },
    {
      "word": "more",
      "start": 80.51,
      "end": 80.63,
      "score": 0.901,
      "speaker": "SPEAKER_00"
    },
    {
      "word": "on",
      "start": 80.67,
      "end": 80.73,
      "score": 0.285,
      "speaker": "SPEAKER_00"
    },
    {
      "word": "this",
      "start": 80.75,
      "end": 80.83,
      "score": 0.494,
      "speaker": "SPEAKER_00"
    },
    {
      "word": "story,",
      "start": 80.85,
      "end": 81.13,
      "score": 0.806,
      "speaker": "SPEAKER_00"
    },
    {
      "word": "head",
      "start": 81.15,
      "end": 81.27,
      "score": 0.529,
      "speaker": "SPEAKER_00"
    },
    {
      "word": "to",
      "start": 81.31,
      "end": 81.37,
      "score": 0.842,
      "speaker": "SPEAKER_00"
    },
    {
      "word": "THR.com.",
      "start": 81.41,
      "end": 82.291,
      "score": 0.594,
      "speaker": "SPEAKER_00"
    },
    {
      "word": "For",
      "start": 82.331,
      "end": 82.431,
      "score": 0.564,
      "speaker": "SPEAKER_00"
    },
    {
      "word": "The",
      "start": 82.451,
      "end": 82.511,
      "score": 0.996,
      "speaker": "SPEAKER_00"
    },
    {
      "word": "Hollywood",
      "start": 82.531,
      "end": 82.811,
      "score": 0.713,
      "speaker": "SPEAKER_00"
    },
    {
      "word": "Reporter",
      "start": 82.831,
      "end": 83.171,
      "score": 0.875,
      "speaker": "SPEAKER_00"
    },
    {
      "word": "News,",
      "start": 83.191,
      "end": 83.471,
      "score": 0.548,
      "speaker": "SPEAKER_00"
    },
    {
      "word": "I'm",
      "start": 83.651,
      "end": 83.731,
      "score": 0.481,
      "speaker": "SPEAKER_00"
    },
    {
      "word": "Lyndsey",
      "start": 83.751,
      "end": 83.991,
      "score": 0.488,
      "speaker": "SPEAKER_00"
    },
    {
      "word": "Rodrigues.",
      "start": 84.011,
      "end": 84.391,
      "score": 0.475,
      "speaker": "SPEAKER_00"
    }
  ],
  "language": "en"
}