{
  "segments": [
    {
      "start": 0.109,
      "end": 3.753,
      "text": " The EU is the biggest peace project that we've ever had in history.",
      "words": [
        {
          "word": "The",
          "start": 0.109,
          "end": 0.229,
          "score": 0.887,
          "speaker": "SPEAKER_02"
        },
        {
          "word": "EU",
          "start": 0.389,
          "end": 0.73,
          "score": 0.666,
          "speaker": "SPEAKER_02"
        },
        {
          "word": "is",
          "start": 0.85,
          "end": 0.93,
          "score": 0.691,
          "speaker": "SPEAKER_02"
        },
        {
          "word": "the",
          "start": 0.97,
          "end": 1.05,
          "score": 0.993,
          "speaker": "SPEAKER_02"
        },
        {
          "word": "biggest",
          "start": 1.09,
          "end": 1.431,
          "score": 0.892,
          "speaker": "SPEAKER_02"
        },
        {
          "word": "peace",
          "start": 1.531,
          "end": 1.791,
          "score": 0.85,
          "speaker": "SPEAKER_02"
        },
        {
          "word": "project",
          "start": 1.831,
          "end": 2.192,
          "score": 0.892,
          "speaker": "SPEAKER_02"
        },
        {
          "word": "that",
          "start": 2.212,
          "end": 2.312,
          "score": 0.916,
          "speaker": "SPEAKER_02"
        },
        {
          "word": "we've",
          "start": 2.332,
          "end": 2.472,
          "score": 0.826,
          "speaker": "SPEAKER_02"
        },
        {
          "word": "ever",
          "start": 2.552,
          "end": 2.712,
          "score": 0.854,
          "speaker": "SPEAKER_02"
        },
        {
          "word": "had",
          "start": 2.772,
          "end": 3.013,
          "score": 0.791,
          "speaker": "SPEAKER_02"
        },
        {
          "word": "in",
          "start": 3.153,
          "end": 3.233,
          "score": 0.818,
          "speaker": "SPEAKER_02"
        },
        {
          "word": "history.",
          "start": 3.313,
          "end": 3.753,
          "score": 0.778,
          "speaker": "SPEAKER_02"
        }
      ],
      "speaker": "SPEAKER_02"
    },
    {
      "start": 4.134,
      "end": 13.665,
      "text": "It is extraordinary that 28 countries have come together to try to solve their problems through debate and discussion rather than bullets and bombs.",
      "words": [
        {
          "word": "It",
          "start": 4.134,
          "end": 4.194,
          "score": 0.998,
          "speaker": "SPEAKER_02"
        },
        {
          "word": "is",
          "start": 4.274,
          "end": 4.374,
          "score": 0.71,
          "speaker": "SPEAKER_02"
        },
        {
          "word": "extraordinary",
          "start": 4.474,
          "end": 5.335,
          "score": 0.764,
          "speaker": "SPEAKER_02"
        },
        {
          "word": "that",
          "start": 5.355,
          "end": 6.276,
          "score": 0.808,
          "speaker": "SPEAKER_02"
        },
        {
          "word": "28"
        },
        {
          "word": "countries",
          "start": 6.537,
          "end": 6.977,
          "score": 0.542,
          "speaker": "SPEAKER_02"
        },
        {
          "word": "have",
          "start": 7.017,
          "end": 7.117,
          "score": 0.492,
          "speaker": "SPEAKER_02"
        },
        {
          "word": "come",
          "start": 7.177,
          "end": 7.398,
          "score": 0.795,
          "speaker": "SPEAKER_02"
        },
        {
          "word": "together",
          "start": 7.438,
          "end": 7.858,
          "score": 0.898,
          "speaker": "SPEAKER_02"
        },
        {
          "word": "to",
          "start": 7.878,
          "end": 7.918,
          "score": 0.0,
          "speaker": "SPEAKER_02"
        },
        {
          "word": "try",
          "start": 8.439,
          "end": 8.739,
          "score": 0.843,
          "speaker": "SPEAKER_02"
        },
        {
          "word": "to",
          "start": 8.779,
          "end": 8.919,
          "score": 0.792,
          "speaker": "SPEAKER_02"
        },
        {
          "word": "solve",
          "start": 8.979,
          "end": 9.28,
          "score": 0.649,
          "speaker": "SPEAKER_02"
        },
        {
          "word": "their",
          "start": 9.34,
          "end": 9.52,
          "score": 0.919,
          "speaker": "SPEAKER_02"
        },
        {
          "word": "problems",
          "start": 9.58,
          "end": 10.081,
          "score": 0.769,
          "speaker": "SPEAKER_02"
        },
        {
          "word": "through",
          "start": 10.141,
          "end": 10.281,
          "score": 0.162,
          "speaker": "SPEAKER_02"
        },
        {
          "word": "debate",
          "start": 10.301,
          "end": 10.822,
          "score": 0.806,
          "speaker": "SPEAKER_02"
        },
        {
          "word": "and",
          "start": 10.942,
          "end": 11.042,
          "score": 0.826,
          "speaker": "SPEAKER_02"
        },
        {
          "word": "discussion",
          "start": 11.082,
          "end": 11.723,
          "score": 0.866,
          "speaker": "SPEAKER_02"
        },
        {
          "word": "rather",
          "start": 12.043,
          "end": 12.283,
          "score": 0.841,
          "speaker": "SPEAKER_02"
        },
        {
          "word": "than",
          "start": 12.323,
          "end": 12.444,
          "score": 0.875,
          "speaker": "SPEAKER_02"
        },
        {
          "word": "bullets",
          "start": 12.544,
          "end": 12.924,
          "score": 0.831,
          "speaker": "SPEAKER_02"
        },
        {
          "word": "and",
          "start": 13.104,
          "end": 13.204,
          "score": 0.944,
          "speaker": "SPEAKER_02"
        },
        {
          "word": "bombs.",
          "start": 13.264,
          "end": 13.665,
          "score": 0.868,
          "speaker": "SPEAKER_02"
        }
      ],
      "speaker": "SPEAKER_02"
    },
    {
      "start": 14.085,
      "end": 18.431,
      "text": "It wasn't that long ago since that was the way in which problems were tried to be solved here.",
      "words": [
        {
          "word": "It",
          "start": 14.085,
          "end": 14.146,
          "score": 0.83,
          "speaker": "SPEAKER_02"
        },
        {
          "word": "wasn't",
          "start": 14.186,
          "end": 14.446,
          "score": 0.891,
          "speaker": "SPEAKER_02"
        },
        {
          "word": "that",
          "start": 14.466,
          "end": 14.626,
          "score": 0.686,
          "speaker": "SPEAKER_02"
        },
        {
          "word": "long",
          "start": 14.686,
          "end": 14.846,
          "score": 0.697,
          "speaker": "SPEAKER_02"
        },
        {
          "word": "ago",
          "start": 14.886,
          "end": 15.167,
          "score": 0.845,
          "speaker": "SPEAKER_02"
        },
        {
          "word": "since",
          "start": 15.467,
          "end": 15.667,
          "score": 0.905,
          "speaker": "SPEAKER_02"
        },
        {
          "word": "that",
          "start": 15.707,
          "end": 15.868,
          "score": 0.746,
          "speaker": "SPEAKER_02"
        },
        {
          "word": "was",
          "start": 15.908,
          "end": 16.028,
          "score": 0.859,
          "speaker": "SPEAKER_02"
        },
        {
          "word": "the",
          "start": 16.048,
          "end": 16.128,
          "score": 0.896,
          "speaker": "SPEAKER_02"
        },
        {
          "word": "way",
          "start": 16.188,
          "end": 16.328,
          "score": 0.667,
          "speaker": "SPEAKER_02"
        },
        {
          "word": "in",
          "start": 16.368,
          "end": 16.428,
          "score": 0.749,
          "speaker": "SPEAKER_02"
        },
        {
          "word": "which",
          "start": 16.488,
          "end": 16.709,
          "score": 0.719,
          "speaker": "SPEAKER_02"
        },
        {
          "word": "problems",
          "start": 16.829,
          "end": 17.169,
          "score": 0.844,
          "speaker": "SPEAKER_02"
        },
        {
          "word": "were",
          "start": 17.189,
          "end": 17.329,
          "score": 0.821,
          "speaker": "SPEAKER_02"
        },
        {
          "word": "tried",
          "start": 17.349,
          "end": 17.55,
          "score": 0.822,
          "speaker": "SPEAKER_02"
        },
        {
          "word": "to",
          "start": 17.59,
          "end": 17.69,
          "score": 0.484,
          "speaker": "SPEAKER_02"
        },
        {
          "word": "be",
          "start": 17.71,
          "end": 17.81,
          "score": 0.79,
          "speaker": "SPEAKER_02"
        },
        {
          "word": "solved",
          "start": 17.87,
          "end": 18.21,
          "score": 0.861,
          "speaker": "SPEAKER_02"
        },
        {
          "word": "here.",
          "start": 18.25,
          "end": 18.431,
          "score": 0.844,
          "speaker": "SPEAKER_02"
        }
      ],
      "speaker": "SPEAKER_02"
    },
    {
      "start": 19.011,
      "end": 21.813,
      "text": " It's been the EU that has helped to bring peace to Western Europe.",
      "words": [
        {
          "word": "It's",
          "start": 19.011,
          "end": 19.151,
          "score": 0.83,
          "speaker": "SPEAKER_02"
        },
        {
          "word": "been",
          "start": 19.171,
          "end": 19.311,
          "score": 0.884,
          "speaker": "SPEAKER_02"
        },
        {
          "word": "the",
          "start": 19.331,
          "end": 19.692,
          "score": 0.404,
          "speaker": "SPEAKER_02"
        },
        {
          "word": "EU",
          "start": 19.792,
          "end": 20.092,
          "score": 0.766,
          "speaker": "SPEAKER_02"
        },
        {
          "word": "that",
          "start": 20.112,
          "end": 20.212,
          "score": 0.875,
          "speaker": "SPEAKER_02"
        },
        {
          "word": "has",
          "start": 20.252,
          "end": 20.332,
          "score": 0.811,
          "speaker": "SPEAKER_02"
        },
        {
          "word": "helped",
          "start": 20.372,
          "end": 20.552,
          "score": 0.783,
          "speaker": "SPEAKER_02"
        },
        {
          "word": "to",
          "start": 20.572,
          "end": 20.632,
          "score": 0.763,
          "speaker": "SPEAKER_02"
        },
        {
          "word": "bring",
          "start": 20.672,
          "end": 20.812,
          "score": 0.861,
          "speaker": "SPEAKER_02"
        },
        {
          "word": "peace",
          "start": 20.872,
          "end": 21.093,
          "score": 0.846,
          "speaker": "SPEAKER_02"
        },
        {
          "word": "to",
          "start": 21.113,
          "end": 21.193,
          "score": 0.982,
          "speaker": "SPEAKER_02"
        },
        {
          "word": "Western",
          "start": 21.233,
          "end": 21.553,
          "score": 0.794,
          "speaker": "SPEAKER_02"
        },
        {
          "word": "Europe.",
          "start": 21.613,
          "end": 21.813,
          "score": 0.898,
          "speaker": "SPEAKER_02"
        }
      ],
      "speaker": "SPEAKER_02"
    },
    {
      "start": 21.853,
      "end": 23.774,
      "text": "It's helped to bring democracy to Eastern Europe.",
      "words": [
        {
          "word": "It's",
          "start": 21.853,
          "end": 21.973,
          "score": 0.614,
          "speaker": "SPEAKER_02"
        },
        {
          "word": "helped",
          "start": 21.993,
          "end": 22.173,
          "score": 0.882,
          "speaker": "SPEAKER_02"
        },
        {
          "word": "to",
          "start": 22.193,
          "end": 22.253,
          "score": 0.752,
          "speaker": "SPEAKER_02"
        },
        {
          "word": "bring",
          "start": 22.293,
          "end": 22.413,
          "score": 0.931,
          "speaker": "SPEAKER_02"
        },
        {
          "word": "democracy",
          "start": 22.454,
          "end": 22.934,
          "score": 0.933,
          "speaker": "SPEAKER_02"
        },
        {
          "word": "to",
          "start": 22.974,
          "end": 23.054,
          "score": 0.765,
          "speaker": "SPEAKER_02"
        },
        {
          "word": "Eastern",
          "start": 23.174,
          "end": 23.474,
          "score": 0.81,
          "speaker": "SPEAKER_02"
        },
        {
          "word": "Europe.",
          "start": 23.574,
          "end": 23.774,
          "score": 0.738,
          "speaker": "SPEAKER_02"
        }
      ],
      "speaker": "SPEAKER_02"
    },
    {
      "start": 24.115,
      "end": 26.616,
      "text": "We turn our back on that at our peril.",
      "words": [
        {
          "word": "We",
          "start": 24.115,
          "end": 24.295,
          "score": 0.338,
          "speaker": "SPEAKER_02"
        },
        {
          "word": "turn",
          "start": 24.395,
          "end": 24.655,
          "score": 0.803,
          "speaker": "SPEAKER_02"
        },
        {
          "word": "our",
          "start": 24.735,
          "end": 24.855,
          "score": 0.877,
          "speaker": "SPEAKER_02"
        },
        {
          "word": "back",
          "start": 24.915,
          "end": 25.095,
          "score": 0.986,
          "speaker": "SPEAKER_02"
        },
        {
          "word": "on",
          "start": 25.616,
          "end": 25.676,
          "score": 0.98,
          "speaker": "SPEAKER_02"
        },
        {
          "word": "that",
          "start": 25.716,
          "end": 25.896,
          "score": 0.968,
          "speaker": "SPEAKER_02"
        },
        {
          "word": "at",
          "start": 25.976,
          "end": 26.076,
          "score": 0.85,
          "speaker": "SPEAKER_02"
        },
        {
          "word": "our",
          "start": 26.136,
          "end": 26.236,
          "score": 0.862,
          "speaker": "SPEAKER_02"
        },
        {
          "word": "peril.",
          "start": 26.296,
          "end": 26.616,
          "score": 0.848,
          "speaker": "SPEAKER_02"
        }
      ],
      "speaker": "SPEAKER_02"
    },
    {
      "start": 26.857,
      "end": 34.422,
      "text": "The biggest challenges we face today are by their very nature cross-border, whether that's climate change, international terrorism, the refugee crisis.",
      "words": [
        {
          "word": "The",
          "start": 26.857,
          "end": 26.937,
          "score": 0.874,
          "speaker": "SPEAKER_02"
        },
        {
          "word": "biggest",
          "start": 26.957,
          "end": 27.217,
          "score": 0.861,
          "speaker": "SPEAKER_02"
        },
        {
          "word": "challenges",
          "start": 27.277,
          "end": 27.697,
          "score": 0.834,
          "speaker": "SPEAKER_02"
        },
        {
          "word": "we",
          "start": 27.717,
          "end": 27.857,
          "score": 0.891,
          "speaker": "SPEAKER_02"
        },
        {
          "word": "face",
          "start": 27.897,
          "end": 28.117,
          "score": 0.932,
          "speaker": "SPEAKER_02"
        },
        {
          "word": "today",
          "start": 28.157,
          "end": 28.538,
          "score": 0.784,
          "speaker": "SPEAKER_02"
        },
        {
          "word": "are",
          "start": 28.898,
          "end": 29.018,
          "score": 0.437,
          "speaker": "SPEAKER_02"
        },
        {
          "word": "by",
          "start": 29.038,
          "end": 29.158,
          "score": 0.82,
          "speaker": "SPEAKER_02"
        },
        {
          "word": "their",
          "start": 29.198,
          "end": 29.338,
          "score": 0.558,
          "speaker": "SPEAKER_02"
        },
        {
          "word": "very",
          "start": 29.358,
          "end": 29.578,
          "score": 0.842,
          "speaker": "SPEAKER_02"
        },
        {
          "word": "nature",
          "start": 29.658,
          "end": 29.979,
          "score": 0.835,
          "speaker": "SPEAKER_02"
        },
        {
          "word": "cross-border,",
          "start": 30.019,
          "end": 30.639,
          "score": 0.869,
          "speaker": "SPEAKER_02"
        },
        {
          "word": "whether",
          "start": 30.659,
          "end": 30.859,
          "score": 0.845,
          "speaker": "SPEAKER_02"
        },
        {
          "word": "that's",
          "start": 30.879,
          "end": 31.039,
          "score": 0.91,
          "speaker": "SPEAKER_02"
        },
        {
          "word": "climate",
          "start": 31.079,
          "end": 31.5,
          "score": 0.937,
          "speaker": "SPEAKER_02"
        },
        {
          "word": "change,",
          "start": 31.54,
          "end": 31.86,
          "score": 0.925,
          "speaker": "SPEAKER_02"
        },
        {
          "word": "international",
          "start": 32.12,
          "end": 32.621,
          "score": 0.839,
          "speaker": "SPEAKER_02"
        },
        {
          "word": "terrorism,",
          "start": 32.661,
          "end": 33.181,
          "score": 0.895,
          "speaker": "SPEAKER_02"
        },
        {
          "word": "the",
          "start": 33.421,
          "end": 33.501,
          "score": 0.834,
          "speaker": "SPEAKER_02"
        },
        {
          "word": "refugee",
          "start": 33.541,
          "end": 33.961,
          "score": 0.871,
          "speaker": "SPEAKER_02"
        },
        {
          "word": "crisis.",
          "start": 34.001,
          "end": 34.422,
          "score": 0.856,
          "speaker": "SPEAKER_02"
        }
      ],
      "speaker": "SPEAKER_02"
    },
    {
      "start": 34.642,
      "end": 38.525,
      "text": "And we have to work cross-border in order to be able to solve those problems.",
      "words": [
        {
          "word": "And",
          "start": 34.642,
          "end": 34.722,
          "score": 0.829,
          "speaker": "SPEAKER_02"
        },
        {
          "word": "we",
          "start": 34.762,
          "end": 34.862,
          "score": 0.866,
          "speaker": "SPEAKER_02"
        },
        {
          "word": "have",
          "start": 34.902,
          "end": 35.062,
          "score": 0.924,
          "speaker": "SPEAKER_02"
        },
        {
          "word": "to",
          "start": 35.102,
          "end": 35.202,
          "score": 0.776,
          "speaker": "SPEAKER_02"
        },
        {
          "word": "work",
          "start": 35.222,
          "end": 35.462,
          "score": 0.869,
          "speaker": "SPEAKER_02"
        },
        {
          "word": "cross-border",
          "start": 35.503,
          "end": 36.303,
          "score": 0.842,
          "speaker": "SPEAKER_02"
        },
        {
          "word": "in",
          "start": 36.603,
          "end": 36.683,
          "score": 0.655,
          "speaker": "SPEAKER_02"
        },
        {
          "word": "order",
          "start": 36.743,
          "end": 36.964,
          "score": 0.707,
          "speaker": "SPEAKER_02"
        },
        {
          "word": "to",
          "start": 36.984,
          "end": 37.024,
          "score": 0.453,
          "speaker": "SPEAKER_02"
        },
        {
          "word": "be",
          "start": 37.044,
          "end": 37.124,
          "score": 0.574,
          "speaker": "SPEAKER_02"
        },
        {
          "word": "able",
          "start": 37.164,
          "end": 37.284,
          "score": 0.285,
          "speaker": "SPEAKER_02"
        },
        {
          "word": "to",
          "start": 37.324,
          "end": 37.444,
          "score": 0.642,
          "speaker": "SPEAKER_02"
        },
        {
          "word": "solve",
          "start": 37.484,
          "end": 37.804,
          "score": 0.478,
          "speaker": "SPEAKER_02"
        },
        {
          "word": "those",
          "start": 37.824,
          "end": 38.064,
          "score": 0.475,
          "speaker": "SPEAKER_02"
        },
        {
          "word": "problems.",
          "start": 38.124,
          "end": 38.525,
          "score": 0.318,
          "speaker": "SPEAKER_02"
        }
      ],
      "speaker": "SPEAKER_02"
    },
    {
      "start": 38.925,
      "end": 40.946,
      "text": "That is about taking back control.",
      "words": [
        {
          "word": "That",
          "start": 38.925,
          "end": 39.145,
          "score": 0.519,
          "speaker": "SPEAKER_02"
        },
        {
          "word": "is",
          "start": 39.245,
          "end": 39.305,
          "score": 0.296,
          "speaker": "SPEAKER_02"
        },
        {
          "word": "about",
          "start": 39.365,
          "end": 39.665,
          "score": 0.496,
          "speaker": "SPEAKER_02"
        },
        {
          "word": "taking",
          "start": 39.725,
          "end": 40.126,
          "score": 0.594,
          "speaker": "SPEAKER_02"
        },
        {
          "word": "back",
          "start": 40.166,
          "end": 40.386,
          "score": 0.673,
          "speaker": "SPEAKER_02"
        },
        {
          "word": "control.",
          "start": 40.406,
          "end": 40.946,
          "score": 0.562,
          "speaker": "SPEAKER_00"
        }
      ],
      "speaker": "SPEAKER_02"
    },
    {
      "start": 41.246,
      "end": 43.028,
      "text": "That is why we should both remain.",
      "words": [
        {
          "word": "That",
          "start": 41.246,
          "end": 41.467,
          "score": 0.721,
          "speaker": "SPEAKER_00"
        },
        {
          "word": "is",
          "start": 41.547,
          "end": 41.607,
          "score": 0.236,
          "speaker": "SPEAKER_00"
        },
        {
          "word": "why",
          "start": 41.667,
          "end": 41.887,
          "score": 0.559,
          "speaker": "SPEAKER_00"
        },
        {
          "word": "we",
          "start": 41.947,
          "end": 42.127,
          "score": 0.654,
          "speaker": "SPEAKER_00"
        },
        {
          "word": "should",
          "start": 42.167,
          "end": 42.307,
          "score": 0.155,
          "speaker": "SPEAKER_00"
        },
        {
          "word": "both",
          "start": 42.347,
          "end": 42.567,
          "score": 0.565,
          "speaker": "SPEAKER_00"
        },
        {
          "word": "remain.",
          "start": 42.627,
          "end": 43.028,
          "score": 0.709,
          "speaker": "SPEAKER_00"
        }
      ],
      "speaker": "SPEAKER_00"
    },
    {
      "start": 43.048,
      "end": 44.549,
      "text": "Thank you, Caroline Lucas.",
      "words": [
        {
          "word": "Thank",
          "start": 43.048,
          "end": 43.268,
          "score": 0.63,
          "speaker": "SPEAKER_00"
        },
        {
          "word": "you,",
          "start": 43.348,
          "end": 43.588,
          "score": 0.397,
          "speaker": "SPEAKER_00"
        },
        {
          "word": "Caroline",
          "start": 43.648,
          "end": 44.108,
          "score": 0.638,
          "speaker": "SPEAKER_00"
        },
        {
          "word": "Lucas.",
          "start": 44.169,
          "end": 44.549,
          "score": 0.556,
          "speaker": "SPEAKER_00"
        }
      ],
      "speaker": "SPEAKER_00"
    }
  ],
  "word_segments": [
    {
      "word": "The",
      "start": 0.109,
      "end": 0.229,
      "score": 0.887,
      "speaker": "SPEAKER_02"
    },
    {
      "word": "EU",
      "start": 0.389,
      "end": 0.73,
      "score": 0.666,
      "speaker": "SPEAKER_02"
    },
    {
      "word": "is",
      "start": 0.85,
      "end": 0.93,
      "score": 0.691,
      "speaker": "SPEAKER_02"
    },
    {
      "word": "the",
      "start": 0.97,
      "end": 1.05,
      "score": 0.993,
      "speaker": "SPEAKER_02"
    },
    {
      "word": "biggest",
      "start": 1.09,
      "end": 1.431,
      "score": 0.892,
      "speaker": "SPEAKER_02"
    },
    {
      "word": "peace",
      "start": 1.531,
      "end": 1.791,
      "score": 0.85,
      "speaker": "SPEAKER_02"
    },
    {
      "word": "project",
      "start": 1.831,
      "end": 2.192,
      "score": 0.892,
      "speaker": "SPEAKER_02"
    },
    {
      "word": "that",
      "start": 2.212,
      "end": 2.312,
      "score": 0.916,
      "speaker": "SPEAKER_02"
    },
    {
      "word": "we've",
      "start": 2.332,
      "end": 2.472,
      "score": 0.826,
      "speaker": "SPEAKER_02"
    },
    {
      "word": "ever",
      "start": 2.552,
      "end": 2.712,
      "score": 0.854,
      "speaker": "SPEAKER_02"
    },
    {
      "word": "had",
      "start": 2.772,
      "end": 3.013,
      "score": 0.791,
      "speaker": "SPEAKER_02"
    },
    {
      "word": "in",
      "start": 3.153,
      "end": 3.233,
      "score": 0.818,
      "speaker": "SPEAKER_02"
    },
    {
      "word": "history.",
      "start": 3.313,
      "end": 3.753,
      "score": 0.778,
      "speaker": "SPEAKER_02"
    },
    {
      "word": "It",
      "start": 4.134,
      "end": 4.194,
      "score": 0.998,
      "speaker": "SPEAKER_02"
    },
    {
      "word": "is",
      "start": 4.274,
      "end": 4.374,
      "score": 0.71,
      "speaker": "SPEAKER_02"
    },
    {
      "word": "extraordinary",
      "start": 4.474,
      "end": 5.335,
      "score": 0.764,
      "speaker": "SPEAKER_02"
    },
    {
      "word": "that",
      "start": 5.355,
      "end": 6.276,
      "score": 0.808,
      "speaker": "SPEAKER_02"
    },
    {
      "word": "28"
    },
    {
      "word": "countries",
      "start": 6.537,
      "end": 6.977,
      "score": 0.542,
      "speaker": "SPEAKER_02"
    },
    {
      "word": "have",
      "start": 7.017,
      "end": 7.117,
      "score": 0.492,
      "speaker": "SPEAKER_02"
    },
    {
      "word": "come",
      "start": 7.177,
      "end": 7.398,
      "score": 0.795,
      "speaker": "SPEAKER_02"
    },
    {
      "word": "together",
      "start": 7.438,
      "end": 7.858,
      "score": 0.898,
      "speaker": "SPEAKER_02"
    },
    {
      "word": "to",
      "start": 7.878,
      "end": 7.918,
      "score": 0.0,
      "speaker": "SPEAKER_02"
    },
    {
      "word": "try",
      "start": 8.439,
      "end": 8.739,
      "score": 0.843,
      "speaker": "SPEAKER_02"
    },
    {
      "word": "to",
      "start": 8.779,
      "end": 8.919,
      "score": 0.792,
      "speaker": "SPEAKER_02"
    },
    {
      "word": "solve",
      "start": 8.979,
      "end": 9.28,
      "score": 0.649,
      "speaker": "SPEAKER_02"
    },
    {
      "word": "their",
      "start": 9.34,
      "end": 9.52,
      "score": 0.919,
      "speaker": "SPEAKER_02"
    },
    {
      "word": "problems",
      "start": 9.58,
      "end": 10.081,
      "score": 0.769,
      "speaker": "SPEAKER_02"
    },
    {
      "word": "through",
      "start": 10.141,
      "end": 10.281,
      "score": 0.162,
      "speaker": "SPEAKER_02"
    },
    {
      "word": "debate",
      "start": 10.301,
      "end": 10.822,
      "score": 0.806,
      "speaker": "SPEAKER_02"
    },
    {
      "word": "and",
      "start": 10.942,
      "end": 11.042,
      "score": 0.826,
      "speaker": "SPEAKER_02"
    },
    {
      "word": "discussion",
      "start": 11.082,
      "end": 11.723,
      "score": 0.866,
      "speaker": "SPEAKER_02"
    },
    {
      "word": "rather",
      "start": 12.043,
      "end": 12.283,
      "score": 0.841,
      "speaker": "SPEAKER_02"
    },
    {
      "word": "than",
      "start": 12.323,
      "end": 12.444,
      "score": 0.875,
      "speaker": "SPEAKER_02"
    },
    {
      "word": "bullets",
      "start": 12.544,
      "end": 12.924,
      "score": 0.831,
      "speaker": "SPEAKER_02"
    },
    {
      "word": "and",
      "start": 13.104,
      "end": 13.204,
      "score": 0.944,
      "speaker": "SPEAKER_02"
    },
    {
      "word": "bombs.",
      "start": 13.264,
      "end": 13.665,
      "score": 0.868,
      "speaker": "SPEAKER_02"
    },
    {
      "word": "It",
      "start": 14.085,
      "end": 14.146,
      "score": 0.83,
      "speaker": "SPEAKER_02"
    },
    {
      "word": "wasn't",
      "start": 14.186,
      "end": 14.446,
      "score": 0.891,
      "speaker": "SPEAKER_02"
    },
    {
      "word": "that",
      "start": 14.466,
      "end": 14.626,
      "score": 0.686,
      "speaker": "SPEAKER_02"
    },
    {
      "word": "long",
      "start": 14.686,
      "end": 14.846,
      "score": 0.697,
      "speaker": "SPEAKER_02"
    },
    {
      "word": "ago",
      "start": 14.886,
      "end": 15.167,
      "score": 0.845,
      "speaker": "SPEAKER_02"
    },
    {
      "word": "since",
      "start": 15.467,
      "end": 15.667,
      "score": 0.905,
      "speaker": "SPEAKER_02"
    },
    {
      "word": "that",
      "start": 15.707,
      "end": 15.868,
      "score": 0.746,
      "speaker": "SPEAKER_02"
    },
    {
      "word": "was",
      "start": 15.908,
      "end": 16.028,
      "score": 0.859,
      "speaker": "SPEAKER_02"
    },
    {
      "word": "the",
      "start": 16.048,
      "end": 16.128,
      "score": 0.896,
      "speaker": "SPEAKER_02"
    },
    {
      "word": "way",
      "start": 16.188,
      "end": 16.328,
      "score": 0.667,
      "speaker": "SPEAKER_02"
    },
    {
      "word": "in",
      "start": 16.368,
      "end": 16.428,
      "score": 0.749,
      "speaker": "SPEAKER_02"
    },
    {
      "word": "which",
      "start": 16.488,
      "end": 16.709,
      "score": 0.719,
      "speaker": "SPEAKER_02"
    },
    {
      "word": "problems",
      "start": 16.829,
      "end": 17.169,
      "score": 0.844,
      "speaker": "SPEAKER_02"
    },
    {
      "word": "were",
      "start": 17.189,
      "end": 17.329,
      "score": 0.821,
      "speaker": "SPEAKER_02"
    },
    {
      "word": "tried",
      "start": 17.349,
      "end": 17.55,
      "score": 0.822,
      "speaker": "SPEAKER_02"
    },
    {
      "word": "to",
      "start": 17.59,
      "end": 17.69,
      "score": 0.484,
      "speaker": "SPEAKER_02"
    },
    {
      "word": "be",
      "start": 17.71,
      "end": 17.81,
      "score": 0.79,
      "speaker": "SPEAKER_02"
    },
    {
      "word": "solved",
      "start": 17.87,
      "end": 18.21,
      "score": 0.861,
      "speaker": "SPEAKER_02"
    },
    {
      "word": "here.",
      "start": 18.25,
      "end": 18.431,
      "score": 0.844,
      "speaker": "SPEAKER_02"
    },
    {
      "word": "It's",
      "start": 19.011,
      "end": 19.151,
      "score": 0.83,
      "speaker": "SPEAKER_02"
    },
    {
      "word": "been",
      "start": 19.171,
      "end": 19.311,
      "score": 0.884,
      "speaker": "SPEAKER_02"
    },
    {
      "word": "the",
      "start": 19.331,
      "end": 19.692,
      "score": 0.404,
      "speaker": "SPEAKER_02"
    },
    {
      "word": "EU",
      "start": 19.792,
      "end": 20.092,
      "score": 0.766,
      "speaker": "SPEAKER_02"
    },
    {
      "word": "that",
      "start": 20.112,
      "end": 20.212,
      "score": 0.875,
      "speaker": "SPEAKER_02"
    },
    {
      "word": "has",
      "start": 20.252,
      "end": 20.332,
      "score": 0.811,
      "speaker": "SPEAKER_02"
    },
    {
      "word": "helped",
      "start": 20.372,
      "end": 20.552,
      "score": 0.783,
      "speaker": "SPEAKER_02"
    },
    {
      "word": "to",
      "start": 20.572,
      "end": 20.632,
      "score": 0.763,
      "speaker": "SPEAKER_02"
    },
    {
      "word": "bring",
      "start": 20.672,
      "end": 20.812,
      "score": 0.861,
      "speaker": "SPEAKER_02"
    },
    {
      "word": "peace",
      "start": 20.872,
      "end": 21.093,
      "score": 0.846,
      "speaker": "SPEAKER_02"
    },
    {
      "word": "to",
      "start": 21.113,
      "end": 21.193,
      "score": 0.982,
      "speaker": "SPEAKER_02"
    },
    {
      "word": "Western",
      "start": 21.233,
      "end": 21.553,
      "score": 0.794,
      "speaker": "SPEAKER_02"
    },
    {
      "word": "Europe.",
      "start": 21.613,
      "end": 21.813,
      "score": 0.898,
      "speaker": "SPEAKER_02"
    },
    {
      "word": "It's",
      "start": 21.853,
      "end": 21.973,
      "score": 0.614,
      "speaker": "SPEAKER_02"
    },
    {
      "word": "helped",
      "start": 21.993,
      "end": 22.173,
      "score": 0.882,
      "speaker": "SPEAKER_02"
    },
    {
      "word": "to",
      "start": 22.193,
      "end": 22.253,
      "score": 0.752,
      "speaker": "SPEAKER_02"
    },
    {
      "word": "bring",
      "start": 22.293,
      "end": 22.413,
      "score": 0.931,
      "speaker": "SPEAKER_02"
    },
    {
      "word": "democracy",
      "start": 22.454,
      "end": 22.934,
      "score": 0.933,
      "speaker": "SPEAKER_02"
    },
    {
      "word": "to",
      "start": 22.974,
      "end": 23.054,
      "score": 0.765,
      "speaker": "SPEAKER_02"
    },
    {
      "word": "Eastern",
      "start": 23.174,
      "end": 23.474,
      "score": 0.81,
      "speaker": "SPEAKER_02"
    },
    {
      "word": "Europe.",
      "start": 23.574,
      "end": 23.774,
      "score": 0.738,
      "speaker": "SPEAKER_02"
    },
    {
      "word": "We",
      "start": 24.115,
      "end": 24.295,
      "score": 0.338,
      "speaker": "SPEAKER_02"
    },
    {
      "word": "turn",
      "start": 24.395,
      "end": 24.655,
      "score": 0.803,
      "speaker": "SPEAKER_02"
    },
    {
      "word": "our",
      "start": 24.735,
      "end": 24.855,
      "score": 0.877,
      "speaker": "SPEAKER_02"
    },
    {
      "word": "back",
      "start": 24.915,
      "end": 25.095,
      "score": 0.986,
      "speaker": "SPEAKER_02"
    },
    {
      "word": "on",
      "start": 25.616,
      "end": 25.676,
      "score": 0.98,
      "speaker": "SPEAKER_02"
    },
    {
      "word": "that",
      "start": 25.716,
      "end": 25.896,
      "score": 0.968,
      "speaker": "SPEAKER_02"
    },
    {
      "word": "at",
      "start": 25.976,
      "end": 26.076,
      "score": 0.85,
      "speaker": "SPEAKER_02"
    },
    {
      "word": "our",
      "start": 26.136,
      "end": 26.236,
      "score": 0.862,
      "speaker": "SPEAKER_02"
    },
    {
      "word": "peril.",
      "start": 26.296,
      "end": 26.616,
      "score": 0.848,
      "speaker": "SPEAKER_02"
    },
    {
      "word": "The",
      "start": 26.857,
      "end": 26.937,
      "score": 0.874,
      "speaker": "SPEAKER_02"
    },
    {
      "word": "biggest",
      "start": 26.957,
      "end": 27.217,
      "score": 0.861,
      "speaker": "SPEAKER_02"
    },
    {
      "word": "challenges",
      "start": 27.277,
      "end": 27.697,
      "score": 0.834,
      "speaker": "SPEAKER_02"
    },
    {
      "word": "we",
      "start": 27.717,
      "end": 27.857,
      "score": 0.891,
      "speaker": "SPEAKER_02"
    },
    {
      "word": "face",
      "start": 27.897,
      "end": 28.117,
      "score": 0.932,
      "speaker": "SPEAKER_02"
    },
    {
      "word": "today",
      "start": 28.157,
      "end": 28.538,
      "score": 0.784,
      "speaker": "SPEAKER_02"
    },
    {
      "word": "are",
      "start": 28.898,
      "end": 29.018,
      "score": 0.437,
      "speaker": "SPEAKER_02"
    },
    {
      "word": "by",
      "start": 29.038,
      "end": 29.158,
      "score": 0.82,
      "speaker": "SPEAKER_02"
    },
    {
      "word": "their",
      "start": 29.198,
      "end": 29.338,
      "score": 0.558,
      "speaker": "SPEAKER_02"
    },
    {
      "word": "very",
      "start": 29.358,
      "end": 29.578,
      "score": 0.842,
      "speaker": "SPEAKER_02"
    },
    {
      "word": "nature",
      "start": 29.658,
      "end": 29.979,
      "score": 0.835,
      "speaker": "SPEAKER_02"
    },
    {
      "word": "cross-border,",
      "start": 30.019,
      "end": 30.639,
      "score": 0.869,
      "speaker": "SPEAKER_02"
    },
    {
      "word": "whether",
      "start": 30.659,
      "end": 30.859,
      "score": 0.845,
      "speaker": "SPEAKER_02"
    },
    {
      "word": "that's",
      "start": 30.879,
      "end": 31.039,
      "score": 0.91,
      "speaker": "SPEAKER_02"
    },
    {
      "word": "climate",
      "start": 31.079,
      "end": 31.5,
      "score": 0.937,
      "speaker": "SPEAKER_02"
    },
    {
      "word": "change,",
      "start": 31.54,
      "end": 31.86,
      "score": 0.925,
      "speaker": "SPEAKER_02"
    },
    {
      "word": "international",
      "start": 32.12,
      "end": 32.621,
      "score": 0.839,
      "speaker": "SPEAKER_02"
    },
    {
      "word": "terrorism,",
      "start": 32.661,
      "end": 33.181,
      "score": 0.895,
      "speaker": "SPEAKER_02"
    },
    {
      "word": "the",
      "start": 33.421,
      "end": 33.501,
      "score": 0.834,
      "speaker": "SPEAKER_02"
    },
    {
      "word": "refugee",
      "start": 33.541,
      "end": 33.961,
      "score": 0.871,
      "speaker": "SPEAKER_02"
    },
    {
      "word": "crisis.",
      "start": 34.001,
      "end": 34.422,
      "score": 0.856,
      "speaker": "SPEAKER_02"
    },
    {
      "word": "And",
      "start": 34.642,
      "end": 34.722,
      "score": 0.829,
      "speaker": "SPEAKER_02"
    },
    {
      "word": "we",
      "start": 34.762,
      "end": 34.862,
      "score": 0.866,
      "speaker": "SPEAKER_02"
    },
    {
      "word": "have",
      "start": 34.902,
      "end": 35.062,
      "score": 0.924,
      "speaker": "SPEAKER_02"
    },
    {
      "word": "to",
      "start": 35.102,
      "end": 35.202,
      "score": 0.776,
      "speaker": "SPEAKER_02"
    },
    {
      "word": "work",
      "start": 35.222,
      "end": 35.462,
      "score": 0.869,
      "speaker": "SPEAKER_02"
    },
    {
      "word": "cross-border",
      "start": 35.503,
      "end": 36.303,
      "score": 0.842,
      "speaker": "SPEAKER_02"
    },
    {
      "word": "in",
      "start": 36.603,
      "end": 36.683,
      "score": 0.655,
      "speaker": "SPEAKER_02"
    },
    {
      "word": "order",
      "start": 36.743,
      "end": 36.964,
      "score": 0.707,
      "speaker": "SPEAKER_02"
    },
    {
      "word": "to",
      "start": 36.984,
      "end": 37.024,
      "score": 0.453,
      "speaker": "SPEAKER_02"
    },
    {
      "word": "be",
      "start": 37.044,
      "end": 37.124,
      "score": 0.574,
      "speaker": "SPEAKER_02"
    },
    {
      "word": "able",
      "start": 37.164,
      "end": 37.284,
      "score": 0.285,
      "speaker": "SPEAKER_02"
    },
    {
      "word": "to",
      "start": 37.324,
      "end": 37.444,
      "score": 0.642,
      "speaker": "SPEAKER_02"
    },
    {
      "word": "solve",
      "start": 37.484,
      "end": 37.804,
      "score": 0.478,
      "speaker": "SPEAKER_02"
    },
    {
      "word": "those",
      "start": 37.824,
      "end": 38.064,
      "score": 0.475,
      "speaker": "SPEAKER_02"
    },
    {
      "word": "problems.",
      "start": 38.124,
      "end": 38.525,
      "score": 0.318,
      "speaker": "SPEAKER_02"
    },
    {
      "word": "That",
      "start": 38.925,
      "end": 39.145,
      "score": 0.519,
      "speaker": "SPEAKER_02"
    },
    {
      "word": "is",
      "start": 39.245,
      "end": 39.305,
      "score": 0.296,
      "speaker": "SPEAKER_02"
    },
    {
      "word": "about",
      "start": 39.365,
      "end": 39.665,
      "score": 0.496,
      "speaker": "SPEAKER_02"
    },
    {
      "word": "taking",
      "start": 39.725,
      "end": 40.126,
      "score": 0.594,
      "speaker": "SPEAKER_02"
    },
    {
      "word": "back",
      "start": 40.166,
      "end": 40.386,
      "score": 0.673,
      "speaker": "SPEAKER_02"
    },
    {
      "word": "control.",
      "start": 40.406,
      "end": 40.946,
      "score": 0.562,
      "speaker": "SPEAKER_00"
    },
    {
      "word": "That",
      "start": 41.246,
      "end": 41.467,
      "score": 0.721,
      "speaker": "SPEAKER_00"
    },
    {
      "word": "is",
      "start": 41.547,
      "end": 41.607,
      "score": 0.236,
      "speaker": "SPEAKER_00"
    },
    {
      "word": "why",
      "start": 41.667,
      "end": 41.887,
      "score": 0.559,
      "speaker": "SPEAKER_00"
    },
    {
      "word": "we",
      "start": 41.947,
      "end": 42.127,
      "score": 0.654,
      "speaker": "SPEAKER_00"
    },
    {
      "word": "should",
      "start": 42.167,
      "end": 42.307,
      "score": 0.155,
      "speaker": "SPEAKER_00"
    },
    {
      "word": "both",
      "start": 42.347,
      "end": 42.567,
      "score": 0.565,
      "speaker": "SPEAKER_00"
    },
    {
      "word": "remain.",
      "start": 42.627,
      "end": 43.028,
      "score": 0.709,
      "speaker": "SPEAKER_00"
    },
    {
      "word": "Thank",
      "start": 43.048,
      "end": 43.268,
      "score": 0.63,
      "speaker": "SPEAKER_00"
    },
    {
      "word": "you,",
      "start": 43.348,
      "end": 43.588,
      "score": 0.397,
      "speaker": "SPEAKER_00"
    },
    {
      "word": "Caroline",
      "start": 43.648,
      "end": 44.108,
      "score": 0.638,
      "speaker": "SPEAKER_00"
    },
    {
      "word": "Lucas.",
      "start": 44.169,
      "end": 44.549,
      "score": 0.556,
      "speaker": "SPEAKER_00"
    }
  ],
  "language": "en"
}