{
  "segments": [
    {
      "start": 2.622,
      "end": 9.988,
      "text": " There's an old soul in these dogs, and they appreciate you in a way that a puppy can't.",
      "words": [
        {
          "word": "There's",
          "start": 2.622,
          "end": 2.902,
          "score": 0.714,
          "speaker": "SPEAKER_00"
        },
        {
          "word": "an",
          "start": 2.922,
          "end": 2.982,
          "score": 0.728,
          "speaker": "SPEAKER_00"
        },
        {
          "word": "old",
          "start": 3.102,
          "end": 3.243,
          "score": 0.865,
          "speaker": "SPEAKER_00"
        },
        {
          "word": "soul",
          "start": 3.383,
          "end": 3.743,
          "score": 0.838,
          "speaker": "SPEAKER_00"
        },
        {
          "word": "in",
          "start": 3.843,
          "end": 3.903,
          "score": 0.907,
          "speaker": "SPEAKER_00"
        },
        {
          "word": "these",
          "start": 3.943,
          "end": 4.163,
          "score": 0.664,
          "speaker": "SPEAKER_00"
        },
        {
          "word": "dogs,",
          "start": 4.183,
          "end": 4.604,
          "score": 0.871,
          "speaker": "SPEAKER_00"
        },
        {
          "word": "and",
          "start": 5.464,
          "end": 5.665,
          "score": 0.487,
          "speaker": "SPEAKER_00"
        },
        {
          "word": "they",
          "start": 5.845,
          "end": 6.145,
          "score": 0.854,
          "speaker": "SPEAKER_00"
        },
        {
          "word": "appreciate",
          "start": 6.285,
          "end": 7.226,
          "score": 0.847,
          "speaker": "SPEAKER_00"
        },
        {
          "word": "you",
          "start": 7.606,
          "end": 7.927,
          "score": 0.848,
          "speaker": "SPEAKER_00"
        },
        {
          "word": "in",
          "start": 8.047,
          "end": 8.147,
          "score": 0.852,
          "speaker": "SPEAKER_00"
        },
        {
          "word": "a",
          "start": 8.167,
          "end": 8.187,
          "score": 0.986,
          "speaker": "SPEAKER_00"
        },
        {
          "word": "way",
          "start": 8.267,
          "end": 8.607,
          "score": 0.72,
          "speaker": "SPEAKER_00"
        },
        {
          "word": "that",
          "start": 8.707,
          "end": 8.907,
          "score": 0.966,
          "speaker": "SPEAKER_00"
        },
        {
          "word": "a",
          "start": 9.128,
          "end": 9.168,
          "score": 0.967,
          "speaker": "SPEAKER_00"
        },
        {
          "word": "puppy",
          "start": 9.248,
          "end": 9.548,
          "score": 0.978,
          "speaker": "SPEAKER_00"
        },
        {
          "word": "can't.",
          "start": 9.588,
          "end": 9.988,
          "score": 0.751,
          "speaker": "SPEAKER_00"
        }
      ],
      "speaker": "SPEAKER_00"
    },
    {
      "start": 16.934,
      "end": 18.796,
      "text": "Muttville is a senior dog rescue.",
      "words": [
        {
          "word": "Muttville",
          "start": 16.934,
          "end": 17.335,
          "score": 0.648,
          "speaker": "SPEAKER_00"
        },
        {
          "word": "is",
          "start": 17.375,
          "end": 17.455,
          "score": 0.691,
          "speaker": "SPEAKER_00"
        },
        {
          "word": "a",
          "start": 17.515,
          "end": 17.555,
          "score": 0.484,
          "speaker": "SPEAKER_00"
        },
        {
          "word": "senior",
          "start": 17.635,
          "end": 18.015,
          "score": 0.78,
          "speaker": "SPEAKER_00"
        },
        {
          "word": "dog",
          "start": 18.035,
          "end": 18.255,
          "score": 0.83,
          "speaker": "SPEAKER_00"
        },
        {
          "word": "rescue.",
          "start": 18.295,
          "end": 18.796,
          "score": 0.553,
          "speaker": "SPEAKER_00"
        }
      ],
      "speaker": "SPEAKER_00"
    },
    {
      "start": 19.156,
      "end": 23.08,
      "text": "We save senior dogs and find them fabulous new homes.",
      "words": [
        {
          "word": "We",
          "start": 19.156,
          "end": 19.396,
          "score": 0.917,
          "speaker": "SPEAKER_00"
        },
        {
          "word": "save",
          "start": 19.537,
          "end": 19.937,
          "score": 0.874,
          "speaker": "SPEAKER_00"
        },
        {
          "word": "senior",
          "start": 20.177,
          "end": 20.517,
          "score": 0.833,
          "speaker": "SPEAKER_00"
        },
        {
          "word": "dogs",
          "start": 20.537,
          "end": 20.918,
          "score": 0.942,
          "speaker": "SPEAKER_00"
        },
        {
          "word": "and",
          "start": 21.038,
          "end": 21.138,
          "score": 0.909,
          "speaker": "SPEAKER_00"
        },
        {
          "word": "find",
          "start": 21.258,
          "end": 21.538,
          "score": 0.887,
          "speaker": "SPEAKER_00"
        },
        {
          "word": "them",
          "start": 21.578,
          "end": 21.758,
          "score": 0.83,
          "speaker": "SPEAKER_00"
        },
        {
          "word": "fabulous",
          "start": 21.899,
          "end": 22.459,
          "score": 0.846,
          "speaker": "SPEAKER_00"
        },
        {
          "word": "new",
          "start": 22.519,
          "end": 22.659,
          "score": 0.905,
          "speaker": "SPEAKER_00"
        },
        {
          "word": "homes.",
          "start": 22.699,
          "end": 23.08,
          "score": 0.715,
          "speaker": "SPEAKER_00"
        }
      ],
      "speaker": "SPEAKER_00"
    },
    {
      "start": 23.52,
      "end": 28.865,
      "text": "We get dogs in all sorts of conditions, and because they're old, they even have more issues.",
      "words": [
        {
          "word": "We",
          "start": 23.52,
          "end": 23.66,
          "score": 0.932,
          "speaker": "SPEAKER_00"
        },
        {
          "word": "get",
          "start": 23.68,
          "end": 23.82,
          "score": 0.751,
          "speaker": "SPEAKER_00"
        },
        {
          "word": "dogs",
          "start": 23.86,
          "end": 24.12,
          "score": 0.759,
          "speaker": "SPEAKER_00"
        },
        {
          "word": "in",
          "start": 24.16,
          "end": 24.241,
          "score": 0.676,
          "speaker": "SPEAKER_00"
        },
        {
          "word": "all",
          "start": 24.361,
          "end": 24.501,
          "score": 0.845,
          "speaker": "SPEAKER_00"
        },
        {
          "word": "sorts",
          "start": 24.541,
          "end": 24.761,
          "score": 0.78,
          "speaker": "SPEAKER_00"
        },
        {
          "word": "of",
          "start": 24.801,
          "end": 24.841,
          "score": 0.992,
          "speaker": "SPEAKER_00"
        },
        {
          "word": "conditions,",
          "start": 24.881,
          "end": 25.442,
          "score": 0.888,
          "speaker": "SPEAKER_00"
        },
        {
          "word": "and",
          "start": 26.282,
          "end": 26.462,
          "score": 0.641,
          "speaker": "SPEAKER_00"
        },
        {
          "word": "because",
          "start": 26.663,
          "end": 26.943,
          "score": 0.928,
          "speaker": "SPEAKER_00"
        },
        {
          "word": "they're",
          "start": 26.963,
          "end": 27.163,
          "score": 0.752,
          "speaker": "SPEAKER_00"
        },
        {
          "word": "old,",
          "start": 27.263,
          "end": 27.403,
          "score": 0.749,
          "speaker": "SPEAKER_00"
        },
        {
          "word": "they",
          "start": 27.443,
          "end": 27.563,
          "score": 0.846,
          "speaker": "SPEAKER_00"
        },
        {
          "word": "even",
          "start": 27.603,
          "end": 27.764,
          "score": 0.844,
          "speaker": "SPEAKER_00"
        },
        {
          "word": "have",
          "start": 27.804,
          "end": 28.064,
          "score": 0.728,
          "speaker": "SPEAKER_00"
        },
        {
          "word": "more",
          "start": 28.164,
          "end": 28.324,
          "score": 0.988,
          "speaker": "SPEAKER_00"
        },
        {
          "word": "issues.",
          "start": 28.444,
          "end": 28.865,
          "score": 0.927,
          "speaker": "SPEAKER_00"
        }
      ],
      "speaker": "SPEAKER_00"
    },
    {
      "start": 29.755,
      "end": 32.616,
      "text": " with the matching funds we got from the Subaru grant.",
      "words": [
        {
          "word": "with",
          "start": 29.755,
          "end": 29.895,
          "score": 0.844,
          "speaker": "SPEAKER_00"
        },
        {
          "word": "the",
          "start": 29.915,
          "end": 29.975,
          "score": 0.65,
          "speaker": "SPEAKER_00"
        },
        {
          "word": "matching",
          "start": 30.035,
          "end": 30.515,
          "score": 0.862,
          "speaker": "SPEAKER_00"
        },
        {
          "word": "funds",
          "start": 30.615,
          "end": 30.995,
          "score": 0.8,
          "speaker": "SPEAKER_00"
        },
        {
          "word": "we",
          "start": 31.075,
          "end": 31.216,
          "score": 0.878,
          "speaker": "SPEAKER_00"
        },
        {
          "word": "got",
          "start": 31.256,
          "end": 31.436,
          "score": 0.858,
          "speaker": "SPEAKER_00"
        },
        {
          "word": "from",
          "start": 31.456,
          "end": 31.576,
          "score": 0.912,
          "speaker": "SPEAKER_00"
        },
        {
          "word": "the",
          "start": 31.596,
          "end": 31.656,
          "score": 0.771,
          "speaker": "SPEAKER_00"
        },
        {
          "word": "Subaru",
          "start": 31.716,
          "end": 32.156,
          "score": 0.694,
          "speaker": "SPEAKER_00"
        },
        {
          "word": "grant.",
          "start": 32.196,
          "end": 32.616,
          "score": 0.869,
          "speaker": "SPEAKER_00"
        }
      ],
      "speaker": "SPEAKER_00"
    },
    {
      "start": 33.036,
      "end": 40.359,
      "text": "We got to set up our own veterinarian team because we don't want to see any dog suffer once it steps through our doors.",
      "words": [
        {
          "word": "We",
          "start": 33.036,
          "end": 33.136,
          "score": 0.809,
          "speaker": "SPEAKER_00"
        },
        {
          "word": "got",
          "start": 33.156,
          "end": 33.316,
          "score": 0.82,
          "speaker": "SPEAKER_00"
        },
        {
          "word": "to",
          "start": 33.336,
          "end": 33.396,
          "score": 0.85,
          "speaker": "SPEAKER_00"
        },
        {
          "word": "set",
          "start": 33.456,
          "end": 33.676,
          "score": 0.93,
          "speaker": "SPEAKER_00"
        },
        {
          "word": "up",
          "start": 33.796,
          "end": 33.876,
          "score": 0.992,
          "speaker": "SPEAKER_00"
        },
        {
          "word": "our",
          "start": 34.157,
          "end": 34.257,
          "score": 0.805,
          "speaker": "SPEAKER_00"
        },
        {
          "word": "own",
          "start": 34.337,
          "end": 34.477,
          "score": 0.834,
          "speaker": "SPEAKER_00"
        },
        {
          "word": "veterinarian",
          "start": 34.577,
          "end": 35.397,
          "score": 0.832,
          "speaker": "SPEAKER_00"
        },
        {
          "word": "team",
          "start": 35.457,
          "end": 35.837,
          "score": 0.795,
          "speaker": "SPEAKER_00"
        },
        {
          "word": "because",
          "start": 36.057,
          "end": 36.377,
          "score": 0.794,
          "speaker": "SPEAKER_00"
        },
        {
          "word": "we",
          "start": 36.437,
          "end": 36.557,
          "score": 0.783,
          "speaker": "SPEAKER_00"
        },
        {
          "word": "don't",
          "start": 36.597,
          "end": 36.797,
          "score": 0.676,
          "speaker": "SPEAKER_00"
        },
        {
          "word": "want",
          "start": 36.877,
          "end": 37.118,
          "score": 0.803,
          "speaker": "SPEAKER_00"
        },
        {
          "word": "to",
          "start": 37.158,
          "end": 37.238,
          "score": 0.826,
          "speaker": "SPEAKER_00"
        },
        {
          "word": "see",
          "start": 37.298,
          "end": 37.498,
          "score": 0.891,
          "speaker": "SPEAKER_00"
        },
        {
          "word": "any",
          "start": 37.718,
          "end": 37.858,
          "score": 0.788,
          "speaker": "SPEAKER_00"
        },
        {
          "word": "dog",
          "start": 37.918,
          "end": 38.278,
          "score": 0.963,
          "speaker": "SPEAKER_00"
        },
        {
          "word": "suffer",
          "start": 38.398,
          "end": 38.758,
          "score": 0.916,
          "speaker": "SPEAKER_00"
        },
        {
          "word": "once",
          "start": 38.938,
          "end": 39.078,
          "score": 0.839,
          "speaker": "SPEAKER_00"
        },
        {
          "word": "it",
          "start": 39.138,
          "end": 39.238,
          "score": 0.566,
          "speaker": "SPEAKER_00"
        },
        {
          "word": "steps",
          "start": 39.278,
          "end": 39.538,
          "score": 0.966,
          "speaker": "SPEAKER_00"
        },
        {
          "word": "through",
          "start": 39.578,
          "end": 39.818,
          "score": 0.76,
          "speaker": "SPEAKER_00"
        },
        {
          "word": "our",
          "start": 39.858,
          "end": 39.959,
          "score": 0.852,
          "speaker": "SPEAKER_00"
        },
        {
          "word": "doors.",
          "start": 40.019,
          "end": 40.359,
          "score": 0.839,
          "speaker": "SPEAKER_00"
        }
      ],
      "speaker": "SPEAKER_00"
    },
    {
      "start": 40.379,
      "end": 44.66,
      "text": "I'm not sure that Ava rescued me or I rescued her.",
      "words": [
        {
          "word": "I'm",
          "start": 40.379,
          "end": 41.859,
          "score": 0.644,
          "speaker": "SPEAKER_00"
        },
        {
          "word": "not",
          "start": 41.879,
          "end": 42.039,
          "score": 0.998,
          "speaker": "SPEAKER_01"
        },
        {
          "word": "sure",
          "start": 42.099,
          "end": 42.279,
          "score": 0.785,
          "speaker": "SPEAKER_01"
        },
        {
          "word": "that",
          "start": 42.299,
          "end": 42.419,
          "score": 0.815,
          "speaker": "SPEAKER_01"
        },
        {
          "word": "Ava",
          "start": 42.599,
          "end": 42.819,
          "score": 0.714,
          "speaker": "SPEAKER_01"
        },
        {
          "word": "rescued",
          "start": 42.88,
          "end": 43.26,
          "score": 0.857,
          "speaker": "SPEAKER_01"
        },
        {
          "word": "me",
          "start": 43.32,
          "end": 43.46,
          "score": 0.992,
          "speaker": "SPEAKER_01"
        },
        {
          "word": "or",
          "start": 43.54,
          "end": 43.64,
          "score": 0.79,
          "speaker": "SPEAKER_01"
        },
        {
          "word": "I",
          "start": 43.74,
          "end": 43.84,
          "score": 0.794,
          "speaker": "SPEAKER_01"
        },
        {
          "word": "rescued",
          "start": 43.9,
          "end": 44.32,
          "score": 0.929,
          "speaker": "SPEAKER_01"
        },
        {
          "word": "her.",
          "start": 44.38,
          "end": 44.66,
          "score": 0.728,
          "speaker": "SPEAKER_01"
        }
      ],
      "speaker": "SPEAKER_01"
    },
    {
      "start": 45.961,
      "end": 49.602,
      "text": "My oldest granddaughter is now 12 and the younger one is nine.",
      "words": [
        {
          "word": "My",
          "start": 45.961,
          "end": 46.081,
          "score": 0.915,
          "speaker": "SPEAKER_01"
        },
        {
          "word": "oldest",
          "start": 46.181,
          "end": 46.441,
          "score": 0.636,
          "speaker": "SPEAKER_01"
        },
        {
          "word": "granddaughter",
          "start": 46.461,
          "end": 46.921,
          "score": 0.876,
          "speaker": "SPEAKER_01"
        },
        {
          "word": "is",
          "start": 47.001,
          "end": 47.081,
          "score": 0.71,
          "speaker": "SPEAKER_01"
        },
        {
          "word": "now",
          "start": 47.161,
          "end": 47.321,
          "score": 0.949,
          "speaker": "SPEAKER_01"
        },
        {
          "word": "12"
        },
        {
          "word": "and",
          "start": 48.221,
          "end": 48.321,
          "score": 0.955,
          "speaker": "SPEAKER_01"
        },
        {
          "word": "the",
          "start": 48.361,
          "end": 48.461,
          "score": 0.816,
          "speaker": "SPEAKER_01"
        },
        {
          "word": "younger",
          "start": 48.501,
          "end": 48.762,
          "score": 0.821,
          "speaker": "SPEAKER_01"
        },
        {
          "word": "one",
          "start": 48.882,
          "end": 48.982,
          "score": 0.889,
          "speaker": "SPEAKER_01"
        },
        {
          "word": "is",
          "start": 49.062,
          "end": 49.222,
          "score": 0.703,
          "speaker": "SPEAKER_01"
        },
        {
          "word": "nine.",
          "start": 49.282,
          "end": 49.602,
          "score": 0.575,
          "speaker": "SPEAKER_01"
        }
      ],
      "speaker": "SPEAKER_01"
    },
    {
      "start": 50.703,
      "end": 54.105,
      "text": " I watched them initially twice a week and I loved that.",
      "words": [
        {
          "word": "I",
          "start": 50.703,
          "end": 50.783,
          "score": 0.723,
          "speaker": "SPEAKER_01"
        },
        {
          "word": "watched",
          "start": 50.823,
          "end": 51.123,
          "score": 0.915,
          "speaker": "SPEAKER_01"
        },
        {
          "word": "them",
          "start": 51.143,
          "end": 51.263,
          "score": 0.778,
          "speaker": "SPEAKER_01"
        },
        {
          "word": "initially",
          "start": 51.303,
          "end": 51.824,
          "score": 0.912,
          "speaker": "SPEAKER_01"
        },
        {
          "word": "twice",
          "start": 51.924,
          "end": 52.264,
          "score": 0.866,
          "speaker": "SPEAKER_01"
        },
        {
          "word": "a",
          "start": 52.324,
          "end": 52.364,
          "score": 0.976,
          "speaker": "SPEAKER_01"
        },
        {
          "word": "week",
          "start": 52.424,
          "end": 52.704,
          "score": 0.881,
          "speaker": "SPEAKER_01"
        },
        {
          "word": "and",
          "start": 53.024,
          "end": 53.164,
          "score": 0.757,
          "speaker": "SPEAKER_01"
        },
        {
          "word": "I",
          "start": 53.324,
          "end": 53.404,
          "score": 0.749,
          "speaker": "SPEAKER_01"
        },
        {
          "word": "loved",
          "start": 53.464,
          "end": 53.745,
          "score": 0.912,
          "speaker": "SPEAKER_01"
        },
        {
          "word": "that.",
          "start": 53.825,
          "end": 54.105,
          "score": 0.882,
          "speaker": "SPEAKER_01"
        }
      ],
      "speaker": "SPEAKER_01"
    },
    {
      "start": 54.805,
      "end": 60.708,
      "text": "As they were older and they have their various activities and friends, I don't babysit as much.",
      "words": [
        {
          "word": "As",
          "start": 54.805,
          "end": 54.925,
          "score": 0.76,
          "speaker": "SPEAKER_01"
        },
        {
          "word": "they",
          "start": 54.965,
          "end": 55.105,
          "score": 0.645,
          "speaker": "SPEAKER_01"
        },
        {
          "word": "were",
          "start": 55.125,
          "end": 55.265,
          "score": 0.84,
          "speaker": "SPEAKER_01"
        },
        {
          "word": "older",
          "start": 55.385,
          "end": 55.726,
          "score": 0.785,
          "speaker": "SPEAKER_01"
        },
        {
          "word": "and",
          "start": 55.866,
          "end": 56.006,
          "score": 0.784,
          "speaker": "SPEAKER_01"
        },
        {
          "word": "they",
          "start": 56.206,
          "end": 56.326,
          "score": 0.96,
          "speaker": "SPEAKER_01"
        },
        {
          "word": "have",
          "start": 56.366,
          "end": 56.566,
          "score": 0.82,
          "speaker": "SPEAKER_01"
        },
        {
          "word": "their",
          "start": 56.606,
          "end": 56.946,
          "score": 0.47,
          "speaker": "SPEAKER_01"
        },
        {
          "word": "various",
          "start": 57.066,
          "end": 57.486,
          "score": 0.931,
          "speaker": "SPEAKER_01"
        },
        {
          "word": "activities",
          "start": 57.627,
          "end": 58.367,
          "score": 0.894,
          "speaker": "SPEAKER_01"
        },
        {
          "word": "and",
          "start": 58.447,
          "end": 58.527,
          "score": 0.918,
          "speaker": "SPEAKER_01"
        },
        {
          "word": "friends,",
          "start": 58.607,
          "end": 59.067,
          "score": 0.804,
          "speaker": "SPEAKER_01"
        },
        {
          "word": "I",
          "start": 59.467,
          "end": 59.507,
          "score": 0.811,
          "speaker": "SPEAKER_01"
        },
        {
          "word": "don't",
          "start": 59.547,
          "end": 59.708,
          "score": 0.871,
          "speaker": "SPEAKER_01"
        },
        {
          "word": "babysit",
          "start": 59.748,
          "end": 60.228,
          "score": 0.768,
          "speaker": "SPEAKER_01"
        },
        {
          "word": "as",
          "start": 60.288,
          "end": 60.388,
          "score": 0.809,
          "speaker": "SPEAKER_01"
        },
        {
          "word": "much.",
          "start": 60.468,
          "end": 60.708,
          "score": 0.843,
          "speaker": "SPEAKER_01"
        }
      ],
      "speaker": "SPEAKER_01"
    },
    {
      "start": 61.548,
      "end": 62.449,
      "text": "I miss them already.",
      "words": [
        {
          "word": "I",
          "start": 61.548,
          "end": 61.629,
          "score": 0.745,
          "speaker": "SPEAKER_01"
        },
        {
          "word": "miss",
          "start": 61.649,
          "end": 61.849,
          "score": 0.857,
          "speaker": "SPEAKER_01"
        },
        {
          "word": "them",
          "start": 61.869,
          "end": 62.009,
          "score": 0.824,
          "speaker": "SPEAKER_01"
        },
        {
          "word": "already.",
          "start": 62.049,
          "end": 62.449,
          "score": 0.854,
          "speaker": "SPEAKER_01"
        }
      ],
      "speaker": "SPEAKER_01"
    },
    {
      "start": 62.889,
      "end": 65.771,
      "text": "It's very important for me to have somebody to take care of.",
      "words": [
        {
          "word": "It's",
          "start": 62.889,
          "end": 63.049,
          "score": 0.809,
          "speaker": "SPEAKER_01"
        },
        {
          "word": "very",
          "start": 63.149,
          "end": 63.429,
          "score": 0.744,
          "speaker": "SPEAKER_01"
        },
        {
          "word": "important",
          "start": 63.489,
          "end": 63.99,
          "score": 0.916,
          "speaker": "SPEAKER_01"
        },
        {
          "word": "for",
          "start": 64.05,
          "end": 64.17,
          "score": 0.872,
          "speaker": "SPEAKER_01"
        },
        {
          "word": "me",
          "start": 64.21,
          "end": 64.31,
          "score": 0.657,
          "speaker": "SPEAKER_01"
        },
        {
          "word": "to",
          "start": 64.35,
          "end": 64.41,
          "score": 0.748,
          "speaker": "SPEAKER_01"
        },
        {
          "word": "have",
          "start": 64.45,
          "end": 64.57,
          "score": 0.86,
          "speaker": "SPEAKER_01"
        },
        {
          "word": "somebody",
          "start": 64.61,
          "end": 64.91,
          "score": 0.904,
          "speaker": "SPEAKER_01"
        },
        {
          "word": "to",
          "start": 64.95,
          "end": 65.05,
          "score": 0.41,
          "speaker": "SPEAKER_01"
        },
        {
          "word": "take",
          "start": 65.11,
          "end": 65.31,
          "score": 0.846,
          "speaker": "SPEAKER_01"
        },
        {
          "word": "care",
          "start": 65.35,
          "end": 65.591,
          "score": 0.769,
          "speaker": "SPEAKER_01"
        },
        {
          "word": "of.",
          "start": 65.691,
          "end": 65.771,
          "score": 0.732,
          "speaker": "SPEAKER_01"
        }
      ],
      "speaker": "SPEAKER_01"
    },
    {
      "start": 66.511,
      "end": 67.371,
      "text": "It's just my nature.",
      "words": [
        {
          "word": "It's",
          "start": 66.511,
          "end": 66.611,
          "score": 0.873,
          "speaker": "SPEAKER_01"
        },
        {
          "word": "just",
          "start": 66.651,
          "end": 66.831,
          "score": 0.951,
          "speaker": "SPEAKER_01"
        },
        {
          "word": "my",
          "start": 66.871,
          "end": 67.011,
          "score": 0.718,
          "speaker": "SPEAKER_01"
        },
        {
          "word": "nature.",
          "start": 67.051,
          "end": 67.371,
          "score": 0.914,
          "speaker": "SPEAKER_01"
        }
      ],
      "speaker": "SPEAKER_01"
    },
    {
      "start": 67.652,
      "end": 68.772,
      "text": "I need to have that.",
      "words": [
        {
          "word": "I",
          "start": 67.652,
          "end": 67.712,
          "score": 0.798,
          "speaker": "SPEAKER_01"
        },
        {
          "word": "need",
          "start": 67.772,
          "end": 67.992,
          "score": 0.929,
          "speaker": "SPEAKER_01"
        },
        {
          "word": "to",
          "start": 68.032,
          "end": 68.152,
          "score": 0.726,
          "speaker": "SPEAKER_01"
        },
        {
          "word": "have",
          "start": 68.232,
          "end": 68.512,
          "score": 0.906,
          "speaker": "SPEAKER_01"
        },
        {
          "word": "that.",
          "start": 68.592,
          "end": 68.772,
          "score": 0.66,
          "speaker": "SPEAKER_01"
        }
      ],
      "speaker": "SPEAKER_01"
    },
    {
      "start": 69.432,
      "end": 76.336,
      "text": "So one night I was looking through all the senior dogs that were available and I saw Ava and I thought, oh my God, this is it.",
      "words": [
        {
          "word": "So",
          "start": 69.432,
          "end": 69.733,
          "score": 0.882,
          "speaker": "SPEAKER_01"
        },
        {
          "word": "one",
          "start": 70.013,
          "end": 70.133,
          "score": 0.965,
          "speaker": "SPEAKER_01"
        },
        {
          "word": "night",
          "start": 70.193,
          "end": 70.493,
          "score": 0.784,
          "speaker": "SPEAKER_01"
        },
        {
          "word": "I",
          "start": 70.693,
          "end": 70.753,
          "score": 0.692,
          "speaker": "SPEAKER_01"
        },
        {
          "word": "was",
          "start": 70.813,
          "end": 71.073,
          "score": 0.796,
          "speaker": "SPEAKER_01"
        },
        {
          "word": "looking",
          "start": 71.233,
          "end": 71.534,
          "score": 0.842,
          "speaker": "SPEAKER_01"
        },
        {
          "word": "through",
          "start": 71.594,
          "end": 71.854,
          "score": 0.745,
          "speaker": "SPEAKER_01"
        },
        {
          "word": "all",
          "start": 71.994,
          "end": 72.134,
          "score": 0.816,
          "speaker": "SPEAKER_01"
        },
        {
          "word": "the",
          "start": 72.174,
          "end": 72.234,
          "score": 0.997,
          "speaker": "SPEAKER_01"
        },
        {
          "word": "senior",
          "start": 72.294,
          "end": 72.614,
          "score": 0.899,
          "speaker": "SPEAKER_01"
        },
        {
          "word": "dogs",
          "start": 72.654,
          "end": 72.934,
          "score": 0.879,
          "speaker": "SPEAKER_01"
        },
        {
          "word": "that",
          "start": 72.954,
          "end": 73.054,
          "score": 0.88,
          "speaker": "SPEAKER_01"
        },
        {
          "word": "were",
          "start": 73.074,
          "end": 73.174,
          "score": 0.873,
          "speaker": "SPEAKER_01"
        },
        {
          "word": "available",
          "start": 73.214,
          "end": 73.815,
          "score": 0.808,
          "speaker": "SPEAKER_01"
        },
        {
          "word": "and",
          "start": 73.995,
          "end": 74.095,
          "score": 0.924,
          "speaker": "SPEAKER_01"
        },
        {
          "word": "I",
          "start": 74.175,
          "end": 74.255,
          "score": 0.564,
          "speaker": "SPEAKER_01"
        },
        {
          "word": "saw",
          "start": 74.375,
          "end": 74.615,
          "score": 0.934,
          "speaker": "SPEAKER_01"
        },
        {
          "word": "Ava",
          "start": 74.735,
          "end": 74.955,
          "score": 0.932,
          "speaker": "SPEAKER_01"
        },
        {
          "word": "and",
          "start": 74.975,
          "end": 75.035,
          "score": 0.562,
          "speaker": "SPEAKER_01"
        },
        {
          "word": "I",
          "start": 75.055,
          "end": 75.115,
          "score": 0.778,
          "speaker": "SPEAKER_01"
        },
        {
          "word": "thought,",
          "start": 75.135,
          "end": 75.275,
          "score": 0.091,
          "speaker": "SPEAKER_01"
        },
        {
          "word": "oh",
          "start": 75.415,
          "end": 75.496,
          "score": 0.461,
          "speaker": "SPEAKER_01"
        },
        {
          "word": "my",
          "start": 75.516,
          "end": 75.616,
          "score": 0.82,
          "speaker": "SPEAKER_01"
        },
        {
          "word": "God,",
          "start": 75.636,
          "end": 75.836,
          "score": 0.761,
          "speaker": "SPEAKER_01"
        },
        {
          "word": "this",
          "start": 75.876,
          "end": 76.056,
          "score": 0.918,
          "speaker": "SPEAKER_01"
        },
        {
          "word": "is",
          "start": 76.076,
          "end": 76.256,
          "score": 0.788,
          "speaker": "SPEAKER_01"
        },
        {
          "word": "it.",
          "start": 76.276,
          "end": 76.336,
          "score": 0.593,
          "speaker": "SPEAKER_01"
        }
      ],
      "speaker": "SPEAKER_01"
    },
    {
      "start": 78.834,
      "end": 82.016,
      "text": " When I had read her bio, it said she had a heart murmur.",
      "words": [
        {
          "word": "When",
          "start": 78.834,
          "end": 78.974,
          "score": 0.916,
          "speaker": "SPEAKER_01"
        },
        {
          "word": "I",
          "start": 79.034,
          "end": 79.114,
          "score": 0.753,
          "speaker": "SPEAKER_01"
        },
        {
          "word": "had",
          "start": 79.174,
          "end": 79.314,
          "score": 0.944,
          "speaker": "SPEAKER_01"
        },
        {
          "word": "read",
          "start": 79.474,
          "end": 79.795,
          "score": 0.828,
          "speaker": "SPEAKER_01"
        },
        {
          "word": "her",
          "start": 79.895,
          "end": 80.035,
          "score": 0.937,
          "speaker": "SPEAKER_01"
        },
        {
          "word": "bio,",
          "start": 80.055,
          "end": 80.575,
          "score": 0.94,
          "speaker": "SPEAKER_01"
        },
        {
          "word": "it",
          "start": 80.595,
          "end": 80.635,
          "score": 0.0,
          "speaker": "SPEAKER_01"
        },
        {
          "word": "said",
          "start": 80.755,
          "end": 80.895,
          "score": 0.784,
          "speaker": "SPEAKER_01"
        },
        {
          "word": "she",
          "start": 80.916,
          "end": 81.016,
          "score": 0.804,
          "speaker": "SPEAKER_01"
        },
        {
          "word": "had",
          "start": 81.056,
          "end": 81.136,
          "score": 0.881,
          "speaker": "SPEAKER_01"
        },
        {
          "word": "a",
          "start": 81.156,
          "end": 81.176,
          "score": 0.561,
          "speaker": "SPEAKER_01"
        },
        {
          "word": "heart",
          "start": 81.256,
          "end": 81.496,
          "score": 0.815,
          "speaker": "SPEAKER_01"
        },
        {
          "word": "murmur.",
          "start": 81.556,
          "end": 82.016,
          "score": 0.885,
          "speaker": "SPEAKER_01"
        }
      ],
      "speaker": "SPEAKER_01"
    },
    {
      "start": 82.657,
      "end": 87.82,
      "text": "But when Sherry told me that she required heart surgery, I was pretty taken aback.",
      "words": [
        {
          "word": "But",
          "start": 82.657,
          "end": 82.777,
          "score": 0.849,
          "speaker": "SPEAKER_01"
        },
        {
          "word": "when",
          "start": 82.817,
          "end": 83.037,
          "score": 0.896,
          "speaker": "SPEAKER_01"
        },
        {
          "word": "Sherry",
          "start": 83.277,
          "end": 83.738,
          "score": 0.898,
          "speaker": "SPEAKER_01"
        },
        {
          "word": "told",
          "start": 83.978,
          "end": 84.258,
          "score": 0.754,
          "speaker": "SPEAKER_01"
        },
        {
          "word": "me",
          "start": 84.318,
          "end": 84.418,
          "score": 0.981,
          "speaker": "SPEAKER_01"
        },
        {
          "word": "that",
          "start": 84.478,
          "end": 84.598,
          "score": 0.883,
          "speaker": "SPEAKER_01"
        },
        {
          "word": "she",
          "start": 84.658,
          "end": 84.798,
          "score": 0.759,
          "speaker": "SPEAKER_01"
        },
        {
          "word": "required",
          "start": 84.858,
          "end": 85.339,
          "score": 0.921,
          "speaker": "SPEAKER_01"
        },
        {
          "word": "heart",
          "start": 85.359,
          "end": 85.619,
          "score": 0.442,
          "speaker": "SPEAKER_01"
        },
        {
          "word": "surgery,",
          "start": 85.719,
          "end": 86.159,
          "score": 0.942,
          "speaker": "SPEAKER_01"
        },
        {
          "word": "I",
          "start": 86.219,
          "end": 86.279,
          "score": 0.511,
          "speaker": "SPEAKER_01"
        },
        {
          "word": "was",
          "start": 86.319,
          "end": 86.459,
          "score": 0.376,
          "speaker": "SPEAKER_01"
        },
        {
          "word": "pretty",
          "start": 86.6,
          "end": 86.86,
          "score": 0.96,
          "speaker": "SPEAKER_01"
        },
        {
          "word": "taken",
          "start": 86.9,
          "end": 87.22,
          "score": 0.928,
          "speaker": "SPEAKER_01"
        },
        {
          "word": "aback.",
          "start": 87.26,
          "end": 87.82,
          "score": 0.909,
          "speaker": "SPEAKER_01"
        }
      ],
      "speaker": "SPEAKER_01"
    },
    {
      "start": 88.681,
      "end": 92.444,
      "text": "They just really weren't sure that Ava would even make it through the night.",
      "words": [
        {
          "word": "They",
          "start": 88.681,
          "end": 88.821,
          "score": 0.92,
          "speaker": "SPEAKER_01"
        },
        {
          "word": "just",
          "start": 88.861,
          "end": 89.041,
          "score": 0.89,
          "speaker": "SPEAKER_01"
        },
        {
          "word": "really",
          "start": 89.081,
          "end": 89.302,
          "score": 0.838,
          "speaker": "SPEAKER_01"
        },
        {
          "word": "weren't",
          "start": 89.342,
          "end": 89.522,
          "score": 0.924,
          "speaker": "SPEAKER_01"
        },
        {
          "word": "sure",
          "start": 89.582,
          "end": 89.762,
          "score": 0.872,
          "speaker": "SPEAKER_01"
        },
        {
          "word": "that",
          "start": 89.822,
          "end": 89.962,
          "score": 0.782,
          "speaker": "SPEAKER_01"
        },
        {
          "word": "Ava",
          "start": 90.422,
          "end": 90.642,
          "score": 0.835,
          "speaker": "SPEAKER_01"
        },
        {
          "word": "would",
          "start": 90.662,
          "end": 90.823,
          "score": 0.872,
          "speaker": "SPEAKER_01"
        },
        {
          "word": "even",
          "start": 90.883,
          "end": 91.083,
          "score": 0.801,
          "speaker": "SPEAKER_01"
        },
        {
          "word": "make",
          "start": 91.423,
          "end": 91.623,
          "score": 0.822,
          "speaker": "SPEAKER_01"
        },
        {
          "word": "it",
          "start": 91.663,
          "end": 91.723,
          "score": 0.748,
          "speaker": "SPEAKER_01"
        },
        {
          "word": "through",
          "start": 91.783,
          "end": 91.983,
          "score": 0.831,
          "speaker": "SPEAKER_01"
        },
        {
          "word": "the",
          "start": 92.023,
          "end": 92.104,
          "score": 0.878,
          "speaker": "SPEAKER_01"
        },
        {
          "word": "night.",
          "start": 92.164,
          "end": 92.444,
          "score": 0.737,
          "speaker": "SPEAKER_01"
        }
      ],
      "speaker": "SPEAKER_01"
    },
    {
      "start": 93.825,
      "end": 98.808,
      "text": "What Subaru did with CNN Heroes really allowed us to change our game.",
      "words": [
        {
          "word": "What",
          "start": 93.825,
          "end": 93.965,
          "score": 0.942,
          "speaker": "SPEAKER_01"
        },
        {
          "word": "Subaru",
          "start": 94.065,
          "end": 94.545,
          "score": 0.707,
          "speaker": "SPEAKER_00"
        },
        {
          "word": "did",
          "start": 94.585,
          "end": 94.866,
          "score": 0.742,
          "speaker": "SPEAKER_00"
        },
        {
          "word": "with",
          "start": 94.946,
          "end": 95.106,
          "score": 0.5,
          "speaker": "SPEAKER_00"
        },
        {
          "word": "CNN",
          "start": 95.146,
          "end": 95.386,
          "score": 0.691,
          "speaker": "SPEAKER_00"
        },
        {
          "word": "Heroes",
          "start": 95.586,
          "end": 96.146,
          "score": 0.779,
          "speaker": "SPEAKER_00"
        },
        {
          "word": "really",
          "start": 96.787,
          "end": 97.067,
          "score": 0.716,
          "speaker": "SPEAKER_00"
        },
        {
          "word": "allowed",
          "start": 97.127,
          "end": 97.467,
          "score": 0.912,
          "speaker": "SPEAKER_00"
        },
        {
          "word": "us",
          "start": 97.668,
          "end": 97.788,
          "score": 0.658,
          "speaker": "SPEAKER_00"
        },
        {
          "word": "to",
          "start": 97.848,
          "end": 97.928,
          "score": 0.998,
          "speaker": "SPEAKER_00"
        },
        {
          "word": "change",
          "start": 98.008,
          "end": 98.248,
          "score": 0.905,
          "speaker": "SPEAKER_00"
        },
        {
          "word": "our",
          "start": 98.308,
          "end": 98.408,
          "score": 0.905,
          "speaker": "SPEAKER_00"
        },
        {
          "word": "game.",
          "start": 98.468,
          "end": 98.808,
          "score": 0.865,
          "speaker": "SPEAKER_00"
        }
      ],
      "speaker": "SPEAKER_00"
    },
    {
      "start": 100.009,
      "end": 105.133,
      "text": "Because we had our own vet, we could see what was going on and save that dog's life.",
      "words": [
        {
          "word": "Because",
          "start": 100.009,
          "end": 100.329,
          "score": 0.789,
          "speaker": "SPEAKER_00"
        },
        {
          "word": "we",
          "start": 100.349,
          "end": 100.47,
          "score": 0.732,
          "speaker": "SPEAKER_00"
        },
        {
          "word": "had",
          "start": 100.51,
          "end": 100.69,
          "score": 0.787,
          "speaker": "SPEAKER_00"
        },
        {
          "word": "our",
          "start": 100.89,
          "end": 101.01,
          "score": 0.75,
          "speaker": "SPEAKER_00"
        },
        {
          "word": "own",
          "start": 101.11,
          "end": 101.25,
          "score": 0.948,
          "speaker": "SPEAKER_00"
        },
        {
          "word": "vet,",
          "start": 101.31,
          "end": 101.61,
          "score": 0.837,
          "speaker": "SPEAKER_00"
        },
        {
          "word": "we",
          "start": 101.871,
          "end": 101.991,
          "score": 0.995,
          "speaker": "SPEAKER_00"
        },
        {
          "word": "could",
          "start": 102.031,
          "end": 102.211,
          "score": 0.901,
          "speaker": "SPEAKER_00"
        },
        {
          "word": "see",
          "start": 102.271,
          "end": 102.611,
          "score": 0.752,
          "speaker": "SPEAKER_00"
        },
        {
          "word": "what",
          "start": 102.751,
          "end": 102.911,
          "score": 0.712,
          "speaker": "SPEAKER_00"
        },
        {
          "word": "was",
          "start": 102.931,
          "end": 103.071,
          "score": 0.689,
          "speaker": "SPEAKER_00"
        },
        {
          "word": "going",
          "start": 103.111,
          "end": 103.372,
          "score": 0.88,
          "speaker": "SPEAKER_00"
        },
        {
          "word": "on",
          "start": 103.612,
          "end": 103.752,
          "score": 0.457,
          "speaker": "SPEAKER_00"
        },
        {
          "word": "and",
          "start": 103.972,
          "end": 104.072,
          "score": 0.743,
          "speaker": "SPEAKER_00"
        },
        {
          "word": "save",
          "start": 104.152,
          "end": 104.372,
          "score": 0.87,
          "speaker": "SPEAKER_00"
        },
        {
          "word": "that",
          "start": 104.392,
          "end": 104.512,
          "score": 0.883,
          "speaker": "SPEAKER_00"
        },
        {
          "word": "dog's",
          "start": 104.552,
          "end": 104.833,
          "score": 0.812,
          "speaker": "SPEAKER_00"
        },
        {
          "word": "life.",
          "start": 104.893,
          "end": 105.133,
          "score": 0.996,
          "speaker": "SPEAKER_00"
        }
      ],
      "speaker": "SPEAKER_00"
    },
    {
      "start": 107.176,
      "end": 110.806,
      "text": " If I don't feel needed, then I don't feel loved.",
      "words": [
        {
          "word": "If",
          "start": 107.176,
          "end": 107.216,
          "score": 0.33,
          "speaker": "SPEAKER_00"
        },
        {
          "word": "I",
          "start": 107.276,
          "end": 107.316,
          "score": 0.712,
          "speaker": "SPEAKER_00"
        },
        {
          "word": "don't",
          "start": 107.356,
          "end": 107.517,
          "score": 0.849,
          "speaker": "SPEAKER_00"
        },
        {
          "word": "feel",
          "start": 107.617,
          "end": 107.858,
          "score": 0.909,
          "speaker": "SPEAKER_00"
        },
        {
          "word": "needed,",
          "start": 107.978,
          "end": 108.439,
          "score": 0.9,
          "speaker": "SPEAKER_01"
        },
        {
          "word": "then",
          "start": 108.459,
          "end": 108.961,
          "score": 0.586,
          "speaker": "SPEAKER_01"
        },
        {
          "word": "I",
          "start": 109.101,
          "end": 109.181,
          "score": 0.554,
          "speaker": "SPEAKER_01"
        },
        {
          "word": "don't",
          "start": 109.522,
          "end": 109.763,
          "score": 0.742,
          "speaker": "SPEAKER_01"
        },
        {
          "word": "feel",
          "start": 109.923,
          "end": 110.284,
          "score": 0.59,
          "speaker": "SPEAKER_01"
        },
        {
          "word": "loved.",
          "start": 110.405,
          "end": 110.806,
          "score": 0.882,
          "speaker": "SPEAKER_01"
        }
      ],
      "speaker": "SPEAKER_01"
    },
    {
      "start": 111.628,
      "end": 112.63,
      "text": "But Ava needs me.",
      "words": [
        {
          "word": "But",
          "start": 111.628,
          "end": 111.808,
          "score": 0.685,
          "speaker": "SPEAKER_01"
        },
        {
          "word": "Ava",
          "start": 111.929,
          "end": 112.129,
          "score": 0.839,
          "speaker": "SPEAKER_01"
        },
        {
          "word": "needs",
          "start": 112.149,
          "end": 112.41,
          "score": 0.94,
          "speaker": "SPEAKER_01"
        },
        {
          "word": "me.",
          "start": 112.47,
          "end": 112.63,
          "score": 0.87,
          "speaker": "SPEAKER_01"
        }
      ],
      "speaker": "SPEAKER_01"
    },
    {
      "start": 112.65,
      "end": 113.914,
      "text": "I need her.",
      "words": [
        {
          "word": "I",
          "start": 112.65,
          "end": 112.671,
          "score": 0.0,
          "speaker": "SPEAKER_01"
        },
        {
          "word": "need",
          "start": 113.392,
          "end": 113.613,
          "score": 0.935,
          "speaker": "SPEAKER_01"
        },
        {
          "word": "her.",
          "start": 113.673,
          "end": 113.914,
          "score": 0.802,
          "speaker": "SPEAKER_01"
        }
      ],
      "speaker": "SPEAKER_01"
    },
    {
      "start": 114.275,
      "end": 115.598,
      "text": "So therefore, love exists.",
      "words": [
        {
          "word": "So",
          "start": 114.275,
          "end": 114.435,
          "score": 0.991,
          "speaker": "SPEAKER_01"
        },
        {
          "word": "therefore,",
          "start": 114.475,
          "end": 114.876,
          "score": 0.86,
          "speaker": "SPEAKER_01"
        },
        {
          "word": "love",
          "start": 114.916,
          "end": 115.077,
          "score": 0.998,
          "speaker": "SPEAKER_01"
        },
        {
          "word": "exists.",
          "start": 115.137,
          "end": 115.598,
          "score": 0.928,
          "speaker": "SPEAKER_01"
        }
      ],
      "speaker": "SPEAKER_01"
    }
  ],
  "word_segments": [
    {
      "word": "There's",
      "start": 2.622,
      "end": 2.902,
      "score": 0.714,
      "speaker": "SPEAKER_00"
    },
    {
      "word": "an",
      "start": 2.922,
      "end": 2.982,
      "score": 0.728,
      "speaker": "SPEAKER_00"
    },
    {
      "word": "old",
      "start": 3.102,
      "end": 3.243,
      "score": 0.865,
      "speaker": "SPEAKER_00"
    },
    {
      "word": "soul",
      "start": 3.383,
      "end": 3.743,
      "score": 0.838,
      "speaker": "SPEAKER_00"
    },
    {
      "word": "in",
      "start": 3.843,
      "end": 3.903,
      "score": 0.907,
      "speaker": "SPEAKER_00"
    },
    {
      "word": "these",
      "start": 3.943,
      "end": 4.163,
      "score": 0.664,
      "speaker": "SPEAKER_00"
    },
    {
      "word": "dogs,",
      "start": 4.183,
      "end": 4.604,
      "score": 0.871,
      "speaker": "SPEAKER_00"
    },
    {
      "word": "and",
      "start": 5.464,
      "end": 5.665,
      "score": 0.487,
      "speaker": "SPEAKER_00"
    },
    {
      "word": "they",
      "start": 5.845,
      "end": 6.145,
      "score": 0.854,
      "speaker": "SPEAKER_00"
    },
    {
      "word": "appreciate",
      "start": 6.285,
      "end": 7.226,
      "score": 0.847,
      "speaker": "SPEAKER_00"
    },
    {
      "word": "you",
      "start": 7.606,
      "end": 7.927,
      "score": 0.848,
      "speaker": "SPEAKER_00"
    },
    {
      "word": "in",
      "start": 8.047,
      "end": 8.147,
      "score": 0.852,
      "speaker": "SPEAKER_00"
    },
    {
      "word": "a",
      "start": 8.167,
      "end": 8.187,
      "score": 0.986,
      "speaker": "SPEAKER_00"
    },
    {
      "word": "way",
      "start": 8.267,
      "end": 8.607,
      "score": 0.72,
      "speaker": "SPEAKER_00"
    },
    {
      "word": "that",
      "start": 8.707,
      "end": 8.907,
      "score": 0.966,
      "speaker": "SPEAKER_00"
    },
    {
      "word": "a",
      "start": 9.128,
      "end": 9.168,
      "score": 0.967,
      "speaker": "SPEAKER_00"
    },
    {
      "word": "puppy",
      "start": 9.248,
      "end": 9.548,
      "score": 0.978,
      "speaker": "SPEAKER_00"
    },
    {
      "word": "can't.",
      "start": 9.588,
      "end": 9.988,
      "score": 0.751,
      "speaker": "SPEAKER_00"
    },
    {
      "word": "Muttville",
      "start": 16.934,
      "end": 17.335,
      "score": 0.648,
      "speaker": "SPEAKER_00"
    },
    {
      "word": "is",
      "start": 17.375,
      "end": 17.455,
      "score": 0.691,
      "speaker": "SPEAKER_00"
    },
    {
      "word": "a",
      "start": 17.515,
      "end": 17.555,
      "score": 0.484,
      "speaker": "SPEAKER_00"
    },
    {
      "word": "senior",
      "start": 17.635,
      "end": 18.015,
      "score": 0.78,
      "speaker": "SPEAKER_00"
    },
    {
      "word": "dog",
      "start": 18.035,
      "end": 18.255,
      "score": 0.83,
      "speaker": "SPEAKER_00"
    },
    {
      "word": "rescue.",
      "start": 18.295,
      "end": 18.796,
      "score": 0.553,
      "speaker": "SPEAKER_00"
    },
    {
      "word": "We",
      "start": 19.156,
      "end": 19.396,
      "score": 0.917,
      "speaker": "SPEAKER_00"
    },
    {
      "word": "save",
      "start": 19.537,
      "end": 19.937,
      "score": 0.874,
      "speaker": "SPEAKER_00"
    },
    {
      "word": "senior",
      "start": 20.177,
      "end": 20.517,
      "score": 0.833,
      "speaker": "SPEAKER_00"
    },
    {
      "word": "dogs",
      "start": 20.537,
      "end": 20.918,
      "score": 0.942,
      "speaker": "SPEAKER_00"
    },
    {
      "word": "and",
      "start": 21.038,
      "end": 21.138,
      "score": 0.909,
      "speaker": "SPEAKER_00"
    },
    {
      "word": "find",
      "start": 21.258,
      "end": 21.538,
      "score": 0.887,
      "speaker": "SPEAKER_00"
    },
    {
      "word": "them",
      "start": 21.578,
      "end": 21.758,
      "score": 0.83,
      "speaker": "SPEAKER_00"
    },
    {
      "word": "fabulous",
      "start": 21.899,
      "end": 22.459,
      "score": 0.846,
      "speaker": "SPEAKER_00"
    },
    {
      "word": "new",
      "start": 22.519,
      "end": 22.659,
      "score": 0.905,
      "speaker": "SPEAKER_00"
    },
    {
      "word": "homes.",
      "start": 22.699,
      "end": 23.08,
      "score": 0.715,
      "speaker": "SPEAKER_00"
    },
    {
      "word": "We",
      "start": 23.52,
      "end": 23.66,
      "score": 0.932,
      "speaker": "SPEAKER_00"
    },
    {
      "word": "get",
      "start": 23.68,
      "end": 23.82,
      "score": 0.751,
      "speaker": "SPEAKER_00"
    },
    {
      "word": "dogs",
      "start": 23.86,
      "end": 24.12,
      "score": 0.759,
      "speaker": "SPEAKER_00"
    },
    {
      "word": "in",
      "start": 24.16,
      "end": 24.241,
      "score": 0.676,
      "speaker": "SPEAKER_00"
    },
    {
      "word": "all",
      "start": 24.361,
      "end": 24.501,
      "score": 0.845,
      "speaker": "SPEAKER_00"
    },
    {
      "word": "sorts",
      "start": 24.541,
      "end": 24.761,
      "score": 0.78,
      "speaker": "SPEAKER_00"
    },
    {
      "word": "of",
      "start": 24.801,
      "end": 24.841,
      "score": 0.992,
      "speaker": "SPEAKER_00"
    },
    {
      "word": "conditions,",
      "start": 24.881,
      "end": 25.442,
      "score": 0.888,
      "speaker": "SPEAKER_00"
    },
    {
      "word": "and",
      "start": 26.282,
      "end": 26.462,
      "score": 0.641,
      "speaker": "SPEAKER_00"
    },
    {
      "word": "because",
      "start": 26.663,
      "end": 26.943,
      "score": 0.928,
      "speaker": "SPEAKER_00"
    },
    {
      "word": "they're",
      "start": 26.963,
      "end": 27.163,
      "score": 0.752,
      "speaker": "SPEAKER_00"
    },
    {
      "word": "old,",
      "start": 27.263,
      "end": 27.403,
      "score": 0.749,
      "speaker": "SPEAKER_00"
    },
    {
      "word": "they",
      "start": 27.443,
      "end": 27.563,
      "score": 0.846,
      "speaker": "SPEAKER_00"
    },
    {
      "word": "even",
      "start": 27.603,
      "end": 27.764,
      "score": 0.844,
      "speaker": "SPEAKER_00"
    },
    {
      "word": "have",
      "start": 27.804,
      "end": 28.064,
      "score": 0.728,
      "speaker": "SPEAKER_00"
    },
    {
      "word": "more",
      "start": 28.164,
      "end": 28.324,
      "score": 0.988,
      "speaker": "SPEAKER_00"
    },
    {
      "word": "issues.",
      "start": 28.444,
      "end": 28.865,
      "score": 0.927,
      "speaker": "SPEAKER_00"
    },
    {
      "word": "with",
      "start": 29.755,
      "end": 29.895,
      "score": 0.844,
      "speaker": "SPEAKER_00"
    },
    {
      "word": "the",
      "start": 29.915,
      "end": 29.975,
      "score": 0.65,
      "speaker": "SPEAKER_00"
    },
    {
      "word": "matching",
      "start": 30.035,
      "end": 30.515,
      "score": 0.862,
      "speaker": "SPEAKER_00"
    },
    {
      "word": "funds",
      "start": 30.615,
      "end": 30.995,
      "score": 0.8,
      "speaker": "SPEAKER_00"
    },
    {
      "word": "we",
      "start": 31.075,
      "end": 31.216,
      "score": 0.878,
      "speaker": "SPEAKER_00"
    },
    {
      "word": "got",
      "start": 31.256,
      "end": 31.436,
      "score": 0.858,
      "speaker": "SPEAKER_00"
    },
    {
      "word": "from",
      "start": 31.456,
      "end": 31.576,
      "score": 0.912,
      "speaker": "SPEAKER_00"
    },
    {
      "word": "the",
      "start": 31.596,
      "end": 31.656,
      "score": 0.771,
      "speaker": "SPEAKER_00"
    },
    {
      "word": "Subaru",
      "start": 31.716,
      "end": 32.156,
      "score": 0.694,
      "speaker": "SPEAKER_00"
    },
    {
      "word": "grant.",
      "start": 32.196,
      "end": 32.616,
      "score": 0.869,
      "speaker": "SPEAKER_00"
    },
    {
      "word": "We",
      "start": 33.036,
      "end": 33.136,
      "score": 0.809,
      "speaker": "SPEAKER_00"
    },
    {
      "word": "got",
      "start": 33.156,
      "end": 33.316,
      "score": 0.82,
      "speaker": "SPEAKER_00"
    },
    {
      "word": "to",
      "start": 33.336,
      "end": 33.396,
      "score": 0.85,
      "speaker": "SPEAKER_00"
    },
    {
      "word": "set",
      "start": 33.456,
      "end": 33.676,
      "score": 0.93,
      "speaker": "SPEAKER_00"
    },
    {
      "word": "up",
      "start": 33.796,
      "end": 33.876,
      "score": 0.992,
      "speaker": "SPEAKER_00"
    },
    {
      "word": "our",
      "start": 34.157,
      "end": 34.257,
      "score": 0.805,
      "speaker": "SPEAKER_00"
    },
    {
      "word": "own",
      "start": 34.337,
      "end": 34.477,
      "score": 0.834,
      "speaker": "SPEAKER_00"
    },
    {
      "word": "veterinarian",
      "start": 34.577,
      "end": 35.397,
      "score": 0.832,
      "speaker": "SPEAKER_00"
    },
    {
      "word": "team",
      "start": 35.457,
      "end": 35.837,
      "score": 0.795,
      "speaker": "SPEAKER_00"
    },
    {
      "word": "because",
      "start": 36.057,
      "end": 36.377,
      "score": 0.794,
      "speaker": "SPEAKER_00"
    },
    {
      "word": "we",
      "start": 36.437,
      "end": 36.557,
      "score": 0.783,
      "speaker": "SPEAKER_00"
    },
    {
      "word": "don't",
      "start": 36.597,
      "end": 36.797,
      "score": 0.676,
      "speaker": "SPEAKER_00"
    },
    {
      "word": "want",
      "start": 36.877,
      "end": 37.118,
      "score": 0.803,
      "speaker": "SPEAKER_00"
    },
    {
      "word": "to",
      "start": 37.158,
      "end": 37.238,
      "score": 0.826,
      "speaker": "SPEAKER_00"
    },
    {
      "word": "see",
      "start": 37.298,
      "end": 37.498,
      "score": 0.891,
      "speaker": "SPEAKER_00"
    },
    {
      "word": "any",
      "start": 37.718,
      "end": 37.858,
      "score": 0.788,
      "speaker": "SPEAKER_00"
    },
    {
      "word": "dog",
      "start": 37.918,
      "end": 38.278,
      "score": 0.963,
      "speaker": "SPEAKER_00"
    },
    {
      "word": "suffer",
      "start": 38.398,
      "end": 38.758,
      "score": 0.916,
      "speaker": "SPEAKER_00"
    },
    {
      "word": "once",
      "start": 38.938,
      "end": 39.078,
      "score": 0.839,
      "speaker": "SPEAKER_00"
    },
    {
      "word": "it",
      "start": 39.138,
      "end": 39.238,
      "score": 0.566,
      "speaker": "SPEAKER_00"
    },
    {
      "word": "steps",
      "start": 39.278,
      "end": 39.538,
      "score": 0.966,
      "speaker": "SPEAKER_00"
    },
    {
      "word": "through",
      "start": 39.578,
      "end": 39.818,
      "score": 0.76,
      "speaker": "SPEAKER_00"
    },
    {
      "word": "our",
      "start": 39.858,
      "end": 39.959,
      "score": 0.852,
      "speaker": "SPEAKER_00"
    },
    {
      "word": "doors.",
      "start": 40.019,
      "end": 40.359,
      "score": 0.839,
      "speaker": "SPEAKER_00"
    },
    {
      "word": "I'm",
      "start": 40.379,
      "end": 41.859,
      "score": 0.644,
      "speaker": "SPEAKER_00"
    },
    {
      "word": "not",
      "start": 41.879,
      "end": 42.039,
      "score": 0.998,
      "speaker": "SPEAKER_01"
    },
    {
      "word": "sure",
      "start": 42.099,
      "end": 42.279,
      "score": 0.785,
      "speaker": "SPEAKER_01"
    },
    {
      "word": "that",
      "start": 42.299,
      "end": 42.419,
      "score": 0.815,
      "speaker": "SPEAKER_01"
    },
    {
      "word": "Ava",
      "start": 42.599,
      "end": 42.819,
      "score": 0.714,
      "speaker": "SPEAKER_01"
    },
    {
      "word": "rescued",
      "start": 42.88,
      "end": 43.26,
      "score": 0.857,
      "speaker": "SPEAKER_01"
    },
    {
      "word": "me",
      "start": 43.32,
      "end": 43.46,
      "score": 0.992,
      "speaker": "SPEAKER_01"
    },
    {
      "word": "or",
      "start": 43.54,
      "end": 43.64,
      "score": 0.79,
      "speaker": "SPEAKER_01"
    },
    {
      "word": "I",
      "start": 43.74,
      "end": 43.84,
      "score": 0.794,
      "speaker": "SPEAKER_01"
    },
    {
      "word": "rescued",
      "start": 43.9,
      "end": 44.32,
      "score": 0.929,
      "speaker": "SPEAKER_01"
    },
    {
      "word": "her.",
      "start": 44.38,
      "end": 44.66,
      "score": 0.728,
      "speaker": "SPEAKER_01"
    },
    {
      "word": "My",
      "start": 45.961,
      "end": 46.081,
      "score": 0.915,
      "speaker": "SPEAKER_01"
    },
    {
      "word": "oldest",
      "start": 46.181,
      "end": 46.441,
      "score": 0.636,
      "speaker": "SPEAKER_01"
    },
    {
      "word": "granddaughter",
      "start": 46.461,
      "end": 46.921,
      "score": 0.876,
      "speaker": "SPEAKER_01"
    },
    {
      "word": "is",
      "start": 47.001,
      "end": 47.081,
      "score": 0.71,
      "speaker": "SPEAKER_01"
    },
    {
      "word": "now",
      "start": 47.161,
      "end": 47.321,
      "score": 0.949,
      "speaker": "SPEAKER_01"
    },
    {
      "word": "12"
    },
    {
      "word": "and",
      "start": 48.221,
      "end": 48.321,
      "score": 0.955,
      "speaker": "SPEAKER_01"
    },
    {
      "word": "the",
      "start": 48.361,
      "end": 48.461,
      "score": 0.816,
      "speaker": "SPEAKER_01"
    },
    {
      "word": "younger",
      "start": 48.501,
      "end": 48.762,
      "score": 0.821,
      "speaker": "SPEAKER_01"
    },
    {
      "word": "one",
      "start": 48.882,
      "end": 48.982,
      "score": 0.889,
      "speaker": "SPEAKER_01"
    },
    {
      "word": "is",
      "start": 49.062,
      "end": 49.222,
      "score": 0.703,
      "speaker": "SPEAKER_01"
    },
    {
      "word": "nine.",
      "start": 49.282,
      "end": 49.602,
      "score": 0.575,
      "speaker": "SPEAKER_01"
    },
    {
      "word": "I",
      "start": 50.703,
      "end": 50.783,
      "score": 0.723,
      "speaker": "SPEAKER_01"
    },
    {
      "word": "watched",
      "start": 50.823,
      "end": 51.123,
      "score": 0.915,
      "speaker": "SPEAKER_01"
    },
    {
      "word": "them",
      "start": 51.143,
      "end": 51.263,
      "score": 0.778,
      "speaker": "SPEAKER_01"
    },
    {
      "word": "initially",
      "start": 51.303,
      "end": 51.824,
      "score": 0.912,
      "speaker": "SPEAKER_01"
    },
    {
      "word": "twice",
      "start": 51.924,
      "end": 52.264,
      "score": 0.866,
      "speaker": "SPEAKER_01"
    },
    {
      "word": "a",
      "start": 52.324,
      "end": 52.364,
      "score": 0.976,
      "speaker": "SPEAKER_01"
    },
    {
      "word": "week",
      "start": 52.424,
      "end": 52.704,
      "score": 0.881,
      "speaker": "SPEAKER_01"
    },
    {
      "word": "and",
      "start": 53.024,
      "end": 53.164,
      "score": 0.757,
      "speaker": "SPEAKER_01"
    },
    {
      "word": "I",
      "start": 53.324,
      "end": 53.404,
      "score": 0.749,
      "speaker": "SPEAKER_01"
    },
    {
      "word": "loved",
      "start": 53.464,
      "end": 53.745,
      "score": 0.912,
      "speaker": "SPEAKER_01"
    },
    {
      "word": "that.",
      "start": 53.825,
      "end": 54.105,
      "score": 0.882,
      "speaker": "SPEAKER_01"
    },
    {
      "word": "As",
      "start": 54.805,
      "end": 54.925,
      "score": 0.76,
      "speaker": "SPEAKER_01"
    },
    {
      "word": "they",
      "start": 54.965,
      "end": 55.105,
      "score": 0.645,
      "speaker": "SPEAKER_01"
    },
    {
      "word": "were",
      "start": 55.125,
      "end": 55.265,
      "score": 0.84,
      "speaker": "SPEAKER_01"
    },
    {
      "word": "older",
      "start": 55.385,
      "end": 55.726,
      "score": 0.785,
      "speaker": "SPEAKER_01"
    },
    {
      "word": "and",
      "start": 55.866,
      "end": 56.006,
      "score": 0.784,
      "speaker": "SPEAKER_01"
    },
    {
      "word": "they",
      "start": 56.206,
      "end": 56.326,
      "score": 0.96,
      "speaker": "SPEAKER_01"
    },
    {
      "word": "have",
      "start": 56.366,
      "end": 56.566,
      "score": 0.82,
      "speaker": "SPEAKER_01"
    },
    {
      "word": "their",
      "start": 56.606,
      "end": 56.946,
      "score": 0.47,
      "speaker": "SPEAKER_01"
    },
    {
      "word": "various",
      "start": 57.066,
      "end": 57.486,
      "score": 0.931,
      "speaker": "SPEAKER_01"
    },
    {
      "word": "activities",
      "start": 57.627,
      "end": 58.367,
      "score": 0.894,
      "speaker": "SPEAKER_01"
    },
    {
      "word": "and",
      "start": 58.447,
      "end": 58.527,
      "score": 0.918,
      "speaker": "SPEAKER_01"
    },
    {
      "word": "friends,",
      "start": 58.607,
      "end": 59.067,
      "score": 0.804,
      "speaker": "SPEAKER_01"
    },
    {
      "word": "I",
      "start": 59.467,
      "end": 59.507,
      "score": 0.811,
      "speaker": "SPEAKER_01"
    },
    {
      "word": "don't",
      "start": 59.547,
      "end": 59.708,
      "score": 0.871,
      "speaker": "SPEAKER_01"
    },
    {
      "word": "babysit",
      "start": 59.748,
      "end": 60.228,
      "score": 0.768,
      "speaker": "SPEAKER_01"
    },
    {
      "word": "as",
      "start": 60.288,
      "end": 60.388,
      "score": 0.809,
      "speaker": "SPEAKER_01"
    },
    {
      "word": "much.",
      "start": 60.468,
      "end": 60.708,
      "score": 0.843,
      "speaker": "SPEAKER_01"
    },
    {
      "word": "I",
      "start": 61.548,
      "end": 61.629,
      "score": 0.745,
      "speaker": "SPEAKER_01"
    },
    {
      "word": "miss",
      "start": 61.649,
      "end": 61.849,
      "score": 0.857,
      "speaker": "SPEAKER_01"
    },
    {
      "word": "them",
      "start": 61.869,
      "end": 62.009,
      "score": 0.824,
      "speaker": "SPEAKER_01"
    },
    {
      "word": "already.",
      "start": 62.049,
      "end": 62.449,
      "score": 0.854,
      "speaker": "SPEAKER_01"
    },
    {
      "word": "It's",
      "start": 62.889,
      "end": 63.049,
      "score": 0.809,
      "speaker": "SPEAKER_01"
    },
    {
      "word": "very",
      "start": 63.149,
      "end": 63.429,
      "score": 0.744,
      "speaker": "SPEAKER_01"
    },
    {
      "word": "important",
      "start": 63.489,
      "end": 63.99,
      "score": 0.916,
      "speaker": "SPEAKER_01"
    },
    {
      "word": "for",
      "start": 64.05,
      "end": 64.17,
      "score": 0.872,
      "speaker": "SPEAKER_01"
    },
    {
      "word": "me",
      "start": 64.21,
      "end": 64.31,
      "score": 0.657,
      "speaker": "SPEAKER_01"
    },
    {
      "word": "to",
      "start": 64.35,
      "end": 64.41,
      "score": 0.748,
      "speaker": "SPEAKER_01"
    },
    {
      "word": "have",
      "start": 64.45,
      "end": 64.57,
      "score": 0.86,
      "speaker": "SPEAKER_01"
    },
    {
      "word": "somebody",
      "start": 64.61,
      "end": 64.91,
      "score": 0.904,
      "speaker": "SPEAKER_01"
    },
    {
      "word": "to",
      "start": 64.95,
      "end": 65.05,
      "score": 0.41,
      "speaker": "SPEAKER_01"
    },
    {
      "word": "take",
      "start": 65.11,
      "end": 65.31,
      "score": 0.846,
      "speaker": "SPEAKER_01"
    },
    {
      "word": "care",
      "start": 65.35,
      "end": 65.591,
      "score": 0.769,
      "speaker": "SPEAKER_01"
    },
    {
      "word": "of.",
      "start": 65.691,
      "end": 65.771,
      "score": 0.732,
      "speaker": "SPEAKER_01"
    },
    {
      "word": "It's",
      "start": 66.511,
      "end": 66.611,
      "score": 0.873,
      "speaker": "SPEAKER_01"
    },
    {
      "word": "just",
      "start": 66.651,
      "end": 66.831,
      "score": 0.951,
      "speaker": "SPEAKER_01"
    },
    {
      "word": "my",
      "start": 66.871,
      "end": 67.011,
      "score": 0.718,
      "speaker": "SPEAKER_01"
    },
    {
      "word": "nature.",
      "start": 67.051,
      "end": 67.371,
      "score": 0.914,
      "speaker": "SPEAKER_01"
    },
    {
      "word": "I",
      "start": 67.652,
      "end": 67.712,
      "score": 0.798,
      "speaker": "SPEAKER_01"
    },
    {
      "word": "need",
      "start": 67.772,
      "end": 67.992,
      "score": 0.929,
      "speaker": "SPEAKER_01"
    },
    {
      "word": "to",
      "start": 68.032,
      "end": 68.152,
      "score": 0.726,
      "speaker": "SPEAKER_01"
    },
    {
      "word": "have",
      "start": 68.232,
      "end": 68.512,
      "score": 0.906,
      "speaker": "SPEAKER_01"
    },
    {
      "word": "that.",
      "start": 68.592,
      "end": 68.772,
      "score": 0.66,
      "speaker": "SPEAKER_01"
    },
    {
      "word": "So",
      "start": 69.432,
      "end": 69.733,
      "score": 0.882,
      "speaker": "SPEAKER_01"
    },
    {
      "word": "one",
      "start": 70.013,
      "end": 70.133,
      "score": 0.965,
      "speaker": "SPEAKER_01"
    },
    {
      "word": "night",
      "start": 70.193,
      "end": 70.493,
      "score": 0.784,
      "speaker": "SPEAKER_01"
    },
    {
      "word": "I",
      "start": 70.693,
      "end": 70.753,
      "score": 0.692,
      "speaker": "SPEAKER_01"
    },
    {
      "word": "was",
      "start": 70.813,
      "end": 71.073,
      "score": 0.796,
      "speaker": "SPEAKER_01"
    },
    {
      "word": "looking",
      "start": 71.233,
      "end": 71.534,
      "score": 0.842,
      "speaker": "SPEAKER_01"
    },
    {
      "word": "through",
      "start": 71.594,
      "end": 71.854,
      "score": 0.745,
      "speaker": "SPEAKER_01"
    },
    {
      "word": "all",
      "start": 71.994,
      "end": 72.134,
      "score": 0.816,
      "speaker": "SPEAKER_01"
    },
    {
      "word": "the",
      "start": 72.174,
      "end": 72.234,
      "score": 0.997,
      "speaker": "SPEAKER_01"
    },
    {
      "word": "senior",
      "start": 72.294,
      "end": 72.614,
      "score": 0.899,
      "speaker": "SPEAKER_01"
    },
    {
      "word": "dogs",
      "start": 72.654,
      "end": 72.934,
      "score": 0.879,
      "speaker": "SPEAKER_01"
    },
    {
      "word": "that",
      "start": 72.954,
      "end": 73.054,
      "score": 0.88,
      "speaker": "SPEAKER_01"
    },
    {
      "word": "were",
      "start": 73.074,
      "end": 73.174,
      "score": 0.873,
      "speaker": "SPEAKER_01"
    },
    {
      "word": "available",
      "start": 73.214,
      "end": 73.815,
      "score": 0.808,
      "speaker": "SPEAKER_01"
    },
    {
      "word": "and",
      "start": 73.995,
      "end": 74.095,
      "score": 0.924,
      "speaker": "SPEAKER_01"
    },
    {
      "word": "I",
      "start": 74.175,
      "end": 74.255,
      "score": 0.564,
      "speaker": "SPEAKER_01"
    },
    {
      "word": "saw",
      "start": 74.375,
      "end": 74.615,
      "score": 0.934,
      "speaker": "SPEAKER_01"
    },
    {
      "word": "Ava",
      "start": 74.735,
      "end": 74.955,
      "score": 0.932,
      "speaker": "SPEAKER_01"
    },
    {
      "word": "and",
      "start": 74.975,
      "end": 75.035,
      "score": 0.562,
      "speaker": "SPEAKER_01"
    },
    {
      "word": "I",
      "start": 75.055,
      "end": 75.115,
      "score": 0.778,
      "speaker": "SPEAKER_01"
    },
    {
      "word": "thought,",
      "start": 75.135,
      "end": 75.275,
      "score": 0.091,
      "speaker": "SPEAKER_01"
    },
    {
      "word": "oh",
      "start": 75.415,
      "end": 75.496,
      "score": 0.461,
      "speaker": "SPEAKER_01"
    },
    {
      "word": "my",
      "start": 75.516,
      "end": 75.616,
      "score": 0.82,
      "speaker": "SPEAKER_01"
    },
    {
      "word": "God,",
      "start": 75.636,
      "end": 75.836,
      "score": 0.761,
      "speaker": "SPEAKER_01"
    },
    {
      "word": "this",
      "start": 75.876,
      "end": 76.056,
      "score": 0.918,
      "speaker": "SPEAKER_01"
    },
    {
      "word": "is",
      "start": 76.076,
      "end": 76.256,
      "score": 0.788,
      "speaker": "SPEAKER_01"
    },
    {
      "word": "it.",
      "start": 76.276,
      "end": 76.336,
      "score": 0.593,
      "speaker": "SPEAKER_01"
    },
    {
      "word": "When",
      "start": 78.834,
      "end": 78.974,
      "score": 0.916,
      "speaker": "SPEAKER_01"
    },
    {
      "word": "I",
      "start": 79.034,
      "end": 79.114,
      "score": 0.753,
      "speaker": "SPEAKER_01"
    },
    {
      "word": "had",
      "start": 79.174,
      "end": 79.314,
      "score": 0.944,
      "speaker": "SPEAKER_01"
    },
    {
      "word": "read",
      "start": 79.474,
      "end": 79.795,
      "score": 0.828,
      "speaker": "SPEAKER_01"
    },
    {
      "word": "her",
      "start": 79.895,
      "end": 80.035,
      "score": 0.937,
      "speaker": "SPEAKER_01"
    },
    {
      "word": "bio,",
      "start": 80.055,
      "end": 80.575,
      "score": 0.94,
      "speaker": "SPEAKER_01"
    },
    {
      "word": "it",
      "start": 80.595,
      "end": 80.635,
      "score": 0.0,
      "speaker": "SPEAKER_01"
    },
    {
      "word": "said",
      "start": 80.755,
      "end": 80.895,
      "score": 0.784,
      "speaker": "SPEAKER_01"
    },
    {
      "word": "she",
      "start": 80.916,
      "end": 81.016,
      "score": 0.804,
      "speaker": "SPEAKER_01"
    },
    {
      "word": "had",
      "start": 81.056,
      "end": 81.136,
      "score": 0.881,
      "speaker": "SPEAKER_01"
    },
    {
      "word": "a",
      "start": 81.156,
      "end": 81.176,
      "score": 0.561,
      "speaker": "SPEAKER_01"
    },
    {
      "word": "heart",
      "start": 81.256,
      "end": 81.496,
      "score": 0.815,
      "speaker": "SPEAKER_01"
    },
    {
      "word": "murmur.",
      "start": 81.556,
      "end": 82.016,
      "score": 0.885,
      "speaker": "SPEAKER_01"
    },
    {
      "word": "But",
      "start": 82.657,
      "end": 82.777,
      "score": 0.849,
      "speaker": "SPEAKER_01"
    },
    {
      "word": "when",
      "start": 82.817,
      "end": 83.037,
      "score": 0.896,
      "speaker": "SPEAKER_01"
    },
    {
      "word": "Sherry",
      "start": 83.277,
      "end": 83.738,
      "score": 0.898,
      "speaker": "SPEAKER_01"
    },
    {
      "word": "told",
      "start": 83.978,
      "end": 84.258,
      "score": 0.754,
      "speaker": "SPEAKER_01"
    },
    {
      "word": "me",
      "start": 84.318,
      "end": 84.418,
      "score": 0.981,
      "speaker": "SPEAKER_01"
    },
    {
      "word": "that",
      "start": 84.478,
      "end": 84.598,
      "score": 0.883,
      "speaker": "SPEAKER_01"
    },
    {
      "word": "she",
      "start": 84.658,
      "end": 84.798,
      "score": 0.759,
      "speaker": "SPEAKER_01"
    },
    {
      "word": "required",
      "start": 84.858,
      "end": 85.339,
      "score": 0.921,
      "speaker": "SPEAKER_01"
    },
    {
      "word": "heart",
      "start": 85.359,
      "end": 85.619,
      "score": 0.442,
      "speaker": "SPEAKER_01"
    },
    {
      "word": "surgery,",
      "start": 85.719,
      "end": 86.159,
      "score": 0.942,
      "speaker": "SPEAKER_01"
    },
    {
      "word": "I",
      "start": 86.219,
      "end": 86.279,
      "score": 0.511,
      "speaker": "SPEAKER_01"
    },
    {
      "word": "was",
      "start": 86.319,
      "end": 86.459,
      "score": 0.376,
      "speaker": "SPEAKER_01"
    },
    {
      "word": "pretty",
      "start": 86.6,
      "end": 86.86,
      "score": 0.96,
      "speaker": "SPEAKER_01"
    },
    {
      "word": "taken",
      "start": 86.9,
      "end": 87.22,
      "score": 0.928,
      "speaker": "SPEAKER_01"
    },
    {
      "word": "aback.",
      "start": 87.26,
      "end": 87.82,
      "score": 0.909,
      "speaker": "SPEAKER_01"
    },
    {
      "word": "They",
      "start": 88.681,
      "end": 88.821,
      "score": 0.92,
      "speaker": "SPEAKER_01"
    },
    {
      "word": "just",
      "start": 88.861,
      "end": 89.041,
      "score": 0.89,
      "speaker": "SPEAKER_01"
    },
    {
      "word": "really",
      "start": 89.081,
      "end": 89.302,
      "score": 0.838,
      "speaker": "SPEAKER_01"
    },
    {
      "word": "weren't",
      "start": 89.342,
      "end": 89.522,
      "score": 0.924,
      "speaker": "SPEAKER_01"
    },
    {
      "word": "sure",
      "start": 89.582,
      "end": 89.762,
      "score": 0.872,
      "speaker": "SPEAKER_01"
    },
    {
      "word": "that",
      "start": 89.822,
      "end": 89.962,
      "score": 0.782,
      "speaker": "SPEAKER_01"
    },
    {
      "word": "Ava",
      "start": 90.422,
      "end": 90.642,
      "score": 0.835,
      "speaker": "SPEAKER_01"
    },
    {
      "word": "would",
      "start": 90.662,
      "end": 90.823,
      "score": 0.872,
      "speaker": "SPEAKER_01"
    },
    {
      "word": "even",
      "start": 90.883,
      "end": 91.083,
      "score": 0.801,
      "speaker": "SPEAKER_01"
    },
    {
      "word": "make",
      "start": 91.423,
      "end": 91.623,
      "score": 0.822,
      "speaker": "SPEAKER_01"
    },
    {
      "word": "it",
      "start": 91.663,
      "end": 91.723,
      "score": 0.748,
      "speaker": "SPEAKER_01"
    },
    {
      "word": "through",
      "start": 91.783,
      "end": 91.983,
      "score": 0.831,
      "speaker": "SPEAKER_01"
    },
    {
      "word": "the",
      "start": 92.023,
      "end": 92.104,
      "score": 0.878,
      "speaker": "SPEAKER_01"
    },
    {
      "word": "night.",
      "start": 92.164,
      "end": 92.444,
      "score": 0.737,
      "speaker": "SPEAKER_01"
    },
    {
      "word": "What",
      "start": 93.825,
      "end": 93.965,
      "score": 0.942,
      "speaker": "SPEAKER_01"
    },
    {
      "word": "Subaru",
      "start": 94.065,
      "end": 94.545,
      "score": 0.707,
      "speaker": "SPEAKER_00"
    },
    {
      "word": "did",
      "start": 94.585,
      "end": 94.866,
      "score": 0.742,
      "speaker": "SPEAKER_00"
    },
    {
      "word": "with",
      "start": 94.946,
      "end": 95.106,
      "score": 0.5,
      "speaker": "SPEAKER_00"
    },
    {
      "word": "CNN",
      "start": 95.146,
      "end": 95.386,
      "score": 0.691,
      "speaker": "SPEAKER_00"
    },
    {
      "word": "Heroes",
      "start": 95.586,
      "end": 96.146,
      "score": 0.779,
      "speaker": "SPEAKER_00"
    },
    {
      "word": "really",
      "start": 96.787,
      "end": 97.067,
      "score": 0.716,
      "speaker": "SPEAKER_00"
    },
    {
      "word": "allowed",
      "start": 97.127,
      "end": 97.467,
      "score": 0.912,
      "speaker": "SPEAKER_00"
    },
    {
      "word": "us",
      "start": 97.668,
      "end": 97.788,
      "score": 0.658,
      "speaker": "SPEAKER_00"
    },
    {
      "word": "to",
      "start": 97.848,
      "end": 97.928,
      "score": 0.998,
      "speaker": "SPEAKER_00"
    },
    {
      "word": "change",
      "start": 98.008,
      "end": 98.248,
      "score": 0.905,
      "speaker": "SPEAKER_00"
    },
    {
      "word": "our",
      "start": 98.308,
      "end": 98.408,
      "score": 0.905,
      "speaker": "SPEAKER_00"
    },
    {
      "word": "game.",
      "start": 98.468,
      "end": 98.808,
      "score": 0.865,
      "speaker": "SPEAKER_00"
    },
    {
      "word": "Because",
      "start": 100.009,
      "end": 100.329,
      "score": 0.789,
      "speaker": "SPEAKER_00"
    },
    {
      "word": "we",
      "start": 100.349,
      "end": 100.47,
      "score": 0.732,
      "speaker": "SPEAKER_00"
    },
    {
      "word": "had",
      "start": 100.51,
      "end": 100.69,
      "score": 0.787,
      "speaker": "SPEAKER_00"
    },
    {
      "word": "our",
      "start": 100.89,
      "end": 101.01,
      "score": 0.75,
      "speaker": "SPEAKER_00"
    },
    {
      "word": "own",
      "start": 101.11,
      "end": 101.25,
      "score": 0.948,
      "speaker": "SPEAKER_00"
    },
    {
      "word": "vet,",
      "start": 101.31,
      "end": 101.61,
      "score": 0.837,
      "speaker": "SPEAKER_00"
    },
    {
      "word": "we",
      "start": 101.871,
      "end": 101.991,
      "score": 0.995,
      "speaker": "SPEAKER_00"
    },
    {
      "word": "could",
      "start": 102.031,
      "end": 102.211,
      "score": 0.901,
      "speaker": "SPEAKER_00"
    },
    {
      "word": "see",
      "start": 102.271,
      "end": 102.611,
      "score": 0.752,
      "speaker": "SPEAKER_00"
    },
    {
      "word": "what",
      "start": 102.751,
      "end": 102.911,
      "score": 0.712,
      "speaker": "SPEAKER_00"
    },
    {
      "word": "was",
      "start": 102.931,
      "end": 103.071,
      "score": 0.689,
      "speaker": "SPEAKER_00"
    },
    {
      "word": "going",
      "start": 103.111,
      "end": 103.372,
      "score": 0.88,
      "speaker": "SPEAKER_00"
    },
    {
      "word": "on",
      "start": 103.612,
      "end": 103.752,
      "score": 0.457,
      "speaker": "SPEAKER_00"
    },
    {
      "word": "and",
      "start": 103.972,
      "end": 104.072,
      "score": 0.743,
      "speaker": "SPEAKER_00"
    },
    {
      "word": "save",
      "start": 104.152,
      "end": 104.372,
      "score": 0.87,
      "speaker": "SPEAKER_00"
    },
    {
      "word": "that",
      "start": 104.392,
      "end": 104.512,
      "score": 0.883,
      "speaker": "SPEAKER_00"
    },
    {
      "word": "dog's",
      "start": 104.552,
      "end": 104.833,
      "score": 0.812,
      "speaker": "SPEAKER_00"
    },
    {
      "word": "life.",
      "start": 104.893,
      "end": 105.133,
      "score": 0.996,
      "speaker": "SPEAKER_00"
    },
    {
      "word": "If",
      "start": 107.176,
      "end": 107.216,
      "score": 0.33,
      "speaker": "SPEAKER_00"
    },
    {
      "word": "I",
      "start": 107.276,
      "end": 107.316,
      "score": 0.712,
      "speaker": "SPEAKER_00"
    },
    {
      "word": "don't",
      "start": 107.356,
      "end": 107.517,
      "score": 0.849,
      "speaker": "SPEAKER_00"
    },
    {
      "word": "feel",
      "start": 107.617,
      "end": 107.858,
      "score": 0.909,
      "speaker": "SPEAKER_00"
    },
    {
      "word": "needed,",
      "start": 107.978,
      "end": 108.439,
      "score": 0.9,
      "speaker": "SPEAKER_01"
    },
    {
      "word": "then",
      "start": 108.459,
      "end": 108.961,
      "score": 0.586,
      "speaker": "SPEAKER_01"
    },
    {
      "word": "I",
      "start": 109.101,
      "end": 109.181,
      "score": 0.554,
      "speaker": "SPEAKER_01"
    },
    {
      "word": "don't",
      "start": 109.522,
      "end": 109.763,
      "score": 0.742,
      "speaker": "SPEAKER_01"
    },
    {
      "word": "feel",
      "start": 109.923,
      "end": 110.284,
      "score": 0.59,
      "speaker": "SPEAKER_01"
    },
    {
      "word": "loved.",
      "start": 110.405,
      "end": 110.806,
      "score": 0.882,
      "speaker": "SPEAKER_01"
    },
    {
      "word": "But",
      "start": 111.628,
      "end": 111.808,
      "score": 0.685,
      "speaker": "SPEAKER_01"
    },
    {
      "word": "Ava",
      "start": 111.929,
      "end": 112.129,
      "score": 0.839,
      "speaker": "SPEAKER_01"
    },
    {
      "word": "needs",
      "start": 112.149,
      "end": 112.41,
      "score": 0.94,
      "speaker": "SPEAKER_01"
    },
    {
      "word": "me.",
      "start": 112.47,
      "end": 112.63,
      "score": 0.87,
      "speaker": "SPEAKER_01"
    },
    {
      "word": "I",
      "start": 112.65,
      "end": 112.671,
      "score": 0.0,
      "speaker": "SPEAKER_01"
    },
    {
      "word": "need",
      "start": 113.392,
      "end": 113.613,
      "score": 0.935,
      "speaker": "SPEAKER_01"
    },
    {
      "word": "her.",
      "start": 113.673,
      "end": 113.914,
      "score": 0.802,
      "speaker": "SPEAKER_01"
    },
    {
      "word": "So",
      "start": 114.275,
      "end": 114.435,
      "score": 0.991,
      "speaker": "SPEAKER_01"
    },
    {
      "word": "therefore,",
      "start": 114.475,
      "end": 114.876,
      "score": 0.86,
      "speaker": "SPEAKER_01"
    },
    {
      "word": "love",
      "start": 114.916,
      "end": 115.077,
      "score": 0.998,
      "speaker": "SPEAKER_01"
    },
    {
      "word": "exists.",
      "start": 115.137,
      "end": 115.598,
      "score": 0.928,
      "speaker": "SPEAKER_01"
    }
  ],
  "language": "en"
}