{
  "segments": [
    {
      "start": 7.063,
      "end": 13.488,
      "text": " The 2015 Sonata features a power driver's seat standard on Sonata Sport, Eco, and Limited models, optional on the SE.",
      "words": [
        {
          "word": "The",
          "start": 7.063,
          "end": 7.283,
          "score": 0.678,
          "speaker": "SPEAKER_00"
        },
        {
          "word": "2015"
        },
        {
          "word": "Sonata",
          "start": 7.684,
          "end": 8.064,
          "score": 0.874,
          "speaker": "SPEAKER_00"
        },
        {
          "word": "features",
          "start": 8.144,
          "end": 8.464,
          "score": 0.792,
          "speaker": "SPEAKER_00"
        },
        {
          "word": "a",
          "start": 8.564,
          "end": 8.604,
          "score": 0.87,
          "speaker": "SPEAKER_00"
        },
        {
          "word": "power",
          "start": 8.644,
          "end": 8.985,
          "score": 0.93,
          "speaker": "SPEAKER_00"
        },
        {
          "word": "driver's",
          "start": 9.025,
          "end": 9.365,
          "score": 0.664,
          "speaker": "SPEAKER_00"
        },
        {
          "word": "seat",
          "start": 9.405,
          "end": 9.625,
          "score": 0.889,
          "speaker": "SPEAKER_00"
        },
        {
          "word": "standard",
          "start": 9.665,
          "end": 10.086,
          "score": 0.844,
          "speaker": "SPEAKER_00"
        },
        {
          "word": "on",
          "start": 10.166,
          "end": 10.226,
          "score": 0.999,
          "speaker": "SPEAKER_00"
        },
        {
          "word": "Sonata",
          "start": 10.266,
          "end": 10.666,
          "score": 0.84,
          "speaker": "SPEAKER_00"
        },
        {
          "word": "Sport,",
          "start": 10.686,
          "end": 10.946,
          "score": 0.558,
          "speaker": "SPEAKER_00"
        },
        {
          "word": "Eco,",
          "start": 11.106,
          "end": 11.367,
          "score": 0.938,
          "speaker": "SPEAKER_00"
        },
        {
          "word": "and",
          "start": 11.427,
          "end": 11.507,
          "score": 0.833,
          "speaker": "SPEAKER_00"
        },
        {
          "word": "Limited",
          "start": 11.547,
          "end": 11.827,
          "score": 0.962,
          "speaker": "SPEAKER_00"
        },
        {
          "word": "models,",
          "start": 11.867,
          "end": 12.207,
          "score": 0.927,
          "speaker": "SPEAKER_00"
        },
        {
          "word": "optional",
          "start": 12.407,
          "end": 12.748,
          "score": 0.965,
          "speaker": "SPEAKER_00"
        },
        {
          "word": "on",
          "start": 12.808,
          "end": 12.868,
          "score": 0.742,
          "speaker": "SPEAKER_00"
        },
        {
          "word": "the",
          "start": 12.888,
          "end": 12.968,
          "score": 0.831,
          "speaker": "SPEAKER_00"
        },
        {
          "word": "SE.",
          "start": 13.168,
          "end": 13.488,
          "score": 0.684,
          "speaker": "SPEAKER_00"
        }
      ],
      "speaker": "SPEAKER_00"
    },
    {
      "start": 14.069,
      "end": 18.712,
      "text": "This seat is easily adjusted using the control switches located on the outside of the seat cushion.",
      "words": [
        {
          "word": "This",
          "start": 14.069,
          "end": 14.249,
          "score": 0.924,
          "speaker": "SPEAKER_00"
        },
        {
          "word": "seat",
          "start": 14.289,
          "end": 14.409,
          "score": 0.189,
          "speaker": "SPEAKER_00"
        },
        {
          "word": "is",
          "start": 14.469,
          "end": 14.569,
          "score": 0.829,
          "speaker": "SPEAKER_00"
        },
        {
          "word": "easily",
          "start": 14.689,
          "end": 15.01,
          "score": 0.755,
          "speaker": "SPEAKER_00"
        },
        {
          "word": "adjusted",
          "start": 15.07,
          "end": 15.55,
          "score": 0.869,
          "speaker": "SPEAKER_00"
        },
        {
          "word": "using",
          "start": 15.69,
          "end": 15.89,
          "score": 0.863,
          "speaker": "SPEAKER_00"
        },
        {
          "word": "the",
          "start": 15.93,
          "end": 16.01,
          "score": 0.83,
          "speaker": "SPEAKER_00"
        },
        {
          "word": "control",
          "start": 16.05,
          "end": 16.411,
          "score": 0.782,
          "speaker": "SPEAKER_00"
        },
        {
          "word": "switches",
          "start": 16.431,
          "end": 16.771,
          "score": 0.44,
          "speaker": "SPEAKER_00"
        },
        {
          "word": "located",
          "start": 16.831,
          "end": 17.271,
          "score": 0.786,
          "speaker": "SPEAKER_00"
        },
        {
          "word": "on",
          "start": 17.311,
          "end": 17.371,
          "score": 0.77,
          "speaker": "SPEAKER_00"
        },
        {
          "word": "the",
          "start": 17.391,
          "end": 17.491,
          "score": 0.666,
          "speaker": "SPEAKER_00"
        },
        {
          "word": "outside",
          "start": 17.572,
          "end": 17.932,
          "score": 0.888,
          "speaker": "SPEAKER_00"
        },
        {
          "word": "of",
          "start": 17.952,
          "end": 18.012,
          "score": 0.748,
          "speaker": "SPEAKER_00"
        },
        {
          "word": "the",
          "start": 18.032,
          "end": 18.112,
          "score": 0.866,
          "speaker": "SPEAKER_00"
        },
        {
          "word": "seat",
          "start": 18.152,
          "end": 18.312,
          "score": 0.93,
          "speaker": "SPEAKER_00"
        },
        {
          "word": "cushion.",
          "start": 18.332,
          "end": 18.712,
          "score": 0.866,
          "speaker": "SPEAKER_00"
        }
      ],
      "speaker": "SPEAKER_00"
    },
    {
      "start": 19.513,
      "end": 27.46,
      "text": "Before driving, be sure to take a minute to adjust the seat to the proper position so that you can comfortably control the steering wheel and controls on the instrument panel.",
      "words": [
        {
          "word": "Before",
          "start": 19.513,
          "end": 19.833,
          "score": 0.763,
          "speaker": "SPEAKER_00"
        },
        {
          "word": "driving,",
          "start": 19.893,
          "end": 20.294,
          "score": 0.856,
          "speaker": "SPEAKER_00"
        },
        {
          "word": "be",
          "start": 20.374,
          "end": 20.494,
          "score": 0.972,
          "speaker": "SPEAKER_00"
        },
        {
          "word": "sure",
          "start": 20.534,
          "end": 20.694,
          "score": 0.918,
          "speaker": "SPEAKER_00"
        },
        {
          "word": "to",
          "start": 20.734,
          "end": 20.814,
          "score": 0.988,
          "speaker": "SPEAKER_00"
        },
        {
          "word": "take",
          "start": 20.854,
          "end": 21.054,
          "score": 0.852,
          "speaker": "SPEAKER_00"
        },
        {
          "word": "a",
          "start": 21.094,
          "end": 21.134,
          "score": 0.526,
          "speaker": "SPEAKER_00"
        },
        {
          "word": "minute",
          "start": 21.174,
          "end": 21.415,
          "score": 0.921,
          "speaker": "SPEAKER_00"
        },
        {
          "word": "to",
          "start": 21.455,
          "end": 21.555,
          "score": 0.814,
          "speaker": "SPEAKER_00"
        },
        {
          "word": "adjust",
          "start": 21.595,
          "end": 21.915,
          "score": 0.934,
          "speaker": "SPEAKER_00"
        },
        {
          "word": "the",
          "start": 21.955,
          "end": 22.055,
          "score": 0.842,
          "speaker": "SPEAKER_00"
        },
        {
          "word": "seat",
          "start": 22.075,
          "end": 22.315,
          "score": 0.844,
          "speaker": "SPEAKER_00"
        },
        {
          "word": "to",
          "start": 22.355,
          "end": 22.435,
          "score": 0.814,
          "speaker": "SPEAKER_00"
        },
        {
          "word": "the",
          "start": 22.455,
          "end": 22.536,
          "score": 0.827,
          "speaker": "SPEAKER_00"
        },
        {
          "word": "proper",
          "start": 22.556,
          "end": 22.836,
          "score": 0.952,
          "speaker": "SPEAKER_00"
        },
        {
          "word": "position",
          "start": 22.856,
          "end": 23.336,
          "score": 0.85,
          "speaker": "SPEAKER_00"
        },
        {
          "word": "so",
          "start": 23.676,
          "end": 23.777,
          "score": 0.855,
          "speaker": "SPEAKER_00"
        },
        {
          "word": "that",
          "start": 23.797,
          "end": 23.917,
          "score": 0.757,
          "speaker": "SPEAKER_00"
        },
        {
          "word": "you",
          "start": 23.937,
          "end": 24.037,
          "score": 0.811,
          "speaker": "SPEAKER_00"
        },
        {
          "word": "can",
          "start": 24.077,
          "end": 24.197,
          "score": 0.888,
          "speaker": "SPEAKER_00"
        },
        {
          "word": "comfortably",
          "start": 24.237,
          "end": 24.717,
          "score": 0.94,
          "speaker": "SPEAKER_00"
        },
        {
          "word": "control",
          "start": 24.777,
          "end": 25.078,
          "score": 0.873,
          "speaker": "SPEAKER_00"
        },
        {
          "word": "the",
          "start": 25.118,
          "end": 25.198,
          "score": 0.792,
          "speaker": "SPEAKER_00"
        },
        {
          "word": "steering",
          "start": 25.238,
          "end": 25.578,
          "score": 0.886,
          "speaker": "SPEAKER_00"
        },
        {
          "word": "wheel",
          "start": 25.638,
          "end": 25.818,
          "score": 0.292,
          "speaker": "SPEAKER_00"
        },
        {
          "word": "and",
          "start": 25.958,
          "end": 26.058,
          "score": 0.809,
          "speaker": "SPEAKER_00"
        },
        {
          "word": "controls",
          "start": 26.118,
          "end": 26.559,
          "score": 0.785,
          "speaker": "SPEAKER_00"
        },
        {
          "word": "on",
          "start": 26.599,
          "end": 26.659,
          "score": 0.328,
          "speaker": "SPEAKER_00"
        },
        {
          "word": "the",
          "start": 26.679,
          "end": 26.739,
          "score": 0.077,
          "speaker": "SPEAKER_00"
        },
        {
          "word": "instrument",
          "start": 26.779,
          "end": 27.119,
          "score": 0.868,
          "speaker": "SPEAKER_00"
        },
        {
          "word": "panel.",
          "start": 27.159,
          "end": 27.46,
          "score": 0.937,
          "speaker": "SPEAKER_00"
        }
      ],
      "speaker": "SPEAKER_00"
    },
    {
      "start": 28.26,
      "end": 30.521,
      "text": " Now let's review the various seat controls.",
      "words": [
        {
          "word": "Now",
          "start": 28.26,
          "end": 28.42,
          "score": 0.911,
          "speaker": "SPEAKER_00"
        },
        {
          "word": "let's",
          "start": 28.44,
          "end": 28.74,
          "score": 0.317,
          "speaker": "SPEAKER_00"
        },
        {
          "word": "review",
          "start": 28.8,
          "end": 29.18,
          "score": 0.848,
          "speaker": "SPEAKER_00"
        },
        {
          "word": "the",
          "start": 29.201,
          "end": 29.381,
          "score": 0.356,
          "speaker": "SPEAKER_00"
        },
        {
          "word": "various",
          "start": 29.401,
          "end": 29.781,
          "score": 0.812,
          "speaker": "SPEAKER_00"
        },
        {
          "word": "seat",
          "start": 29.801,
          "end": 30.001,
          "score": 0.92,
          "speaker": "SPEAKER_00"
        },
        {
          "word": "controls.",
          "start": 30.041,
          "end": 30.521,
          "score": 0.851,
          "speaker": "SPEAKER_00"
        }
      ],
      "speaker": "SPEAKER_00"
    },
    {
      "start": 31.121,
      "end": 36.604,
      "text": "To move the seat forward or rearward, push the control switch forward or rearward.",
      "words": [
        {
          "word": "To",
          "start": 31.121,
          "end": 31.201,
          "score": 0.89,
          "speaker": "SPEAKER_00"
        },
        {
          "word": "move",
          "start": 31.261,
          "end": 31.462,
          "score": 0.84,
          "speaker": "SPEAKER_00"
        },
        {
          "word": "the",
          "start": 31.502,
          "end": 31.582,
          "score": 0.974,
          "speaker": "SPEAKER_00"
        },
        {
          "word": "seat",
          "start": 31.622,
          "end": 31.822,
          "score": 0.955,
          "speaker": "SPEAKER_00"
        },
        {
          "word": "forward",
          "start": 31.902,
          "end": 32.382,
          "score": 0.94,
          "speaker": "SPEAKER_00"
        },
        {
          "word": "or",
          "start": 32.522,
          "end": 32.642,
          "score": 0.733,
          "speaker": "SPEAKER_00"
        },
        {
          "word": "rearward,",
          "start": 32.722,
          "end": 33.222,
          "score": 0.869,
          "speaker": "SPEAKER_00"
        },
        {
          "word": "push",
          "start": 33.542,
          "end": 33.783,
          "score": 0.86,
          "speaker": "SPEAKER_00"
        },
        {
          "word": "the",
          "start": 33.823,
          "end": 33.903,
          "score": 0.851,
          "speaker": "SPEAKER_00"
        },
        {
          "word": "control",
          "start": 33.963,
          "end": 34.383,
          "score": 0.718,
          "speaker": "SPEAKER_00"
        },
        {
          "word": "switch",
          "start": 34.403,
          "end": 34.723,
          "score": 0.773,
          "speaker": "SPEAKER_00"
        },
        {
          "word": "forward",
          "start": 35.263,
          "end": 35.783,
          "score": 0.931,
          "speaker": "SPEAKER_00"
        },
        {
          "word": "or",
          "start": 35.924,
          "end": 36.024,
          "score": 0.668,
          "speaker": "SPEAKER_00"
        },
        {
          "word": "rearward.",
          "start": 36.104,
          "end": 36.604,
          "score": 0.886,
          "speaker": "SPEAKER_00"
        }
      ],
      "speaker": "SPEAKER_00"
    },
    {
      "start": 37.284,
      "end": 40.165,
      "text": "Release the switch once the seat is in your desired position.",
      "words": [
        {
          "word": "Release",
          "start": 37.284,
          "end": 37.664,
          "score": 0.789,
          "speaker": "SPEAKER_00"
        },
        {
          "word": "the",
          "start": 37.704,
          "end": 37.804,
          "score": 0.842,
          "speaker": "SPEAKER_00"
        },
        {
          "word": "switch",
          "start": 37.824,
          "end": 38.105,
          "score": 0.933,
          "speaker": "SPEAKER_00"
        },
        {
          "word": "once",
          "start": 38.225,
          "end": 38.385,
          "score": 0.904,
          "speaker": "SPEAKER_00"
        },
        {
          "word": "the",
          "start": 38.445,
          "end": 38.545,
          "score": 0.858,
          "speaker": "SPEAKER_00"
        },
        {
          "word": "seat",
          "start": 38.585,
          "end": 38.805,
          "score": 0.876,
          "speaker": "SPEAKER_00"
        },
        {
          "word": "is",
          "start": 38.905,
          "end": 38.965,
          "score": 0.928,
          "speaker": "SPEAKER_00"
        },
        {
          "word": "in",
          "start": 39.025,
          "end": 39.085,
          "score": 0.749,
          "speaker": "SPEAKER_00"
        },
        {
          "word": "your",
          "start": 39.105,
          "end": 39.265,
          "score": 0.713,
          "speaker": "SPEAKER_00"
        },
        {
          "word": "desired",
          "start": 39.305,
          "end": 39.665,
          "score": 0.936,
          "speaker": "SPEAKER_00"
        },
        {
          "word": "position.",
          "start": 39.685,
          "end": 40.165,
          "score": 0.912,
          "speaker": "SPEAKER_00"
        }
      ],
      "speaker": "SPEAKER_00"
    },
    {
      "start": 41.146,
      "end": 49.67,
      "text": "To recline the seat back, push the control switch forward or rearward, releasing the switch once the seat back reaches your desired position.",
      "words": [
        {
          "word": "To",
          "start": 41.146,
          "end": 41.246,
          "score": 0.76,
          "speaker": "SPEAKER_00"
        },
        {
          "word": "recline",
          "start": 41.286,
          "end": 41.706,
          "score": 0.961,
          "speaker": "SPEAKER_00"
        },
        {
          "word": "the",
          "start": 41.746,
          "end": 41.826,
          "score": 0.971,
          "speaker": "SPEAKER_00"
        },
        {
          "word": "seat",
          "start": 41.866,
          "end": 42.066,
          "score": 0.983,
          "speaker": "SPEAKER_00"
        },
        {
          "word": "back,",
          "start": 42.126,
          "end": 42.526,
          "score": 0.889,
          "speaker": "SPEAKER_00"
        },
        {
          "word": "push",
          "start": 42.767,
          "end": 42.987,
          "score": 0.875,
          "speaker": "SPEAKER_00"
        },
        {
          "word": "the",
          "start": 43.027,
          "end": 43.107,
          "score": 0.831,
          "speaker": "SPEAKER_00"
        },
        {
          "word": "control",
          "start": 43.147,
          "end": 43.527,
          "score": 0.781,
          "speaker": "SPEAKER_00"
        },
        {
          "word": "switch",
          "start": 43.547,
          "end": 43.807,
          "score": 0.77,
          "speaker": "SPEAKER_00"
        },
        {
          "word": "forward",
          "start": 43.967,
          "end": 44.487,
          "score": 0.922,
          "speaker": "SPEAKER_00"
        },
        {
          "word": "or",
          "start": 45.468,
          "end": 45.568,
          "score": 0.596,
          "speaker": "SPEAKER_00"
        },
        {
          "word": "rearward,",
          "start": 45.648,
          "end": 46.128,
          "score": 0.772,
          "speaker": "SPEAKER_00"
        },
        {
          "word": "releasing",
          "start": 46.728,
          "end": 47.109,
          "score": 0.813,
          "speaker": "SPEAKER_00"
        },
        {
          "word": "the",
          "start": 47.149,
          "end": 47.229,
          "score": 0.753,
          "speaker": "SPEAKER_00"
        },
        {
          "word": "switch",
          "start": 47.269,
          "end": 47.549,
          "score": 0.876,
          "speaker": "SPEAKER_00"
        },
        {
          "word": "once",
          "start": 47.669,
          "end": 47.829,
          "score": 0.817,
          "speaker": "SPEAKER_00"
        },
        {
          "word": "the",
          "start": 47.869,
          "end": 47.969,
          "score": 0.859,
          "speaker": "SPEAKER_00"
        },
        {
          "word": "seat",
          "start": 47.989,
          "end": 48.169,
          "score": 0.99,
          "speaker": "SPEAKER_00"
        },
        {
          "word": "back",
          "start": 48.209,
          "end": 48.409,
          "score": 0.988,
          "speaker": "SPEAKER_00"
        },
        {
          "word": "reaches",
          "start": 48.449,
          "end": 48.729,
          "score": 0.954,
          "speaker": "SPEAKER_00"
        },
        {
          "word": "your",
          "start": 48.749,
          "end": 48.869,
          "score": 0.924,
          "speaker": "SPEAKER_00"
        },
        {
          "word": "desired",
          "start": 48.909,
          "end": 49.229,
          "score": 0.862,
          "speaker": "SPEAKER_00"
        },
        {
          "word": "position.",
          "start": 49.27,
          "end": 49.67,
          "score": 0.873,
          "speaker": "SPEAKER_00"
        }
      ],
      "speaker": "SPEAKER_00"
    },
    {
      "start": 50.69,
      "end": 61.276,
      "text": " To change the height of the seat cushion, pull up on the front portion of the control switch to raise the front part of the seat cushion, or push down to lower the front part of the seat cushion.",
      "words": [
        {
          "word": "To",
          "start": 50.69,
          "end": 50.81,
          "score": 0.836,
          "speaker": "SPEAKER_00"
        },
        {
          "word": "change",
          "start": 50.85,
          "end": 51.17,
          "score": 0.888,
          "speaker": "SPEAKER_00"
        },
        {
          "word": "the",
          "start": 51.231,
          "end": 51.331,
          "score": 0.831,
          "speaker": "SPEAKER_00"
        },
        {
          "word": "height",
          "start": 51.391,
          "end": 51.651,
          "score": 0.699,
          "speaker": "SPEAKER_00"
        },
        {
          "word": "of",
          "start": 51.751,
          "end": 51.831,
          "score": 0.804,
          "speaker": "SPEAKER_00"
        },
        {
          "word": "the",
          "start": 51.871,
          "end": 51.971,
          "score": 0.822,
          "speaker": "SPEAKER_00"
        },
        {
          "word": "seat",
          "start": 52.011,
          "end": 52.191,
          "score": 0.914,
          "speaker": "SPEAKER_00"
        },
        {
          "word": "cushion,",
          "start": 52.231,
          "end": 52.631,
          "score": 0.732,
          "speaker": "SPEAKER_00"
        },
        {
          "word": "pull",
          "start": 53.072,
          "end": 53.292,
          "score": 0.987,
          "speaker": "SPEAKER_00"
        },
        {
          "word": "up",
          "start": 53.392,
          "end": 53.492,
          "score": 0.674,
          "speaker": "SPEAKER_00"
        },
        {
          "word": "on",
          "start": 53.652,
          "end": 53.732,
          "score": 0.826,
          "speaker": "SPEAKER_00"
        },
        {
          "word": "the",
          "start": 53.752,
          "end": 53.832,
          "score": 0.828,
          "speaker": "SPEAKER_00"
        },
        {
          "word": "front",
          "start": 53.872,
          "end": 54.092,
          "score": 0.62,
          "speaker": "SPEAKER_00"
        },
        {
          "word": "portion",
          "start": 54.152,
          "end": 54.512,
          "score": 0.899,
          "speaker": "SPEAKER_00"
        },
        {
          "word": "of",
          "start": 54.592,
          "end": 54.673,
          "score": 0.812,
          "speaker": "SPEAKER_00"
        },
        {
          "word": "the",
          "start": 54.713,
          "end": 54.793,
          "score": 0.83,
          "speaker": "SPEAKER_00"
        },
        {
          "word": "control",
          "start": 54.833,
          "end": 55.293,
          "score": 0.805,
          "speaker": "SPEAKER_00"
        },
        {
          "word": "switch",
          "start": 55.333,
          "end": 55.633,
          "score": 0.901,
          "speaker": "SPEAKER_00"
        },
        {
          "word": "to",
          "start": 55.793,
          "end": 55.913,
          "score": 0.922,
          "speaker": "SPEAKER_00"
        },
        {
          "word": "raise",
          "start": 55.973,
          "end": 56.253,
          "score": 0.901,
          "speaker": "SPEAKER_00"
        },
        {
          "word": "the",
          "start": 56.293,
          "end": 56.374,
          "score": 0.852,
          "speaker": "SPEAKER_00"
        },
        {
          "word": "front",
          "start": 56.414,
          "end": 56.654,
          "score": 0.777,
          "speaker": "SPEAKER_00"
        },
        {
          "word": "part",
          "start": 56.694,
          "end": 56.874,
          "score": 0.875,
          "speaker": "SPEAKER_00"
        },
        {
          "word": "of",
          "start": 56.894,
          "end": 56.954,
          "score": 0.874,
          "speaker": "SPEAKER_00"
        },
        {
          "word": "the",
          "start": 56.994,
          "end": 57.074,
          "score": 0.83,
          "speaker": "SPEAKER_00"
        },
        {
          "word": "seat",
          "start": 57.094,
          "end": 57.274,
          "score": 0.996,
          "speaker": "SPEAKER_00"
        },
        {
          "word": "cushion,",
          "start": 57.314,
          "end": 57.674,
          "score": 0.679,
          "speaker": "SPEAKER_00"
        },
        {
          "word": "or",
          "start": 58.435,
          "end": 58.575,
          "score": 0.603,
          "speaker": "SPEAKER_00"
        },
        {
          "word": "push",
          "start": 58.655,
          "end": 58.895,
          "score": 0.756,
          "speaker": "SPEAKER_00"
        },
        {
          "word": "down",
          "start": 58.975,
          "end": 59.275,
          "score": 0.809,
          "speaker": "SPEAKER_00"
        },
        {
          "word": "to",
          "start": 59.535,
          "end": 59.655,
          "score": 0.836,
          "speaker": "SPEAKER_00"
        },
        {
          "word": "lower",
          "start": 59.715,
          "end": 59.976,
          "score": 0.832,
          "speaker": "SPEAKER_00"
        },
        {
          "word": "the",
          "start": 60.016,
          "end": 60.096,
          "score": 0.832,
          "speaker": "SPEAKER_00"
        },
        {
          "word": "front",
          "start": 60.116,
          "end": 60.296,
          "score": 0.821,
          "speaker": "SPEAKER_00"
        },
        {
          "word": "part",
          "start": 60.336,
          "end": 60.516,
          "score": 0.806,
          "speaker": "SPEAKER_00"
        },
        {
          "word": "of",
          "start": 60.536,
          "end": 60.596,
          "score": 0.76,
          "speaker": "SPEAKER_00"
        },
        {
          "word": "the",
          "start": 60.636,
          "end": 60.716,
          "score": 0.831,
          "speaker": "SPEAKER_00"
        },
        {
          "word": "seat",
          "start": 60.736,
          "end": 60.916,
          "score": 0.902,
          "speaker": "SPEAKER_00"
        },
        {
          "word": "cushion.",
          "start": 60.936,
          "end": 61.276,
          "score": 0.761,
          "speaker": "SPEAKER_00"
        }
      ],
      "speaker": "SPEAKER_00"
    },
    {
      "start": 61.296,
      "end": 68.361,
      "text": "You can also pull up on the rear portion of the control switch to raise or push down to lower the entire seat.",
      "words": [
        {
          "word": "You",
          "start": 61.296,
          "end": 62.177,
          "score": 0.532,
          "speaker": "SPEAKER_00"
        },
        {
          "word": "can",
          "start": 62.197,
          "end": 62.317,
          "score": 0.658,
          "speaker": "SPEAKER_00"
        },
        {
          "word": "also",
          "start": 62.417,
          "end": 62.717,
          "score": 0.75,
          "speaker": "SPEAKER_00"
        },
        {
          "word": "pull",
          "start": 62.757,
          "end": 62.977,
          "score": 0.909,
          "speaker": "SPEAKER_00"
        },
        {
          "word": "up",
          "start": 63.077,
          "end": 63.178,
          "score": 0.805,
          "speaker": "SPEAKER_00"
        },
        {
          "word": "on",
          "start": 63.258,
          "end": 63.338,
          "score": 0.832,
          "speaker": "SPEAKER_00"
        },
        {
          "word": "the",
          "start": 63.358,
          "end": 63.438,
          "score": 0.876,
          "speaker": "SPEAKER_00"
        },
        {
          "word": "rear",
          "start": 63.518,
          "end": 63.738,
          "score": 0.933,
          "speaker": "SPEAKER_00"
        },
        {
          "word": "portion",
          "start": 63.798,
          "end": 64.178,
          "score": 0.88,
          "speaker": "SPEAKER_00"
        },
        {
          "word": "of",
          "start": 64.218,
          "end": 64.278,
          "score": 0.75,
          "speaker": "SPEAKER_00"
        },
        {
          "word": "the",
          "start": 64.318,
          "end": 64.398,
          "score": 0.829,
          "speaker": "SPEAKER_00"
        },
        {
          "word": "control",
          "start": 64.438,
          "end": 64.838,
          "score": 0.802,
          "speaker": "SPEAKER_00"
        },
        {
          "word": "switch",
          "start": 64.879,
          "end": 65.179,
          "score": 0.903,
          "speaker": "SPEAKER_00"
        },
        {
          "word": "to",
          "start": 65.279,
          "end": 65.399,
          "score": 0.853,
          "speaker": "SPEAKER_00"
        },
        {
          "word": "raise",
          "start": 65.479,
          "end": 65.799,
          "score": 0.836,
          "speaker": "SPEAKER_00"
        },
        {
          "word": "or",
          "start": 66.099,
          "end": 66.219,
          "score": 0.493,
          "speaker": "SPEAKER_00"
        },
        {
          "word": "push",
          "start": 66.279,
          "end": 66.499,
          "score": 0.737,
          "speaker": "SPEAKER_00"
        },
        {
          "word": "down",
          "start": 66.539,
          "end": 66.84,
          "score": 0.874,
          "speaker": "SPEAKER_00"
        },
        {
          "word": "to",
          "start": 67.1,
          "end": 67.22,
          "score": 0.627,
          "speaker": "SPEAKER_00"
        },
        {
          "word": "lower",
          "start": 67.28,
          "end": 67.52,
          "score": 0.888,
          "speaker": "SPEAKER_00"
        },
        {
          "word": "the",
          "start": 67.54,
          "end": 67.62,
          "score": 0.842,
          "speaker": "SPEAKER_00"
        },
        {
          "word": "entire",
          "start": 67.68,
          "end": 68.06,
          "score": 0.887,
          "speaker": "SPEAKER_00"
        },
        {
          "word": "seat.",
          "start": 68.14,
          "end": 68.361,
          "score": 0.96,
          "speaker": "SPEAKER_00"
        }
      ],
      "speaker": "SPEAKER_00"
    },
    {
      "start": 69.361,
      "end": 72.402,
      "text": " Here are two types of lumbar adjusters on the Sonata.",
      "words": [
        {
          "word": "Here",
          "start": 69.361,
          "end": 69.501,
          "score": 0.827,
          "speaker": "SPEAKER_00"
        },
        {
          "word": "are",
          "start": 69.541,
          "end": 69.681,
          "score": 0.416,
          "speaker": "SPEAKER_00"
        },
        {
          "word": "two",
          "start": 69.761,
          "end": 69.961,
          "score": 0.893,
          "speaker": "SPEAKER_00"
        },
        {
          "word": "types",
          "start": 70.021,
          "end": 70.322,
          "score": 0.802,
          "speaker": "SPEAKER_00"
        },
        {
          "word": "of",
          "start": 70.422,
          "end": 70.502,
          "score": 0.834,
          "speaker": "SPEAKER_00"
        },
        {
          "word": "lumbar",
          "start": 70.562,
          "end": 70.922,
          "score": 0.835,
          "speaker": "SPEAKER_00"
        },
        {
          "word": "adjusters",
          "start": 70.962,
          "end": 71.522,
          "score": 0.73,
          "speaker": "SPEAKER_00"
        },
        {
          "word": "on",
          "start": 71.682,
          "end": 71.782,
          "score": 0.828,
          "speaker": "SPEAKER_00"
        },
        {
          "word": "the",
          "start": 71.802,
          "end": 71.902,
          "score": 0.813,
          "speaker": "SPEAKER_00"
        },
        {
          "word": "Sonata.",
          "start": 71.922,
          "end": 72.402,
          "score": 0.83,
          "speaker": "SPEAKER_00"
        }
      ],
      "speaker": "SPEAKER_00"
    },
    {
      "start": 73.203,
      "end": 85.008,
      "text": "If your Sonata has a single switch like this, you can adjust the lumbar support by pressing the front portion of the switch to increase lumbar support, or press the rear portion to decrease lumbar support.",
      "words": [
        {
          "word": "If",
          "start": 73.203,
          "end": 73.263,
          "score": 0.998,
          "speaker": "SPEAKER_00"
        },
        {
          "word": "your",
          "start": 73.303,
          "end": 73.483,
          "score": 0.78,
          "speaker": "SPEAKER_00"
        },
        {
          "word": "Sonata",
          "start": 73.523,
          "end": 73.943,
          "score": 0.86,
          "speaker": "SPEAKER_00"
        },
        {
          "word": "has",
          "start": 73.963,
          "end": 74.143,
          "score": 0.723,
          "speaker": "SPEAKER_00"
        },
        {
          "word": "a",
          "start": 74.183,
          "end": 74.223,
          "score": 0.498,
          "speaker": "SPEAKER_00"
        },
        {
          "word": "single",
          "start": 74.283,
          "end": 74.583,
          "score": 0.84,
          "speaker": "SPEAKER_00"
        },
        {
          "word": "switch",
          "start": 74.663,
          "end": 75.023,
          "score": 0.771,
          "speaker": "SPEAKER_00"
        },
        {
          "word": "like",
          "start": 75.124,
          "end": 75.304,
          "score": 0.858,
          "speaker": "SPEAKER_00"
        },
        {
          "word": "this,",
          "start": 75.344,
          "end": 75.564,
          "score": 0.814,
          "speaker": "SPEAKER_00"
        },
        {
          "word": "you",
          "start": 75.924,
          "end": 76.044,
          "score": 0.511,
          "speaker": "SPEAKER_00"
        },
        {
          "word": "can",
          "start": 76.064,
          "end": 76.184,
          "score": 0.973,
          "speaker": "SPEAKER_00"
        },
        {
          "word": "adjust",
          "start": 76.244,
          "end": 76.564,
          "score": 0.916,
          "speaker": "SPEAKER_00"
        },
        {
          "word": "the",
          "start": 76.624,
          "end": 76.724,
          "score": 0.88,
          "speaker": "SPEAKER_00"
        },
        {
          "word": "lumbar",
          "start": 76.764,
          "end": 77.144,
          "score": 0.871,
          "speaker": "SPEAKER_00"
        },
        {
          "word": "support",
          "start": 77.164,
          "end": 77.565,
          "score": 0.864,
          "speaker": "SPEAKER_00"
        },
        {
          "word": "by",
          "start": 77.625,
          "end": 77.725,
          "score": 0.994,
          "speaker": "SPEAKER_00"
        },
        {
          "word": "pressing",
          "start": 77.805,
          "end": 78.125,
          "score": 0.869,
          "speaker": "SPEAKER_00"
        },
        {
          "word": "the",
          "start": 78.165,
          "end": 78.245,
          "score": 0.833,
          "speaker": "SPEAKER_00"
        },
        {
          "word": "front",
          "start": 78.305,
          "end": 78.505,
          "score": 0.967,
          "speaker": "SPEAKER_00"
        },
        {
          "word": "portion",
          "start": 78.565,
          "end": 78.925,
          "score": 0.808,
          "speaker": "SPEAKER_00"
        },
        {
          "word": "of",
          "start": 78.945,
          "end": 79.005,
          "score": 0.867,
          "speaker": "SPEAKER_00"
        },
        {
          "word": "the",
          "start": 79.045,
          "end": 79.165,
          "score": 0.864,
          "speaker": "SPEAKER_00"
        },
        {
          "word": "switch",
          "start": 79.185,
          "end": 79.505,
          "score": 0.95,
          "speaker": "SPEAKER_00"
        },
        {
          "word": "to",
          "start": 79.605,
          "end": 79.705,
          "score": 0.772,
          "speaker": "SPEAKER_00"
        },
        {
          "word": "increase",
          "start": 79.766,
          "end": 80.146,
          "score": 0.886,
          "speaker": "SPEAKER_00"
        },
        {
          "word": "lumbar",
          "start": 80.206,
          "end": 80.566,
          "score": 0.808,
          "speaker": "SPEAKER_00"
        },
        {
          "word": "support,",
          "start": 80.586,
          "end": 81.006,
          "score": 0.908,
          "speaker": "SPEAKER_00"
        },
        {
          "word": "or",
          "start": 81.726,
          "end": 81.846,
          "score": 0.627,
          "speaker": "SPEAKER_00"
        },
        {
          "word": "press",
          "start": 81.966,
          "end": 82.247,
          "score": 0.849,
          "speaker": "SPEAKER_00"
        },
        {
          "word": "the",
          "start": 82.287,
          "end": 82.427,
          "score": 0.898,
          "speaker": "SPEAKER_00"
        },
        {
          "word": "rear",
          "start": 82.547,
          "end": 82.767,
          "score": 0.872,
          "speaker": "SPEAKER_00"
        },
        {
          "word": "portion",
          "start": 82.847,
          "end": 83.267,
          "score": 0.879,
          "speaker": "SPEAKER_00"
        },
        {
          "word": "to",
          "start": 83.447,
          "end": 83.567,
          "score": 0.755,
          "speaker": "SPEAKER_00"
        },
        {
          "word": "decrease",
          "start": 83.627,
          "end": 84.087,
          "score": 0.822,
          "speaker": "SPEAKER_00"
        },
        {
          "word": "lumbar",
          "start": 84.247,
          "end": 84.608,
          "score": 0.78,
          "speaker": "SPEAKER_00"
        },
        {
          "word": "support.",
          "start": 84.628,
          "end": 85.008,
          "score": 0.902,
          "speaker": "SPEAKER_00"
        }
      ],
      "speaker": "SPEAKER_00"
    },
    {
      "start": 85.708,
      "end": 87.349,
      "text": "Select whatever feels comfortable for you.",
      "words": [
        {
          "word": "Select",
          "start": 85.708,
          "end": 86.028,
          "score": 0.49,
          "speaker": "SPEAKER_00"
        },
        {
          "word": "whatever",
          "start": 86.048,
          "end": 86.348,
          "score": 0.969,
          "speaker": "SPEAKER_00"
        },
        {
          "word": "feels",
          "start": 86.388,
          "end": 86.588,
          "score": 0.743,
          "speaker": "SPEAKER_00"
        },
        {
          "word": "comfortable",
          "start": 86.608,
          "end": 87.049,
          "score": 0.847,
          "speaker": "SPEAKER_00"
        },
        {
          "word": "for",
          "start": 87.089,
          "end": 87.209,
          "score": 0.833,
          "speaker": "SPEAKER_00"
        },
        {
          "word": "you.",
          "start": 87.229,
          "end": 87.349,
          "score": 0.963,
          "speaker": "SPEAKER_00"
        }
      ],
      "speaker": "SPEAKER_00"
    },
    {
      "start": 88.593,
      "end": 92.594,
      "text": " Other Sonata models feature a four-way switch to adjust lumbar support.",
      "words": [
        {
          "word": "Other",
          "start": 88.593,
          "end": 88.793,
          "score": 0.931,
          "speaker": "SPEAKER_00"
        },
        {
          "word": "Sonata",
          "start": 88.833,
          "end": 89.293,
          "score": 0.798,
          "speaker": "SPEAKER_00"
        },
        {
          "word": "models",
          "start": 89.333,
          "end": 89.673,
          "score": 0.845,
          "speaker": "SPEAKER_00"
        },
        {
          "word": "feature",
          "start": 89.733,
          "end": 90.054,
          "score": 0.722,
          "speaker": "SPEAKER_00"
        },
        {
          "word": "a",
          "start": 90.114,
          "end": 90.154,
          "score": 0.728,
          "speaker": "SPEAKER_00"
        },
        {
          "word": "four-way",
          "start": 90.214,
          "end": 90.734,
          "score": 0.856,
          "speaker": "SPEAKER_00"
        },
        {
          "word": "switch",
          "start": 90.774,
          "end": 91.094,
          "score": 0.822,
          "speaker": "SPEAKER_00"
        },
        {
          "word": "to",
          "start": 91.154,
          "end": 91.274,
          "score": 0.818,
          "speaker": "SPEAKER_00"
        },
        {
          "word": "adjust",
          "start": 91.314,
          "end": 91.694,
          "score": 0.898,
          "speaker": "SPEAKER_00"
        },
        {
          "word": "lumbar",
          "start": 91.774,
          "end": 92.154,
          "score": 0.85,
          "speaker": "SPEAKER_00"
        },
        {
          "word": "support.",
          "start": 92.174,
          "end": 92.594,
          "score": 0.775,
          "speaker": "SPEAKER_00"
        }
      ],
      "speaker": "SPEAKER_00"
    },
    {
      "start": 93.375,
      "end": 102.178,
      "text": "With this arrangement, press the front portion of the switch to increase support, or press the rear portion of the switch to decrease lumbar support.",
      "words": [
        {
          "word": "With",
          "start": 93.375,
          "end": 93.555,
          "score": 0.947,
          "speaker": "SPEAKER_00"
        },
        {
          "word": "this",
          "start": 93.595,
          "end": 93.775,
          "score": 0.8,
          "speaker": "SPEAKER_00"
        },
        {
          "word": "arrangement,",
          "start": 93.835,
          "end": 94.395,
          "score": 0.889,
          "speaker": "SPEAKER_00"
        },
        {
          "word": "press",
          "start": 94.575,
          "end": 94.875,
          "score": 0.853,
          "speaker": "SPEAKER_00"
        },
        {
          "word": "the",
          "start": 94.935,
          "end": 95.015,
          "score": 0.928,
          "speaker": "SPEAKER_00"
        },
        {
          "word": "front",
          "start": 95.095,
          "end": 95.355,
          "score": 0.923,
          "speaker": "SPEAKER_00"
        },
        {
          "word": "portion",
          "start": 95.415,
          "end": 95.836,
          "score": 0.865,
          "speaker": "SPEAKER_00"
        },
        {
          "word": "of",
          "start": 95.996,
          "end": 96.096,
          "score": 0.75,
          "speaker": "SPEAKER_00"
        },
        {
          "word": "the",
          "start": 96.136,
          "end": 96.236,
          "score": 0.716,
          "speaker": "SPEAKER_00"
        },
        {
          "word": "switch",
          "start": 96.296,
          "end": 96.616,
          "score": 0.94,
          "speaker": "SPEAKER_00"
        },
        {
          "word": "to",
          "start": 96.716,
          "end": 96.836,
          "score": 0.818,
          "speaker": "SPEAKER_00"
        },
        {
          "word": "increase",
          "start": 96.976,
          "end": 97.376,
          "score": 0.848,
          "speaker": "SPEAKER_00"
        },
        {
          "word": "support,",
          "start": 97.396,
          "end": 97.816,
          "score": 0.759,
          "speaker": "SPEAKER_00"
        },
        {
          "word": "or",
          "start": 98.396,
          "end": 98.496,
          "score": 0.858,
          "speaker": "SPEAKER_00"
        },
        {
          "word": "press",
          "start": 98.637,
          "end": 98.897,
          "score": 0.738,
          "speaker": "SPEAKER_00"
        },
        {
          "word": "the",
          "start": 98.937,
          "end": 99.037,
          "score": 0.88,
          "speaker": "SPEAKER_00"
        },
        {
          "word": "rear",
          "start": 99.117,
          "end": 99.357,
          "score": 0.893,
          "speaker": "SPEAKER_00"
        },
        {
          "word": "portion",
          "start": 99.437,
          "end": 99.817,
          "score": 0.876,
          "speaker": "SPEAKER_00"
        },
        {
          "word": "of",
          "start": 99.917,
          "end": 99.977,
          "score": 0.759,
          "speaker": "SPEAKER_00"
        },
        {
          "word": "the",
          "start": 100.037,
          "end": 100.137,
          "score": 0.836,
          "speaker": "SPEAKER_00"
        },
        {
          "word": "switch",
          "start": 100.177,
          "end": 100.497,
          "score": 0.85,
          "speaker": "SPEAKER_00"
        },
        {
          "word": "to",
          "start": 100.717,
          "end": 100.837,
          "score": 0.835,
          "speaker": "SPEAKER_00"
        },
        {
          "word": "decrease",
          "start": 100.917,
          "end": 101.337,
          "score": 0.773,
          "speaker": "SPEAKER_00"
        },
        {
          "word": "lumbar",
          "start": 101.377,
          "end": 101.758,
          "score": 0.823,
          "speaker": "SPEAKER_00"
        },
        {
          "word": "support.",
          "start": 101.778,
          "end": 102.178,
          "score": 0.878,
          "speaker": "SPEAKER_00"
        }
      ],
      "speaker": "SPEAKER_00"
    },
    {
      "start": 102.758,
      "end": 111.301,
      "text": "Pressing the top of the switch moves the support position higher in the seat, while pushing the lower portion of the switch lowers the lumbar support position.",
      "words": [
        {
          "word": "Pressing",
          "start": 102.758,
          "end": 103.098,
          "score": 0.868,
          "speaker": "SPEAKER_00"
        },
        {
          "word": "the",
          "start": 103.138,
          "end": 103.218,
          "score": 0.836,
          "speaker": "SPEAKER_00"
        },
        {
          "word": "top",
          "start": 103.258,
          "end": 103.518,
          "score": 0.873,
          "speaker": "SPEAKER_00"
        },
        {
          "word": "of",
          "start": 103.558,
          "end": 103.638,
          "score": 0.885,
          "speaker": "SPEAKER_00"
        },
        {
          "word": "the",
          "start": 103.678,
          "end": 103.758,
          "score": 0.77,
          "speaker": "SPEAKER_00"
        },
        {
          "word": "switch",
          "start": 103.818,
          "end": 104.178,
          "score": 0.938,
          "speaker": "SPEAKER_00"
        },
        {
          "word": "moves",
          "start": 104.278,
          "end": 104.579,
          "score": 0.785,
          "speaker": "SPEAKER_00"
        },
        {
          "word": "the",
          "start": 104.619,
          "end": 104.719,
          "score": 0.794,
          "speaker": "SPEAKER_00"
        },
        {
          "word": "support",
          "start": 104.779,
          "end": 105.159,
          "score": 0.877,
          "speaker": "SPEAKER_00"
        },
        {
          "word": "position",
          "start": 105.199,
          "end": 105.659,
          "score": 0.817,
          "speaker": "SPEAKER_00"
        },
        {
          "word": "higher",
          "start": 105.739,
          "end": 106.039,
          "score": 0.824,
          "speaker": "SPEAKER_00"
        },
        {
          "word": "in",
          "start": 106.099,
          "end": 106.159,
          "score": 0.742,
          "speaker": "SPEAKER_00"
        },
        {
          "word": "the",
          "start": 106.179,
          "end": 106.259,
          "score": 0.822,
          "speaker": "SPEAKER_00"
        },
        {
          "word": "seat,",
          "start": 106.319,
          "end": 106.599,
          "score": 0.873,
          "speaker": "SPEAKER_00"
        },
        {
          "word": "while",
          "start": 106.879,
          "end": 107.059,
          "score": 0.939,
          "speaker": "SPEAKER_00"
        },
        {
          "word": "pushing",
          "start": 107.119,
          "end": 107.42,
          "score": 0.864,
          "speaker": "SPEAKER_00"
        },
        {
          "word": "the",
          "start": 107.46,
          "end": 107.54,
          "score": 0.913,
          "speaker": "SPEAKER_00"
        },
        {
          "word": "lower",
          "start": 107.6,
          "end": 107.86,
          "score": 0.753,
          "speaker": "SPEAKER_00"
        },
        {
          "word": "portion",
          "start": 107.94,
          "end": 108.38,
          "score": 0.853,
          "speaker": "SPEAKER_00"
        },
        {
          "word": "of",
          "start": 108.5,
          "end": 108.58,
          "score": 0.837,
          "speaker": "SPEAKER_00"
        },
        {
          "word": "the",
          "start": 108.6,
          "end": 108.7,
          "score": 0.808,
          "speaker": "SPEAKER_00"
        },
        {
          "word": "switch",
          "start": 108.74,
          "end": 109.14,
          "score": 0.825,
          "speaker": "SPEAKER_00"
        },
        {
          "word": "lowers",
          "start": 109.32,
          "end": 109.66,
          "score": 0.784,
          "speaker": "SPEAKER_00"
        },
        {
          "word": "the",
          "start": 109.72,
          "end": 109.84,
          "score": 0.862,
          "speaker": "SPEAKER_00"
        },
        {
          "word": "lumbar",
          "start": 109.86,
          "end": 110.301,
          "score": 0.892,
          "speaker": "SPEAKER_00"
        },
        {
          "word": "support",
          "start": 110.521,
          "end": 110.861,
          "score": 0.963,
          "speaker": "SPEAKER_00"
        },
        {
          "word": "position.",
          "start": 110.901,
          "end": 111.301,
          "score": 0.935,
          "speaker": "SPEAKER_00"
        }
      ],
      "speaker": "SPEAKER_00"
    }
  ],
  "word_segments": [
    {
      "word": "The",
      "start": 7.063,
      "end": 7.283,
      "score": 0.678,
      "speaker": "SPEAKER_00"
    },
    {
      "word": "2015"
    },
    {
      "word": "Sonata",
      "start": 7.684,
      "end": 8.064,
      "score": 0.874,
      "speaker": "SPEAKER_00"
    },
    {
      "word": "features",
      "start": 8.144,
      "end": 8.464,
      "score": 0.792,
      "speaker": "SPEAKER_00"
    },
    {
      "word": "a",
      "start": 8.564,
      "end": 8.604,
      "score": 0.87,
      "speaker": "SPEAKER_00"
    },
    {
      "word": "power",
      "start": 8.644,
      "end": 8.985,
      "score": 0.93,
      "speaker": "SPEAKER_00"
    },
    {
      "word": "driver's",
      "start": 9.025,
      "end": 9.365,
      "score": 0.664,
      "speaker": "SPEAKER_00"
    },
    {
      "word": "seat",
      "start": 9.405,
      "end": 9.625,
      "score": 0.889,
      "speaker": "SPEAKER_00"
    },
    {
      "word": "standard",
      "start": 9.665,
      "end": 10.086,
      "score": 0.844,
      "speaker": "SPEAKER_00"
    },
    {
      "word": "on",
      "start": 10.166,
      "end": 10.226,
      "score": 0.999,
      "speaker": "SPEAKER_00"
    },
    {
      "word": "Sonata",
      "start": 10.266,
      "end": 10.666,
      "score": 0.84,
      "speaker": "SPEAKER_00"
    },
    {
      "word": "Sport,",
      "start": 10.686,
      "end": 10.946,
      "score": 0.558,
      "speaker": "SPEAKER_00"
    },
    {
      "word": "Eco,",
      "start": 11.106,
      "end": 11.367,
      "score": 0.938,
      "speaker": "SPEAKER_00"
    },
    {
      "word": "and",
      "start": 11.427,
      "end": 11.507,
      "score": 0.833,
      "speaker": "SPEAKER_00"
    },
    {
      "word": "Limited",
      "start": 11.547,
      "end": 11.827,
      "score": 0.962,
      "speaker": "SPEAKER_00"
    },
    {
      "word": "models,",
      "start": 11.867,
      "end": 12.207,
      "score": 0.927,
      "speaker": "SPEAKER_00"
    },
    {
      "word": "optional",
      "start": 12.407,
      "end": 12.748,
      "score": 0.965,
      "speaker": "SPEAKER_00"
    },
    {
      "word": "on",
      "start": 12.808,
      "end": 12.868,
      "score": 0.742,
      "speaker": "SPEAKER_00"
    },
    {
      "word": "the",
      "start": 12.888,
      "end": 12.968,
      "score": 0.831,
      "speaker": "SPEAKER_00"
    },
    {
      "word": "SE.",
      "start": 13.168,
      "end": 13.488,
      "score": 0.684,
      "speaker": "SPEAKER_00"
    },
    {
      "word": "This",
      "start": 14.069,
      "end": 14.249,
      "score": 0.924,
      "speaker": "SPEAKER_00"
    },
    {
      "word": "seat",
      "start": 14.289,
      "end": 14.409,
      "score": 0.189,
      "speaker": "SPEAKER_00"
    },
    {
      "word": "is",
      "start": 14.469,
      "end": 14.569,
      "score": 0.829,
      "speaker": "SPEAKER_00"
    },
    {
      "word": "easily",
      "start": 14.689,
      "end": 15.01,
      "score": 0.755,
      "speaker": "SPEAKER_00"
    },
    {
      "word": "adjusted",
      "start": 15.07,
      "end": 15.55,
      "score": 0.869,
      "speaker": "SPEAKER_00"
    },
    {
      "word": "using",
      "start": 15.69,
      "end": 15.89,
      "score": 0.863,
      "speaker": "SPEAKER_00"
    },
    {
      "word": "the",
      "start": 15.93,
      "end": 16.01,
      "score": 0.83,
      "speaker": "SPEAKER_00"
    },
    {
      "word": "control",
      "start": 16.05,
      "end": 16.411,
      "score": 0.782,
      "speaker": "SPEAKER_00"
    },
    {
      "word": "switches",
      "start": 16.431,
      "end": 16.771,
      "score": 0.44,
      "speaker": "SPEAKER_00"
    },
    {
      "word": "located",
      "start": 16.831,
      "end": 17.271,
      "score": 0.786,
      "speaker": "SPEAKER_00"
    },
    {
      "word": "on",
      "start": 17.311,
      "end": 17.371,
      "score": 0.77,
      "speaker": "SPEAKER_00"
    },
    {
      "word": "the",
      "start": 17.391,
      "end": 17.491,
      "score": 0.666,
      "speaker": "SPEAKER_00"
    },
    {
      "word": "outside",
      "start": 17.572,
      "end": 17.932,
      "score": 0.888,
      "speaker": "SPEAKER_00"
    },
    {
      "word": "of",
      "start": 17.952,
      "end": 18.012,
      "score": 0.748,
      "speaker": "SPEAKER_00"
    },
    {
      "word": "the",
      "start": 18.032,
      "end": 18.112,
      "score": 0.866,
      "speaker": "SPEAKER_00"
    },
    {
      "word": "seat",
      "start": 18.152,
      "end": 18.312,
      "score": 0.93,
      "speaker": "SPEAKER_00"
    },
    {
      "word": "cushion.",
      "start": 18.332,
      "end": 18.712,
      "score": 0.866,
      "speaker": "SPEAKER_00"
    },
    {
      "word": "Before",
      "start": 19.513,
      "end": 19.833,
      "score": 0.763,
      "speaker": "SPEAKER_00"
    },
    {
      "word": "driving,",
      "start": 19.893,
      "end": 20.294,
      "score": 0.856,
      "speaker": "SPEAKER_00"
    },
    {
      "word": "be",
      "start": 20.374,
      "end": 20.494,
      "score": 0.972,
      "speaker": "SPEAKER_00"
    },
    {
      "word": "sure",
      "start": 20.534,
      "end": 20.694,
      "score": 0.918,
      "speaker": "SPEAKER_00"
    },
    {
      "word": "to",
      "start": 20.734,
      "end": 20.814,
      "score": 0.988,
      "speaker": "SPEAKER_00"
    },
    {
      "word": "take",
      "start": 20.854,
      "end": 21.054,
      "score": 0.852,
      "speaker": "SPEAKER_00"
    },
    {
      "word": "a",
      "start": 21.094,
      "end": 21.134,
      "score": 0.526,
      "speaker": "SPEAKER_00"
    },
    {
      "word": "minute",
      "start": 21.174,
      "end": 21.415,
      "score": 0.921,
      "speaker": "SPEAKER_00"
    },
    {
      "word": "to",
      "start": 21.455,
      "end": 21.555,
      "score": 0.814,
      "speaker": "SPEAKER_00"
    },
    {
      "word": "adjust",
      "start": 21.595,
      "end": 21.915,
      "score": 0.934,
      "speaker": "SPEAKER_00"
    },
    {
      "word": "the",
      "start": 21.955,
      "end": 22.055,
      "score": 0.842,
      "speaker": "SPEAKER_00"
    },
    {
      "word": "seat",
      "start": 22.075,
      "end": 22.315,
      "score": 0.844,
      "speaker": "SPEAKER_00"
    },
    {
      "word": "to",
      "start": 22.355,
      "end": 22.435,
      "score": 0.814,
      "speaker": "SPEAKER_00"
    },
    {
      "word": "the",
      "start": 22.455,
      "end": 22.536,
      "score": 0.827,
      "speaker": "SPEAKER_00"
    },
    {
      "word": "proper",
      "start": 22.556,
      "end": 22.836,
      "score": 0.952,
      "speaker": "SPEAKER_00"
    },
    {
      "word": "position",
      "start": 22.856,
      "end": 23.336,
      "score": 0.85,
      "speaker": "SPEAKER_00"
    },
    {
      "word": "so",
      "start": 23.676,
      "end": 23.777,
      "score": 0.855,
      "speaker": "SPEAKER_00"
    },
    {
      "word": "that",
      "start": 23.797,
      "end": 23.917,
      "score": 0.757,
      "speaker": "SPEAKER_00"
    },
    {
      "word": "you",
      "start": 23.937,
      "end": 24.037,
      "score": 0.811,
      "speaker": "SPEAKER_00"
    },
    {
      "word": "can",
      "start": 24.077,
      "end": 24.197,
      "score": 0.888,
      "speaker": "SPEAKER_00"
    },
    {
      "word": "comfortably",
      "start": 24.237,
      "end": 24.717,
      "score": 0.94,
      "speaker": "SPEAKER_00"
    },
    {
      "word": "control",
      "start": 24.777,
      "end": 25.078,
      "score": 0.873,
      "speaker": "SPEAKER_00"
    },
    {
      "word": "the",
      "start": 25.118,
      "end": 25.198,
      "score": 0.792,
      "speaker": "SPEAKER_00"
    },
    {
      "word": "steering",
      "start": 25.238,
      "end": 25.578,
      "score": 0.886,
      "speaker": "SPEAKER_00"
    },
    {
      "word": "wheel",
      "start": 25.638,
      "end": 25.818,
      "score": 0.292,
      "speaker": "SPEAKER_00"
    },
    {
      "word": "and",
      "start": 25.958,
      "end": 26.058,
      "score": 0.809,
      "speaker": "SPEAKER_00"
    },
    {
      "word": "controls",
      "start": 26.118,
      "end": 26.559,
      "score": 0.785,
      "speaker": "SPEAKER_00"
    },
    {
      "word": "on",
      "start": 26.599,
      "end": 26.659,
      "score": 0.328,
      "speaker": "SPEAKER_00"
    },
    {
      "word": "the",
      "start": 26.679,
      "end": 26.739,
      "score": 0.077,
      "speaker": "SPEAKER_00"
    },
    {
      "word": "instrument",
      "start": 26.779,
      "end": 27.119,
      "score": 0.868,
      "speaker": "SPEAKER_00"
    },
    {
      "word": "panel.",
      "start": 27.159,
      "end": 27.46,
      "score": 0.937,
      "speaker": "SPEAKER_00"
    },
    {
      "word": "Now",
      "start": 28.26,
      "end": 28.42,
      "score": 0.911,
      "speaker": "SPEAKER_00"
    },
    {
      "word": "let's",
      "start": 28.44,
      "end": 28.74,
      "score": 0.317,
      "speaker": "SPEAKER_00"
    },
    {
      "word": "review",
      "start": 28.8,
      "end": 29.18,
      "score": 0.848,
      "speaker": "SPEAKER_00"
    },
    {
      "word": "the",
      "start": 29.201,
      "end": 29.381,
      "score": 0.356,
      "speaker": "SPEAKER_00"
    },
    {
      "word": "various",
      "start": 29.401,
      "end": 29.781,
      "score": 0.812,
      "speaker": "SPEAKER_00"
    },
    {
      "word": "seat",
      "start": 29.801,
      "end": 30.001,
      "score": 0.92,
      "speaker": "SPEAKER_00"
    },
    {
      "word": "controls.",
      "start": 30.041,
      "end": 30.521,
      "score": 0.851,
      "speaker": "SPEAKER_00"
    },
    {
      "word": "To",
      "start": 31.121,
      "end": 31.201,
      "score": 0.89,
      "speaker": "SPEAKER_00"
    },
    {
      "word": "move",
      "start": 31.261,
      "end": 31.462,
      "score": 0.84,
      "speaker": "SPEAKER_00"
    },
    {
      "word": "the",
      "start": 31.502,
      "end": 31.582,
      "score": 0.974,
      "speaker": "SPEAKER_00"
    },
    {
      "word": "seat",
      "start": 31.622,
      "end": 31.822,
      "score": 0.955,
      "speaker": "SPEAKER_00"
    },
    {
      "word": "forward",
      "start": 31.902,
      "end": 32.382,
      "score": 0.94,
      "speaker": "SPEAKER_00"
    },
    {
      "word": "or",
      "start": 32.522,
      "end": 32.642,
      "score": 0.733,
      "speaker": "SPEAKER_00"
    },
    {
      "word": "rearward,",
      "start": 32.722,
      "end": 33.222,
      "score": 0.869,
      "speaker": "SPEAKER_00"
    },
    {
      "word": "push",
      "start": 33.542,
      "end": 33.783,
      "score": 0.86,
      "speaker": "SPEAKER_00"
    },
    {
      "word": "the",
      "start": 33.823,
      "end": 33.903,
      "score": 0.851,
      "speaker": "SPEAKER_00"
    },
    {
      "word": "control",
      "start": 33.963,
      "end": 34.383,
      "score": 0.718,
      "speaker": "SPEAKER_00"
    },
    {
      "word": "switch",
      "start": 34.403,
      "end": 34.723,
      "score": 0.773,
      "speaker": "SPEAKER_00"
    },
    {
      "word": "forward",
      "start": 35.263,
      "end": 35.783,
      "score": 0.931,
      "speaker": "SPEAKER_00"
    },
    {
      "word": "or",
      "start": 35.924,
      "end": 36.024,
      "score": 0.668,
      "speaker": "SPEAKER_00"
    },
    {
      "word": "rearward.",
      "start": 36.104,
      "end": 36.604,
      "score": 0.886,
      "speaker": "SPEAKER_00"
    },
    {
      "word": "Release",
      "start": 37.284,
      "end": 37.664,
      "score": 0.789,
      "speaker": "SPEAKER_00"
    },
    {
      "word": "the",
      "start": 37.704,
      "end": 37.804,
      "score": 0.842,
      "speaker": "SPEAKER_00"
    },
    {
      "word": "switch",
      "start": 37.824,
      "end": 38.105,
      "score": 0.933,
      "speaker": "SPEAKER_00"
    },
    {
      "word": "once",
      "start": 38.225,
      "end": 38.385,
      "score": 0.904,
      "speaker": "SPEAKER_00"
    },
    {
      "word": "the",
      "start": 38.445,
      "end": 38.545,
      "score": 0.858,
      "speaker": "SPEAKER_00"
    },
    {
      "word": "seat",
      "start": 38.585,
      "end": 38.805,
      "score": 0.876,
      "speaker": "SPEAKER_00"
    },
    {
      "word": "is",
      "start": 38.905,
      "end": 38.965,
      "score": 0.928,
      "speaker": "SPEAKER_00"
    },
    {
      "word": "in",
      "start": 39.025,
      "end": 39.085,
      "score": 0.749,
      "speaker": "SPEAKER_00"
    },
    {
      "word": "your",
      "start": 39.105,
      "end": 39.265,
      "score": 0.713,
      "speaker": "SPEAKER_00"
    },
    {
      "word": "desired",
      "start": 39.305,
      "end": 39.665,
      "score": 0.936,
      "speaker": "SPEAKER_00"
    },
    {
      "word": "position.",
      "start": 39.685,
      "end": 40.165,
      "score": 0.912,
      "speaker": "SPEAKER_00"
    },
    {
      "word": "To",
      "start": 41.146,
      "end": 41.246,
      "score": 0.76,
      "speaker": "SPEAKER_00"
    },
    {
      "word": "recline",
      "start": 41.286,
      "end": 41.706,
      "score": 0.961,
      "speaker": "SPEAKER_00"
    },
    {
      "word": "the",
      "start": 41.746,
      "end": 41.826,
      "score": 0.971,
      "speaker": "SPEAKER_00"
    },
    {
      "word": "seat",
      "start": 41.866,
      "end": 42.066,
      "score": 0.983,
      "speaker": "SPEAKER_00"
    },
    {
      "word": "back,",
      "start": 42.126,
      "end": 42.526,
      "score": 0.889,
      "speaker": "SPEAKER_00"
    },
    {
      "word": "push",
      "start": 42.767,
      "end": 42.987,
      "score": 0.875,
      "speaker": "SPEAKER_00"
    },
    {
      "word": "the",
      "start": 43.027,
      "end": 43.107,
      "score": 0.831,
      "speaker": "SPEAKER_00"
    },
    {
      "word": "control",
      "start": 43.147,
      "end": 43.527,
      "score": 0.781,
      "speaker": "SPEAKER_00"
    },
    {
      "word": "switch",
      "start": 43.547,
      "end": 43.807,
      "score": 0.77,
      "speaker": "SPEAKER_00"
    },
    {
      "word": "forward",
      "start": 43.967,
      "end": 44.487,
      "score": 0.922,
      "speaker": "SPEAKER_00"
    },
    {
      "word": "or",
      "start": 45.468,
      "end": 45.568,
      "score": 0.596,
      "speaker": "SPEAKER_00"
    },
    {
      "word": "rearward,",
      "start": 45.648,
      "end": 46.128,
      "score": 0.772,
      "speaker": "SPEAKER_00"
    },
    {
      "word": "releasing",
      "start": 46.728,
      "end": 47.109,
      "score": 0.813,
      "speaker": "SPEAKER_00"
    },
    {
      "word": "the",
      "start": 47.149,
      "end": 47.229,
      "score": 0.753,
      "speaker": "SPEAKER_00"
    },
    {
      "word": "switch",
      "start": 47.269,
      "end": 47.549,
      "score": 0.876,
      "speaker": "SPEAKER_00"
    },
    {
      "word": "once",
      "start": 47.669,
      "end": 47.829,
      "score": 0.817,
      "speaker": "SPEAKER_00"
    },
    {
      "word": "the",
      "start": 47.869,
      "end": 47.969,
      "score": 0.859,
      "speaker": "SPEAKER_00"
    },
    {
      "word": "seat",
      "start": 47.989,
      "end": 48.169,
      "score": 0.99,
      "speaker": "SPEAKER_00"
    },
    {
      "word": "back",
      "start": 48.209,
      "end": 48.409,
      "score": 0.988,
      "speaker": "SPEAKER_00"
    },
    {
      "word": "reaches",
      "start": 48.449,
      "end": 48.729,
      "score": 0.954,
      "speaker": "SPEAKER_00"
    },
    {
      "word": "your",
      "start": 48.749,
      "end": 48.869,
      "score": 0.924,
      "speaker": "SPEAKER_00"
    },
    {
      "word": "desired",
      "start": 48.909,
      "end": 49.229,
      "score": 0.862,
      "speaker": "SPEAKER_00"
    },
    {
      "word": "position.",
      "start": 49.27,
      "end": 49.67,
      "score": 0.873,
      "speaker": "SPEAKER_00"
    },
    {
      "word": "To",
      "start": 50.69,
      "end": 50.81,
      "score": 0.836,
      "speaker": "SPEAKER_00"
    },
    {
      "word": "change",
      "start": 50.85,
      "end": 51.17,
      "score": 0.888,
      "speaker": "SPEAKER_00"
    },
    {
      "word": "the",
      "start": 51.231,
      "end": 51.331,
      "score": 0.831,
      "speaker": "SPEAKER_00"
    },
    {
      "word": "height",
      "start": 51.391,
      "end": 51.651,
      "score": 0.699,
      "speaker": "SPEAKER_00"
    },
    {
      "word": "of",
      "start": 51.751,
      "end": 51.831,
      "score": 0.804,
      "speaker": "SPEAKER_00"
    },
    {
      "word": "the",
      "start": 51.871,
      "end": 51.971,
      "score": 0.822,
      "speaker": "SPEAKER_00"
    },
    {
      "word": "seat",
      "start": 52.011,
      "end": 52.191,
      "score": 0.914,
      "speaker": "SPEAKER_00"
    },
    {
      "word": "cushion,",
      "start": 52.231,
      "end": 52.631,
      "score": 0.732,
      "speaker": "SPEAKER_00"
    },
    {
      "word": "pull",
      "start": 53.072,
      "end": 53.292,
      "score": 0.987,
      "speaker": "SPEAKER_00"
    },
    {
      "word": "up",
      "start": 53.392,
      "end": 53.492,
      "score": 0.674,
      "speaker": "SPEAKER_00"
    },
    {
      "word": "on",
      "start": 53.652,
      "end": 53.732,
      "score": 0.826,
      "speaker": "SPEAKER_00"
    },
    {
      "word": "the",
      "start": 53.752,
      "end": 53.832,
      "score": 0.828,
      "speaker": "SPEAKER_00"
    },
    {
      "word": "front",
      "start": 53.872,
      "end": 54.092,
      "score": 0.62,
      "speaker": "SPEAKER_00"
    },
    {
      "word": "portion",
      "start": 54.152,
      "end": 54.512,
      "score": 0.899,
      "speaker": "SPEAKER_00"
    },
    {
      "word": "of",
      "start": 54.592,
      "end": 54.673,
      "score": 0.812,
      "speaker": "SPEAKER_00"
    },
    {
      "word": "the",
      "start": 54.713,
      "end": 54.793,
      "score": 0.83,
      "speaker": "SPEAKER_00"
    },
    {
      "word": "control",
      "start": 54.833,
      "end": 55.293,
      "score": 0.805,
      "speaker": "SPEAKER_00"
    },
    {
      "word": "switch",
      "start": 55.333,
      "end": 55.633,
      "score": 0.901,
      "speaker": "SPEAKER_00"
    },
    {
      "word": "to",
      "start": 55.793,
      "end": 55.913,
      "score": 0.922,
      "speaker": "SPEAKER_00"
    },
    {
      "word": "raise",
      "start": 55.973,
      "end": 56.253,
      "score": 0.901,
      "speaker": "SPEAKER_00"
    },
    {
      "word": "the",
      "start": 56.293,
      "end": 56.374,
      "score": 0.852,
      "speaker": "SPEAKER_00"
    },
    {
      "word": "front",
      "start": 56.414,
      "end": 56.654,
      "score": 0.777,
      "speaker": "SPEAKER_00"
    },
    {
      "word": "part",
      "start": 56.694,
      "end": 56.874,
      "score": 0.875,
      "speaker": "SPEAKER_00"
    },
    {
      "word": "of",
      "start": 56.894,
      "end": 56.954,
      "score": 0.874,
      "speaker": "SPEAKER_00"
    },
    {
      "word": "the",
      "start": 56.994,
      "end": 57.074,
      "score": 0.83,
      "speaker": "SPEAKER_00"
    },
    {
      "word": "seat",
      "start": 57.094,
      "end": 57.274,
      "score": 0.996,
      "speaker": "SPEAKER_00"
    },
    {
      "word": "cushion,",
      "start": 57.314,
      "end": 57.674,
      "score": 0.679,
      "speaker": "SPEAKER_00"
    },
    {
      "word": "or",
      "start": 58.435,
      "end": 58.575,
      "score": 0.603,
      "speaker": "SPEAKER_00"
    },
    {
      "word": "push",
      "start": 58.655,
      "end": 58.895,
      "score": 0.756,
      "speaker": "SPEAKER_00"
    },
    {
      "word": "down",
      "start": 58.975,
      "end": 59.275,
      "score": 0.809,
      "speaker": "SPEAKER_00"
    },
    {
      "word": "to",
      "start": 59.535,
      "end": 59.655,
      "score": 0.836,
      "speaker": "SPEAKER_00"
    },
    {
      "word": "lower",
      "start": 59.715,
      "end": 59.976,
      "score": 0.832,
      "speaker": "SPEAKER_00"
    },
    {
      "word": "the",
      "start": 60.016,
      "end": 60.096,
      "score": 0.832,
      "speaker": "SPEAKER_00"
    },
    {
      "word": "front",
      "start": 60.116,
      "end": 60.296,
      "score": 0.821,
      "speaker": "SPEAKER_00"
    },
    {
      "word": "part",
      "start": 60.336,
      "end": 60.516,
      "score": 0.806,
      "speaker": "SPEAKER_00"
    },
    {
      "word": "of",
      "start": 60.536,
      "end": 60.596,
      "score": 0.76,
      "speaker": "SPEAKER_00"
    },
    {
      "word": "the",
      "start": 60.636,
      "end": 60.716,
      "score": 0.831,
      "speaker": "SPEAKER_00"
    },
    {
      "word": "seat",
      "start": 60.736,
      "end": 60.916,
      "score": 0.902,
      "speaker": "SPEAKER_00"
    },
    {
      "word": "cushion.",
      "start": 60.936,
      "end": 61.276,
      "score": 0.761,
      "speaker": "SPEAKER_00"
    },
    {
      "word": "You",
      "start": 61.296,
      "end": 62.177,
      "score": 0.532,
      "speaker": "SPEAKER_00"
    },
    {
      "word": "can",
      "start": 62.197,
      "end": 62.317,
      "score": 0.658,
      "speaker": "SPEAKER_00"
    },
    {
      "word": "also",
      "start": 62.417,
      "end": 62.717,
      "score": 0.75,
      "speaker": "SPEAKER_00"
    },
    {
      "word": "pull",
      "start": 62.757,
      "end": 62.977,
      "score": 0.909,
      "speaker": "SPEAKER_00"
    },
    {
      "word": "up",
      "start": 63.077,
      "end": 63.178,
      "score": 0.805,
      "speaker": "SPEAKER_00"
    },
    {
      "word": "on",
      "start": 63.258,
      "end": 63.338,
      "score": 0.832,
      "speaker": "SPEAKER_00"
    },
    {
      "word": "the",
      "start": 63.358,
      "end": 63.438,
      "score": 0.876,
      "speaker": "SPEAKER_00"
    },
    {
      "word": "rear",
      "start": 63.518,
      "end": 63.738,
      "score": 0.933,
      "speaker": "SPEAKER_00"
    },
    {
      "word": "portion",
      "start": 63.798,
      "end": 64.178,
      "score": 0.88,
      "speaker": "SPEAKER_00"
    },
    {
      "word": "of",
      "start": 64.218,
      "end": 64.278,
      "score": 0.75,
      "speaker": "SPEAKER_00"
    },
    {
      "word": "the",
      "start": 64.318,
      "end": 64.398,
      "score": 0.829,
      "speaker": "SPEAKER_00"
    },
    {
      "word": "control",
      "start": 64.438,
      "end": 64.838,
      "score": 0.802,
      "speaker": "SPEAKER_00"
    },
    {
      "word": "switch",
      "start": 64.879,
      "end": 65.179,
      "score": 0.903,
      "speaker": "SPEAKER_00"
    },
    {
      "word": "to",
      "start": 65.279,
      "end": 65.399,
      "score": 0.853,
      "speaker": "SPEAKER_00"
    },
    {
      "word": "raise",
      "start": 65.479,
      "end": 65.799,
      "score": 0.836,
      "speaker": "SPEAKER_00"
    },
    {
      "word": "or",
      "start": 66.099,
      "end": 66.219,
      "score": 0.493,
      "speaker": "SPEAKER_00"
    },
    {
      "word": "push",
      "start": 66.279,
      "end": 66.499,
      "score": 0.737,
      "speaker": "SPEAKER_00"
    },
    {
      "word": "down",
      "start": 66.539,
      "end": 66.84,
      "score": 0.874,
      "speaker": "SPEAKER_00"
    },
    {
      "word": "to",
      "start": 67.1,
      "end": 67.22,
      "score": 0.627,
      "speaker": "SPEAKER_00"
    },
    {
      "word": "lower",
      "start": 67.28,
      "end": 67.52,
      "score": 0.888,
      "speaker": "SPEAKER_00"
    },
    {
      "word": "the",
      "start": 67.54,
      "end": 67.62,
      "score": 0.842,
      "speaker": "SPEAKER_00"
    },
    {
      "word": "entire",
      "start": 67.68,
      "end": 68.06,
      "score": 0.887,
      "speaker": "SPEAKER_00"
    },
    {
      "word": "seat.",
      "start": 68.14,
      "end": 68.361,
      "score": 0.96,
      "speaker": "SPEAKER_00"
    },
    {
      "word": "Here",
      "start": 69.361,
      "end": 69.501,
      "score": 0.827,
      "speaker": "SPEAKER_00"
    },
    {
      "word": "are",
      "start": 69.541,
      "end": 69.681,
      "score": 0.416,
      "speaker": "SPEAKER_00"
    },
    {
      "word": "two",
      "start": 69.761,
      "end": 69.961,
      "score": 0.893,
      "speaker": "SPEAKER_00"
    },
    {
      "word": "types",
      "start": 70.021,
      "end": 70.322,
      "score": 0.802,
      "speaker": "SPEAKER_00"
    },
    {
      "word": "of",
      "start": 70.422,
      "end": 70.502,
      "score": 0.834,
      "speaker": "SPEAKER_00"
    },
    {
      "word": "lumbar",
      "start": 70.562,
      "end": 70.922,
      "score": 0.835,
      "speaker": "SPEAKER_00"
    },
    {
      "word": "adjusters",
      "start": 70.962,
      "end": 71.522,
      "score": 0.73,
      "speaker": "SPEAKER_00"
    },
    {
      "word": "on",
      "start": 71.682,
      "end": 71.782,
      "score": 0.828,
      "speaker": "SPEAKER_00"
    },
    {
      "word": "the",
      "start": 71.802,
      "end": 71.902,
      "score": 0.813,
      "speaker": "SPEAKER_00"
    },
    {
      "word": "Sonata.",
      "start": 71.922,
      "end": 72.402,
      "score": 0.83,
      "speaker": "SPEAKER_00"
    },
    {
      "word": "If",
      "start": 73.203,
      "end": 73.263,
      "score": 0.998,
      "speaker": "SPEAKER_00"
    },
    {
      "word": "your",
      "start": 73.303,
      "end": 73.483,
      "score": 0.78,
      "speaker": "SPEAKER_00"
    },
    {
      "word": "Sonata",
      "start": 73.523,
      "end": 73.943,
      "score": 0.86,
      "speaker": "SPEAKER_00"
    },
    {
      "word": "has",
      "start": 73.963,
      "end": 74.143,
      "score": 0.723,
      "speaker": "SPEAKER_00"
    },
    {
      "word": "a",
      "start": 74.183,
      "end": 74.223,
      "score": 0.498,
      "speaker": "SPEAKER_00"
    },
    {
      "word": "single",
      "start": 74.283,
      "end": 74.583,
      "score": 0.84,
      "speaker": "SPEAKER_00"
    },
    {
      "word": "switch",
      "start": 74.663,
      "end": 75.023,
      "score": 0.771,
      "speaker": "SPEAKER_00"
    },
    {
      "word": "like",
      "start": 75.124,
      "end": 75.304,
      "score": 0.858,
      "speaker": "SPEAKER_00"
    },
    {
      "word": "this,",
      "start": 75.344,
      "end": 75.564,
      "score": 0.814,
      "speaker": "SPEAKER_00"
    },
    {
      "word": "you",
      "start": 75.924,
      "end": 76.044,
      "score": 0.511,
      "speaker": "SPEAKER_00"
    },
    {
      "word": "can",
      "start": 76.064,
      "end": 76.184,
      "score": 0.973,
      "speaker": "SPEAKER_00"
    },
    {
      "word": "adjust",
      "start": 76.244,
      "end": 76.564,
      "score": 0.916,
      "speaker": "SPEAKER_00"
    },
    {
      "word": "the",
      "start": 76.624,
      "end": 76.724,
      "score": 0.88,
      "speaker": "SPEAKER_00"
    },
    {
      "word": "lumbar",
      "start": 76.764,
      "end": 77.144,
      "score": 0.871,
      "speaker": "SPEAKER_00"
    },
    {
      "word": "support",
      "start": 77.164,
      "end": 77.565,
      "score": 0.864,
      "speaker": "SPEAKER_00"
    },
    {
      "word": "by",
      "start": 77.625,
      "end": 77.725,
      "score": 0.994,
      "speaker": "SPEAKER_00"
    },
    {
      "word": "pressing",
      "start": 77.805,
      "end": 78.125,
      "score": 0.869,
      "speaker": "SPEAKER_00"
    },
    {
      "word": "the",
      "start": 78.165,
      "end": 78.245,
      "score": 0.833,
      "speaker": "SPEAKER_00"
    },
    {
      "word": "front",
      "start": 78.305,
      "end": 78.505,
      "score": 0.967,
      "speaker": "SPEAKER_00"
    },
    {
      "word": "portion",
      "start": 78.565,
      "end": 78.925,
      "score": 0.808,
      "speaker": "SPEAKER_00"
    },
    {
      "word": "of",
      "start": 78.945,
      "end": 79.005,
      "score": 0.867,
      "speaker": "SPEAKER_00"
    },
    {
      "word": "the",
      "start": 79.045,
      "end": 79.165,
      "score": 0.864,
      "speaker": "SPEAKER_00"
    },
    {
      "word": "switch",
      "start": 79.185,
      "end": 79.505,
      "score": 0.95,
      "speaker": "SPEAKER_00"
    },
    {
      "word": "to",
      "start": 79.605,
      "end": 79.705,
      "score": 0.772,
      "speaker": "SPEAKER_00"
    },
    {
      "word": "increase",
      "start": 79.766,
      "end": 80.146,
      "score": 0.886,
      "speaker": "SPEAKER_00"
    },
    {
      "word": "lumbar",
      "start": 80.206,
      "end": 80.566,
      "score": 0.808,
      "speaker": "SPEAKER_00"
    },
    {
      "word": "support,",
      "start": 80.586,
      "end": 81.006,
      "score": 0.908,
      "speaker": "SPEAKER_00"
    },
    {
      "word": "or",
      "start": 81.726,
      "end": 81.846,
      "score": 0.627,
      "speaker": "SPEAKER_00"
    },
    {
      "word": "press",
      "start": 81.966,
      "end": 82.247,
      "score": 0.849,
      "speaker": "SPEAKER_00"
    },
    {
      "word": "the",
      "start": 82.287,
      "end": 82.427,
      "score": 0.898,
      "speaker": "SPEAKER_00"
    },
    {
      "word": "rear",
      "start": 82.547,
      "end": 82.767,
      "score": 0.872,
      "speaker": "SPEAKER_00"
    },
    {
      "word": "portion",
      "start": 82.847,
      "end": 83.267,
      "score": 0.879,
      "speaker": "SPEAKER_00"
    },
    {
      "word": "to",
      "start": 83.447,
      "end": 83.567,
      "score": 0.755,
      "speaker": "SPEAKER_00"
    },
    {
      "word": "decrease",
      "start": 83.627,
      "end": 84.087,
      "score": 0.822,
      "speaker": "SPEAKER_00"
    },
    {
      "word": "lumbar",
      "start": 84.247,
      "end": 84.608,
      "score": 0.78,
      "speaker": "SPEAKER_00"
    },
    {
      "word": "support.",
      "start": 84.628,
      "end": 85.008,
      "score": 0.902,
      "speaker": "SPEAKER_00"
    },
    {
      "word": "Select",
      "start": 85.708,
      "end": 86.028,
      "score": 0.49,
      "speaker": "SPEAKER_00"
    },
    {
      "word": "whatever",
      "start": 86.048,
      "end": 86.348,
      "score": 0.969,
      "speaker": "SPEAKER_00"
    },
    {
      "word": "feels",
      "start": 86.388,
      "end": 86.588,
      "score": 0.743,
      "speaker": "SPEAKER_00"
    },
    {
      "word": "comfortable",
      "start": 86.608,
      "end": 87.049,
      "score": 0.847,
      "speaker": "SPEAKER_00"
    },
    {
      "word": "for",
      "start": 87.089,
      "end": 87.209,
      "score": 0.833,
      "speaker": "SPEAKER_00"
    },
    {
      "word": "you.",
      "start": 87.229,
      "end": 87.349,
      "score": 0.963,
      "speaker": "SPEAKER_00"
    },
    {
      "word": "Other",
      "start": 88.593,
      "end": 88.793,
      "score": 0.931,
      "speaker": "SPEAKER_00"
    },
    {
      "word": "Sonata",
      "start": 88.833,
      "end": 89.293,
      "score": 0.798,
      "speaker": "SPEAKER_00"
    },
    {
      "word": "models",
      "start": 89.333,
      "end": 89.673,
      "score": 0.845,
      "speaker": "SPEAKER_00"
    },
    {
      "word": "feature",
      "start": 89.733,
      "end": 90.054,
      "score": 0.722,
      "speaker": "SPEAKER_00"
    },
    {
      "word": "a",
      "start": 90.114,
      "end": 90.154,
      "score": 0.728,
      "speaker": "SPEAKER_00"
    },
    {
      "word": "four-way",
      "start": 90.214,
      "end": 90.734,
      "score": 0.856,
      "speaker": "SPEAKER_00"
    },
    {
      "word": "switch",
      "start": 90.774,
      "end": 91.094,
      "score": 0.822,
      "speaker": "SPEAKER_00"
    },
    {
      "word": "to",
      "start": 91.154,
      "end": 91.274,
      "score": 0.818,
      "speaker": "SPEAKER_00"
    },
    {
      "word": "adjust",
      "start": 91.314,
      "end": 91.694,
      "score": 0.898,
      "speaker": "SPEAKER_00"
    },
    {
      "word": "lumbar",
      "start": 91.774,
      "end": 92.154,
      "score": 0.85,
      "speaker": "SPEAKER_00"
    },
    {
      "word": "support.",
      "start": 92.174,
      "end": 92.594,
      "score": 0.775,
      "speaker": "SPEAKER_00"
    },
    {
      "word": "With",
      "start": 93.375,
      "end": 93.555,
      "score": 0.947,
      "speaker": "SPEAKER_00"
    },
    {
      "word": "this",
      "start": 93.595,
      "end": 93.775,
      "score": 0.8,
      "speaker": "SPEAKER_00"
    },
    {
      "word": "arrangement,",
      "start": 93.835,
      "end": 94.395,
      "score": 0.889,
      "speaker": "SPEAKER_00"
    },
    {
      "word": "press",
      "start": 94.575,
      "end": 94.875,
      "score": 0.853,
      "speaker": "SPEAKER_00"
    },
    {
      "word": "the",
      "start": 94.935,
      "end": 95.015,
      "score": 0.928,
      "speaker": "SPEAKER_00"
    },
    {
      "word": "front",
      "start": 95.095,
      "end": 95.355,
      "score": 0.923,
      "speaker": "SPEAKER_00"
    },
    {
      "word": "portion",
      "start": 95.415,
      "end": 95.836,
      "score": 0.865,
      "speaker": "SPEAKER_00"
    },
    {
      "word": "of",
      "start": 95.996,
      "end": 96.096,
      "score": 0.75,
      "speaker": "SPEAKER_00"
    },
    {
      "word": "the",
      "start": 96.136,
      "end": 96.236,
      "score": 0.716,
      "speaker": "SPEAKER_00"
    },
    {
      "word": "switch",
      "start": 96.296,
      "end": 96.616,
      "score": 0.94,
      "speaker": "SPEAKER_00"
    },
    {
      "word": "to",
      "start": 96.716,
      "end": 96.836,
      "score": 0.818,
      "speaker": "SPEAKER_00"
    },
    {
      "word": "increase",
      "start": 96.976,
      "end": 97.376,
      "score": 0.848,
      "speaker": "SPEAKER_00"
    },
    {
      "word": "support,",
      "start": 97.396,
      "end": 97.816,
      "score": 0.759,
      "speaker": "SPEAKER_00"
    },
    {
      "word": "or",
      "start": 98.396,
      "end": 98.496,
      "score": 0.858,
      "speaker": "SPEAKER_00"
    },
    {
      "word": "press",
      "start": 98.637,
      "end": 98.897,
      "score": 0.738,
      "speaker": "SPEAKER_00"
    },
    {
      "word": "the",
      "start": 98.937,
      "end": 99.037,
      "score": 0.88,
      "speaker": "SPEAKER_00"
    },
    {
      "word": "rear",
      "start": 99.117,
      "end": 99.357,
      "score": 0.893,
      "speaker": "SPEAKER_00"
    },
    {
      "word": "portion",
      "start": 99.437,
      "end": 99.817,
      "score": 0.876,
      "speaker": "SPEAKER_00"
    },
    {
      "word": "of",
      "start": 99.917,
      "end": 99.977,
      "score": 0.759,
      "speaker": "SPEAKER_00"
    },
    {
      "word": "the",
      "start": 100.037,
      "end": 100.137,
      "score": 0.836,
      "speaker": "SPEAKER_00"
    },
    {
      "word": "switch",
      "start": 100.177,
      "end": 100.497,
      "score": 0.85,
      "speaker": "SPEAKER_00"
    },
    {
      "word": "to",
      "start": 100.717,
      "end": 100.837,
      "score": 0.835,
      "speaker": "SPEAKER_00"
    },
    {
      "word": "decrease",
      "start": 100.917,
      "end": 101.337,
      "score": 0.773,
      "speaker": "SPEAKER_00"
    },
    {
      "word": "lumbar",
      "start": 101.377,
      "end": 101.758,
      "score": 0.823,
      "speaker": "SPEAKER_00"
    },
    {
      "word": "support.",
      "start": 101.778,
      "end": 102.178,
      "score": 0.878,
      "speaker": "SPEAKER_00"
    },
    {
      "word": "Pressing",
      "start": 102.758,
      "end": 103.098,
      "score": 0.868,
      "speaker": "SPEAKER_00"
    },
    {
      "word": "the",
      "start": 103.138,
      "end": 103.218,
      "score": 0.836,
      "speaker": "SPEAKER_00"
    },
    {
      "word": "top",
      "start": 103.258,
      "end": 103.518,
      "score": 0.873,
      "speaker": "SPEAKER_00"
    },
    {
      "word": "of",
      "start": 103.558,
      "end": 103.638,
      "score": 0.885,
      "speaker": "SPEAKER_00"
    },
    {
      "word": "the",
      "start": 103.678,
      "end": 103.758,
      "score": 0.77,
      "speaker": "SPEAKER_00"
    },
    {
      "word": "switch",
      "start": 103.818,
      "end": 104.178,
      "score": 0.938,
      "speaker": "SPEAKER_00"
    },
    {
      "word": "moves",
      "start": 104.278,
      "end": 104.579,
      "score": 0.785,
      "speaker": "SPEAKER_00"
    },
    {
      "word": "the",
      "start": 104.619,
      "end": 104.719,
      "score": 0.794,
      "speaker": "SPEAKER_00"
    },
    {
      "word": "support",
      "start": 104.779,
      "end": 105.159,
      "score": 0.877,
      "speaker": "SPEAKER_00"
    },
    {
      "word": "position",
      "start": 105.199,
      "end": 105.659,
      "score": 0.817,
      "speaker": "SPEAKER_00"
    },
    {
      "word": "higher",
      "start": 105.739,
      "end": 106.039,
      "score": 0.824,
      "speaker": "SPEAKER_00"
    },
    {
      "word": "in",
      "start": 106.099,
      "end": 106.159,
      "score": 0.742,
      "speaker": "SPEAKER_00"
    },
    {
      "word": "the",
      "start": 106.179,
      "end": 106.259,
      "score": 0.822,
      "speaker": "SPEAKER_00"
    },
    {
      "word": "seat,",
      "start": 106.319,
      "end": 106.599,
      "score": 0.873,
      "speaker": "SPEAKER_00"
    },
    {
      "word": "while",
      "start": 106.879,
      "end": 107.059,
      "score": 0.939,
      "speaker": "SPEAKER_00"
    },
    {
      "word": "pushing",
      "start": 107.119,
      "end": 107.42,
      "score": 0.864,
      "speaker": "SPEAKER_00"
    },
    {
      "word": "the",
      "start": 107.46,
      "end": 107.54,
      "score": 0.913,
      "speaker": "SPEAKER_00"
    },
    {
      "word": "lower",
      "start": 107.6,
      "end": 107.86,
      "score": 0.753,
      "speaker": "SPEAKER_00"
    },
    {
      "word": "portion",
      "start": 107.94,
      "end": 108.38,
      "score": 0.853,
      "speaker": "SPEAKER_00"
    },
    {
      "word": "of",
      "start": 108.5,
      "end": 108.58,
      "score": 0.837,
      "speaker": "SPEAKER_00"
    },
    {
      "word": "the",
      "start": 108.6,
      "end": 108.7,
      "score": 0.808,
      "speaker": "SPEAKER_00"
    },
    {
      "word": "switch",
      "start": 108.74,
      "end": 109.14,
      "score": 0.825,
      "speaker": "SPEAKER_00"
    },
    {
      "word": "lowers",
      "start": 109.32,
      "end": 109.66,
      "score": 0.784,
      "speaker": "SPEAKER_00"
    },
    {
      "word": "the",
      "start": 109.72,
      "end": 109.84,
      "score": 0.862,
      "speaker": "SPEAKER_00"
    },
    {
      "word": "lumbar",
      "start": 109.86,
      "end": 110.301,
      "score": 0.892,
      "speaker": "SPEAKER_00"
    },
    {
      "word": "support",
      "start": 110.521,
      "end": 110.861,
      "score": 0.963,
      "speaker": "SPEAKER_00"
    },
    {
      "word": "position.",
      "start": 110.901,
      "end": 111.301,
      "score": 0.935,
      "speaker": "SPEAKER_00"
    }
  ],
  "language": "en"
}